-0.00033563,-0.0076636,-4.0862e-05
-0.00039154,-0.0083565,-4.2337e-05
-0.0004532,-0.0090837,-4.3659e-05
-0.00052138,-0.0098445,-4.481e-05
-0.00059581,-0.010638,-4.5805e-05
-0.00067807,-0.011463,-4.6601e-05
-0.00079104,-0.012359,-4.7189e-05
-0.00091346,-0.013284,-4.7557e-05
-0.0010478,-0.01424,-4.77e-05
-0.0011943,-0.015224,-4.7611e-05
-0.0013545,-0.016236,-4.7287e-05
-0.0015293,-0.017231,-4.6728e-05
-0.0017199,-0.018251,-4.5931e-05
-0.0019278,-0.019338,-4.4902e-05
-0.0021534,-0.020445,-4.3644e-05
-0.0023975,-0.02157,-4.2162e-05
-0.0027051,-0.022668,-4.0466e-05
-0.0030333,-0.023781,-3.8566e-05
-0.0033399,-0.024947,-3.6473e-05
-0.0036705,-0.026122,-3.42e-05
-0.0040692,-0.027302,-3.179e-05
-0.0044926,-0.028485,-2.9232e-05
-0.0049869,-0.029626,-2.6545e-05
-0.00551,-0.030766,-2.3749e-05
-0.0060652,-0.0319,-2.0863e-05
-0.0066114,-0.033069,-1.7911e-05
-0.0071942,-0.034226,-1.4913e-05
-0.0078137,-0.035324,-1.1893e-05
-0.0084704,-0.036404,-8.8715e-06
-0.0092511,-0.037464,-5.8381e-06
-0.01007,-0.038499,-2.8476e-06
-0.010932,-0.039506,7.9796e-08
-0.011796,-0.040485,3.422e-06
-0.012706,-0.04143,6.6756e-06
-0.013707,-0.042383,9.7692e-06
-0.014756,-0.043299,1.2784e-05
-0.015899,-0.044178,1.5801e-05
-0.017094,-0.04502,1.8749e-05
-0.018343,-0.045826,2.1636e-05
-0.019649,-0.046552,2.4643e-05
-0.021014,-0.047221,2.7616e-05
-0.022438,-0.047851,3.1679e-05
-0.023923,-0.048452,3.6457e-05
-0.025469,-0.049014,4.1381e-05
-0.027119,-0.049529,4.6754e-05
-0.028832,-0.050003,5.2462e-05
-0.030612,-0.050439,6.0042e-05
-0.032454,-0.050835,6.8189e-05
-0.034407,-0.051193,7.5577e-05
-0.036426,-0.051489,8.3833e-05
-0.038511,-0.051747,9.3043e-05
-0.040664,-0.051966,0.00010461
-0.042883,-0.052149,0.00011731
-0.045215,-0.052295,0.00013492
-0.047615,-0.052406,0.00015384
-0.050124,-0.052483,0.00017082
-0.052703,-0.052529,0.00018969
-0.055353,-0.052545,0.00021049
-0.058029,-0.052489,0.00023703
-0.060777,-0.052405,0.0002657
-0.063641,-0.052295,0.00029675
-0.066572,-0.052205,0.00033013
-0.069605,-0.052048,0.00036598
-0.072701,-0.051825,0.00040461
-0.075862,-0.051581,0.00044611
-0.079137,-0.051316,0.00049068
-0.082476,-0.051029,0.00053826
-0.085878,-0.05072,0.00059626
-0.089337,-0.050387,0.00065749
-0.092861,-0.050076,0.00072234
-0.096438,-0.049747,0.00079107
-0.10012,-0.049356,0.00087143
-0.10386,-0.048948,0.0009564
-0.10765,-0.048524,0.0010465
-0.11154,-0.048085,0.0011422
-0.11548,-0.047632,0.0012441
-0.11948,-0.047144,0.0013453
-0.1235,-0.046601,0.0014532
-0.12758,-0.046065,0.0015754
-0.1317,-0.045511,0.0017044
-0.13587,-0.04494,0.0018406
-0.14012,-0.044323,0.001984
-0.1444,-0.043733,0.0021348
-0.14873,-0.043119,0.0023006
-0.15309,-0.042443,0.0024742
-0.15751,-0.041745,0.002655
-0.16197,-0.041027,0.0028441
-0.16641,-0.040332,0.0030414
-0.17087,-0.039612,0.0032474
-0.17541,-0.038827,0.0034618
-0.17997,-0.038017,0.0036846
-0.1845,-0.037183,0.0039157
-0.18909,-0.036321,0.0041622
-0.19364,-0.035479,0.0044167
-0.1982,-0.034615,0.0046792
-0.20277,-0.033717,0.0049501
-0.20738,-0.032753,0.0052289
-0.21202,-0.031774,0.0055079
-0.21667,-0.030818,0.0057943
-0.22131,-0.029834,0.0060952
-0.22586,-0.028832,0.0064023
-0.2304,-0.027814,0.0067155
-0.23497,-0.02678,0.0070342
-0.23957,-0.025733,0.0073575
-0.24416,-0.024675,0.0076854
-0.24869,-0.023563,0.0080174
-0.2532,-0.022441,0.0083528
-0.25766,-0.02131,0.0086911
-0.26209,-0.02017,0.0090316
-0.26655,-0.019022,0.0093811
-0.27098,-0.017912,0.0097314
-0.27541,-0.016797,0.010089
-0.27983,-0.015682,0.010446
-0.28422,-0.014568,0.010804
-0.2886,-0.013435,0.011154
-0.29291,-0.01231,0.011505
-0.29726,-0.011214,0.011855
-0.30159,-0.010127,0.012203
-0.30589,-0.0090519,0.012549
-0.31013,-0.0079913,0.012895
-0.31436,-0.0069476,0.013238
-0.31859,-0.0059229,0.013587
-0.3228,-0.004919,0.013932
-0.32705,-0.0039378,0.014274
-0.33125,-0.0029807,0.01461
-0.33544,-0.0020494,0.014935
-0.33958,-0.0011456,0.01526
-0.34371,-0.00026985,0.015582
-0.34788,0.00057701,0.0159
-0.35209,0.0013946,0.01621
-0.3563,0.0021816,0.016523
-0.36046,0.0029394,0.016832
-0.36462,0.0036609,0.017135
-0.36875,0.0043062,0.017435
-0.37288,0.0049192,0.01773
-0.37706,0.0055057,0.01802
-0.38119,0.0060578,0.018307
-0.38528,0.0065743,0.018597
-0.38936,0.0070547,0.018876
-0.39348,0.0074915,0.019149
-0.39759,0.0079376,0.019418
-0.4017,0.0083508,0.019685
-0.40577,0.0086958,0.019944
-0.40982,0.0090103,0.0202
-0.4139,0.0092955,0.020454
-0.41793,0.0095526,0.020704
-0.42198,0.0097837,0.020952
-0.42601,0.009968,0.021205
-0.43003,0.010129,0.021456
-0.43402,0.010279,0.021698
-0.43799,0.010409,0.021938
-0.44199,0.010521,0.022177
-0.44594,0.010588,0.022416
-0.44987,0.010642,0.022653
-0.45378,0.010676,0.022882
-0.45768,0.010696,0.02311
-0.46152,0.0107,0.023344
-0.46536,0.010693,0.023578
-0.46923,0.010675,0.023803
-0.47307,0.010643,0.024027
-0.47691,0.010603,0.02425
-0.48073,0.010551,0.024473
-0.48454,0.010493,0.024694
-0.48831,0.010424,0.024914
-0.49208,0.010351,0.025132
-0.49583,0.01027,0.025341
-0.49956,0.010175,0.025548
-0.50333,0.01008,0.025759
-0.50705,0.0099894,0.025976
-0.51077,0.0098966,0.026191
-0.51448,0.0097947,0.026397
-0.51819,0.0096916,0.026601
-0.52184,0.0095876,0.026804
-0.52545,0.0094833,0.027004
-0.52908,0.0093789,0.027203
-0.53271,0.0092748,0.027401
-0.53631,0.0091716,0.027597
-0.53994,0.0090696,0.027798
-0.54354,0.0089691,0.027998
-0.54712,0.0088705,0.02819
-0.55063,0.0087742,0.028374
-0.5541,0.008688,0.028565
-0.55751,0.0086051,0.028749
-0.5609,0.008526,0.028931
-0.56429,0.0084439,0.029104
-0.56763,0.0083439,0.029282
-0.57094,0.0082549,0.029466
-0.57417,0.0081916,0.029648
-0.57736,0.0081321,0.029837
-0.58051,0.008077,0.030025
-0.58362,0.0080267,0.030212
-0.58667,0.0079813,0.030394
-0.58966,0.0079414,0.030569
-0.59259,0.0079076,0.030742
-0.59541,0.00788,0.030915
-0.59824,0.0078812,0.031097
-0.60102,0.0078896,0.031286
-0.60373,0.0079063,0.031477
-0.60632,0.0079318,0.031668
-0.6088,0.0079679,0.031862
-0.6113,0.0079934,0.032057
-0.61372,0.0080315,0.032248
-0.61608,0.0081035,0.032443
-0.61837,0.0081938,0.032642
-0.62061,0.008297,0.032844
-0.62276,0.0084142,0.033042
-0.6248,0.0085381,0.033244
-0.62683,0.0086762,0.033455
-0.62883,0.0088288,0.033661
-0.63079,0.0089962,0.033869
-0.63267,0.0091859,0.034082
-0.63451,0.0093904,0.034297
-0.63631,0.0096099,0.03452
-0.63805,0.0098367,0.034741
-0.63976,0.010078,0.034955
-0.6414,0.010332,0.03517
-0.64302,0.010599,0.035384
-0.64458,0.010877,0.035597
-0.6461,0.011166,0.035809
-0.64759,0.011465,0.036021
-0.64905,0.011784,0.036232
-0.65048,0.012111,0.03644
-0.65184,0.012446,0.036645
-0.65317,0.012787,0.036846
-0.65449,0.01313,0.037052
-0.65578,0.013478,0.037255
-0.65705,0.013829,0.037446
-0.65829,0.014182,0.037626
-0.6595,0.01458,0.037802
-0.66064,0.01498,0.03798
-0.66175,0.015381,0.038153
-0.66281,0.01574,0.038327
-0.66384,0.016102,0.038496
-0.66486,0.01651,0.038654
-0.66585,0.01692,0.0388
-0.66679,0.017288,0.03894
-0.66771,0.01766,0.039083
-0.6686,0.018033,0.03922
-0.66945,0.018446,0.039353
-0.67026,0.018859,0.039481
-0.67096,0.019273,0.039596
-0.67162,0.019687,0.039706
-0.6722,0.020105,0.03982
-0.67279,0.020525,0.039929
-0.67334,0.020949,0.040033
-0.67387,0.021333,0.040133
-0.67436,0.02172,0.04023
-0.67476,0.022155,0.040324
-0.67508,0.022591,0.040408
-0.67532,0.023032,0.040491
-0.67551,0.023477,0.040579
-0.67565,0.023927,0.040666
-0.67575,0.024372,0.040743
-0.67579,0.024823,0.04082
-0.67582,0.025282,0.04089
-0.67575,0.025753,0.040969
-0.67563,0.026231,0.041047
-0.67544,0.02666,0.041123
-0.6752,0.027094,0.041199
-0.67486,0.027576,0.041268
-0.67446,0.02806,0.041337
-0.67401,0.028544,0.041406
-0.67351,0.029031,0.04148
-0.67295,0.029519,0.041554
-0.67235,0.030007,0.041639
-0.67171,0.030497,0.041724
-0.67091,0.031007,0.041801
-0.67006,0.031518,0.04188
-0.66917,0.031986,0.041953
-0.6683,0.032455,0.042029
-0.66733,0.032922,0.042106
-0.66625,0.03341,0.042184
-0.66513,0.033896,0.042264
-0.66395,0.034357,0.042348
-0.66272,0.034813,0.042434
-0.66145,0.035265,0.042513
-0.66015,0.035711,0.0426
-0.65882,0.03615,0.042695
-0.65741,0.036581,0.042785
-0.65595,0.037003,0.042876
-0.65441,0.03746,0.042969
-0.65282,0.037908,0.043063
-0.65119,0.038346,0.04315
-0.64951,0.038778,0.043231
-0.64778,0.039204,0.04332
-0.64601,0.039626,0.043416
-0.6442,0.040046,0.043512
-0.64227,0.040423,0.043611
-0.6403,0.040801,0.043711
-0.63827,0.041177,0.043811
-0.63622,0.041552,0.04391
-0.63413,0.041926,0.04401
-0.63201,0.042334,0.044111
-0.62984,0.04274,0.044213
-0.62757,0.043155,0.044315
-0.62524,0.043571,0.044409
-0.62287,0.04399,0.044505
-0.62046,0.044415,0.044608
-0.618,0.044845,0.044712
-0.61549,0.045238,0.044815
-0.61293,0.045638,0.04492
-0.61027,0.046041,0.045023
-0.60759,0.046496,0.045121
-0.60486,0.046958,0.045226
-0.60206,0.047382,0.045338
-0.5992,0.047813,0.045449
-0.59629,0.04825,0.04556
-0.59334,0.048693,0.045671
-0.59029,0.049141,0.045784
-0.58715,0.049549,0.045891
-0.58396,0.05,0.045999
-0.58081,0.050449,0.046115
-0.5776,0.050894,0.046233
-0.57435,0.051336,0.046346
-0.57106,0.051773,0.04646
-0.56772,0.052202,0.046568
-0.56428,0.05267,0.046677
-0.56075,0.053132,0.046788
-0.55724,0.053546,0.046899
-0.5537,0.053953,0.04701
-0.55011,0.054354,0.047121
-0.5465,0.054747,0.04723
-0.54285,0.055131,0.047345
-0.53919,0.055508,0.047459
-0.53551,0.055875,0.047571
-0.53176,0.056231,0.047686
-0.528,0.056576,0.0478
-0.52417,0.056911,0.047906
-0.52032,0.057284,0.048005
-0.51644,0.057692,0.048111
-0.51258,0.058051,0.048213
-0.50865,0.058361,0.048313
-0.5047,0.058669,0.048412
-0.50074,0.058974,0.048509
-0.4967,0.059322,0.048597
-0.49265,0.059668,0.048676
-0.48856,0.059961,0.048759
-0.48449,0.060211,0.048838
-0.48036,0.060515,0.048909
-0.4762,0.060861,0.048983
-0.47201,0.061208,0.049053
-0.46783,0.061557,0.049127
-0.46363,0.061911,0.049197
-0.45935,0.062272,0.049263
-0.45506,0.062642,0.049319
-0.45069,0.063024,0.049372
-0.44629,0.063418,0.049429
-0.44186,0.063827,0.049482
-0.4374,0.064254,0.049526
-0.4329,0.064699,0.049567
-0.42832,0.065162,0.049605
-0.42374,0.065601,0.049641
-0.41913,0.066059,0.049675
-0.41448,0.066536,0.049715
-0.40979,0.067029,0.049753
-0.40503,0.067537,0.049783
-0.40023,0.068059,0.049813
-0.39535,0.068638,0.049842
-0.3905,0.069272,0.04987
-0.38561,0.069877,0.049897
-0.38069,0.070498,0.049925
-0.37574,0.071135,0.049954
-0.37071,0.071787,0.04999
-0.36563,0.072418,0.050026
-0.36048,0.073062,0.050064
-0.35536,0.073709,0.050106
-0.35018,0.074372,0.050147
-0.34496,0.075039,0.05019
-0.33972,0.075708,0.050237
-0.33443,0.07637,0.050289
-0.32911,0.077028,0.050345
-0.32372,0.077727,0.050406
-0.31835,0.07842,0.050472
-0.31295,0.079106,0.050535
-0.30752,0.079784,0.050595
-0.30206,0.080453,0.05066
-0.29649,0.081116,0.050737
-0.2909,0.081816,0.050818
-0.28529,0.08251,0.050903
-0.27969,0.083199,0.05099
-0.27401,0.083885,0.051072
-0.26831,0.084527,0.051158
-0.26258,0.085168,0.051245
-0.25681,0.085793,0.05134
-0.25104,0.086414,0.051434
-0.24521,0.087049,0.05153
-0.23935,0.087682,0.051634
-0.23343,0.088312,0.051739
-0.22753,0.088938,0.051842
-0.2216,0.089561,0.051946
-0.21559,0.090181,0.052042
-0.20959,0.090798,0.052138
-0.20355,0.091413,0.052241
-0.19748,0.092025,0.052335
-0.19135,0.092633,0.052428
-0.18519,0.093239,0.052519
-0.17901,0.093842,0.052608
-0.17277,0.094441,0.052695
-0.16654,0.095038,0.052786
-0.16028,0.095634,0.052867
-0.15401,0.096183,0.052939
-0.14766,0.096726,0.053015
-0.14134,0.097309,0.053088
-0.135,0.097887,0.053158
-0.1286,0.0985,0.053222
-0.12221,0.099065,0.05329
-0.11577,0.09963,0.053356
-0.10931,0.10025,0.053412
-0.10279,0.10086,0.053466
-0.096286,0.10142,0.053521
-0.089761,0.10199,0.053573
-0.083221,0.10255,0.05363
-0.076663,0.10312,0.053677
-0.07004,0.1037,0.05371
-0.063447,0.10428,0.053742
-0.056838,0.10486,0.053779
-0.050258,0.10545,0.053814
-0.043666,0.10604,0.053848
-0.037019,0.10664,0.053889
-0.03036,0.10725,0.053928
-0.023692,0.10786,0.05396
-0.017065,0.10848,0.053992
-0.010391,0.10915,0.054024
-0.0037147,0.10982,0.054056
0.0029613,0.11051,0.054088
0.0096819,0.11116,0.054122
0.016353,0.11183,0.054157
0.023016,0.11255,0.054199
0.029632,0.11323,0.054242
0.036239,0.11393,0.054286
0.042884,0.11469,0.054327
0.049516,0.11546,0.05437
0.056175,0.11624,0.054421
0.062774,0.11703,0.054469
0.069358,0.11785,0.054518
0.075882,0.11868,0.05457
0.082393,0.11953,0.054625
0.088851,0.12039,0.054686
0.095284,0.12127,0.054749
0.10173,0.12217,0.054814
0.10814,0.1231,0.05488
0.11451,0.12404,0.054948
0.12081,0.12496,0.055019
0.12711,0.1259,0.055092
0.13338,0.12684,0.055174
0.13961,0.1278,0.05526
0.1458,0.12881,0.055348
0.15187,0.12983,0.055431
0.15793,0.13085,0.055515
0.16395,0.13187,0.055602
0.16992,0.1329,0.055691
0.1758,0.13393,0.05579
0.18163,0.13496,0.05589
0.18741,0.136,0.055993
0.19313,0.13706,0.056091
0.1988,0.13811,0.05619
0.20438,0.13915,0.056289
0.20994,0.14019,0.056382
0.21542,0.14123,0.056475
0.22085,0.14227,0.056567
0.22622,0.14331,0.056667
0.23149,0.14434,0.056773
0.2367,0.14538,0.056877
0.24183,0.14641,0.056971
0.2469,0.14743,0.057064
0.2519,0.14845,0.057155
0.25684,0.14946,0.057243
0.26175,0.15051,0.057327
0.26656,0.15155,0.057409
0.27127,0.15259,0.05749
0.27593,0.15363,0.057574
0.28052,0.15467,0.057655
0.28505,0.15571,0.057733
0.28952,0.15675,0.057808
0.29389,0.15776,0.05788
0.29816,0.15872,0.05795
0.30236,0.15973,0.058019
0.30646,0.16073,0.058083
0.31053,0.16173,0.058146
0.31449,0.16274,0.058208
0.31838,0.16373,0.058269
0.32216,0.16473,0.058323
0.32587,0.16573,0.05837
0.32951,0.16673,0.058417
0.33302,0.16772,0.058476
0.3365,0.1687,0.058535
0.33989,0.16968,0.058586
0.34321,0.17065,0.058637
0.3464,0.17162,0.058697
0.34947,0.17259,0.058749
0.35249,0.17354,0.058791
0.35543,0.17449,0.058841
0.35824,0.17544,0.058891
0.36093,0.17633,0.058941
0.36353,0.17721,0.058992
0.36605,0.17808,0.059049
0.36844,0.17898,0.059106
0.37071,0.17988,0.059166
0.37289,0.18072,0.059221
0.37501,0.18154,0.05928
0.37704,0.18234,0.05934
0.37892,0.18312,0.059408
0.38072,0.18388,0.059472
0.38238,0.18463,0.059531
0.38396,0.1854,0.059594
0.38544,0.18616,0.059659
0.38684,0.18685,0.059727
0.38813,0.18751,0.059796
0.38934,0.18816,0.059867
0.39042,0.18879,0.059939
0.39137,0.18941,0.060014
0.39223,0.19,0.06009
0.39301,0.19057,0.060167
0.39369,0.19112,0.060251
0.39425,0.19165,0.060336
0.39472,0.19217,0.060422
0.39509,0.19267,0.060505
0.39536,0.19311,0.060588
0.39556,0.19353,0.060671
0.39563,0.19394,0.060756
0.39558,0.19433,0.060842
0.39545,0.19469,0.060927
0.39523,0.19503,0.061012
0.39491,0.19535,0.061095
0.39451,0.19565,0.061178
0.39404,0.19593,0.061268
0.39348,0.19619,0.061358
0.3928,0.19642,0.061446
0.392,0.19664,0.061542
0.39111,0.19685,0.061638
0.39014,0.19707,0.061727
0.38908,0.19728,0.061807
0.38794,0.19743,0.061895
0.38672,0.19756,0.061982
0.38537,0.19769,0.06207
0.38395,0.19781,0.062159
0.38242,0.19793,0.062248
0.3808,0.19804,0.062338
0.37907,0.1981,0.062428
0.37722,0.19816,0.062521
0.37533,0.19821,0.062613
0.37331,0.19826,0.062706
0.37121,0.19829,0.0628
0.369,0.19833,0.062888
0.36669,0.19835,0.062969
0.36436,0.19842,0.063051
0.36189,0.19848,0.063138
0.35934,0.19849,0.063226
0.35667,0.19851,0.063313
0.35388,0.19852,0.063399
0.35101,0.19853,0.063483
0.34809,0.19854,0.063566
0.34513,0.19854,0.063653
0.34205,0.19854,0.06374
0.33888,0.19853,0.063824
0.3356,0.19853,0.063908
0.33221,0.19852,0.063991
0.32874,0.19851,0.064074
0.32516,0.1985,0.064155
0.32154,0.19849,0.064227
0.31785,0.19847,0.064298
0.31405,0.19845,0.064377
0.31019,0.19843,0.064456
0.3063,0.19841,0.064541
0.30234,0.19839,0.064625
0.29828,0.19836,0.06471
0.29417,0.19833,0.064788
0.28996,0.19831,0.06486
0.28573,0.19827,0.064931
0.28146,0.19824,0.065002
0.27711,0.19821,0.065077
0.27273,0.19818,0.065152
0.26826,0.19816,0.065228
0.26376,0.19813,0.06531
0.25921,0.1981,0.065391
0.25463,0.19802,0.065471
0.25001,0.19793,0.065551
0.24532,0.1979,0.065625
0.24061,0.19785,0.0657
0.23586,0.19785,0.065781
0.23112,0.19784,0.065862
0.22632,0.1978,0.06594
0.22149,0.19776,0.066018
0.21663,0.19772,0.066097
0.21173,0.19769,0.066176
0.20682,0.19767,0.066255
0.20185,0.19765,0.066333
0.19689,0.19762,0.066416
0.1919,0.1976,0.066491
0.18689,0.19758,0.066566
0.18186,0.19758,0.066642
0.17685,0.19762,0.066724
0.17182,0.19766,0.066806
0.16674,0.19768,0.066888
0.16166,0.19771,0.066971
0.15653,0.19779,0.067055
0.15137,0.19788,0.06713
0.14621,0.19798,0.067206
0.14112,0.19806,0.067281
0.13601,0.19814,0.067355
0.13082,0.19828,0.067429
0.12562,0.1984,0.067509
0.12041,0.19847,0.067588
0.1152,0.19861,0.067661
0.10998,0.19876,0.067733
0.10475,0.19892,0.067806
0.099511,0.19909,0.067878
0.094267,0.19926,0.067956
0.089019,0.19944,0.068033
0.083765,0.19966,0.068102
0.078541,0.19989,0.068168
0.073312,0.20012,0.068234
0.068077,0.20035,0.068308
0.062843,0.2006,0.068382
0.05757,0.20084,0.068452
0.052299,0.20109,0.068529
0.047029,0.20135,0.068601
0.041809,0.20161,0.068667
0.036594,0.20189,0.068733
0.031435,0.20216,0.068798
0.026287,0.20244,0.068862
0.021106,0.20274,0.068929
0.0159,0.20304,0.068997
0.010667,0.20335,0.069064
0.0054927,0.20367,0.06913
0.00033261,0.20399,0.069195
-0.00481,0.20432,0.069259
-0.0099385,0.20465,0.069322
-0.015057,0.205,0.069393
-0.020118,0.20535,0.069464
-0.025165,0.20571,0.069535
-0.030201,0.20607,0.069598
-0.035223,0.20644,0.069662
-0.040272,0.20678,0.069724
-0.045308,0.20711,0.069779
-0.050379,0.20749,0.069842
-0.055397,0.20788,0.069904
-0.060408,0.20826,0.069965
-0.065366,0.20863,0.070022
-0.07032,0.20901,0.070079
-0.075349,0.20938,0.070137
-0.080374,0.20976,0.070187
-0.085412,0.21012,0.070235
-0.090412,0.21049,0.07028
-0.095467,0.21085,0.070331
-0.10053,0.21121,0.070382
-0.10561,0.21156,0.07043
-0.1107,0.21191,0.070476
-0.11577,0.21225,0.070526
-0.12092,0.21259,0.070568
-0.12609,0.21288,0.070602
-0.13129,0.21316,0.070636
-0.13647,0.21346,0.070672
-0.14169,0.21376,0.070706
-0.14698,0.21404,0.070744
-0.15226,0.21431,0.070775
-0.15762,0.21457,0.070805
-0.16299,0.21483,0.070835
-0.1684,0.21508,0.070857
-0.17383,0.21532,0.070886
-0.17929,0.21555,0.070914
-0.18479,0.21572,0.070942
-0.1903,0.21585,0.070962
-0.19588,0.216,0.070982
-0.20146,0.21619,0.071
-0.20706,0.21636,0.071025
-0.21264,0.21647,0.071048
-0.21823,0.21657,0.071071
-0.22387,0.21666,0.071093
-0.22957,0.21677,0.071115
-0.23532,0.21686,0.071128
-0.24098,0.2169,0.071142
-0.24665,0.21689,0.071157
-0.25232,0.21692,0.071173
-0.258,0.21693,0.071189
-0.2637,0.21692,0.071212
-0.26934,0.2169,0.07123
-0.27498,0.21686,0.07125
-0.28061,0.21682,0.071263
-0.28621,0.2168,0.071269
-0.2918,0.21674,0.071282
-0.29737,0.21666,0.071296
-0.30296,0.21653,0.071317
-0.30847,0.21638,0.071328
-0.31395,0.21626,0.071337
-0.31937,0.21613,0.071348
-0.32475,0.21595,0.071359
-0.33009,0.21576,0.071375
-0.33539,0.21555,0.07139
-0.34069,0.21533,0.071406
-0.34595,0.2151,0.071423
-0.35116,0.21485,0.071432
-0.35627,0.21458,0.07144
-0.36136,0.2143,0.07145
-0.36635,0.214,0.071461
-0.3713,0.21369,0.071473
-0.37624,0.21332,0.071485
-0.38109,0.21294,0.071498
-0.38593,0.21254,0.071512
-0.39071,0.21211,0.071517
-0.39539,0.21171,0.07152
-0.40001,0.21128,0.071522
-0.40459,0.21083,0.07153
-0.40913,0.21037,0.071538
-0.41357,0.20993,0.071546
-0.418,0.20943,0.07155
-0.42233,0.20887,0.071545
-0.42666,0.2083,0.071539
-0.43095,0.20772,0.07153
-0.43519,0.20713,0.071527
-0.4394,0.20652,0.071522
-0.44349,0.2059,0.071514
-0.44753,0.20526,0.071501
-0.45153,0.2046,0.071487
-0.45553,0.20393,0.071471
-0.45944,0.20325,0.071444
-0.46332,0.20256,0.071415
-0.46718,0.20185,0.071392
-0.471,0.20113,0.071366
-0.47479,0.20041,0.07133
-0.47851,0.19967,0.071299
-0.48224,0.19892,0.071266
-0.48594,0.19816,0.071231
-0.48962,0.1974,0.071195
-0.49327,0.19662,0.071156
-0.49686,0.19585,0.07111
-0.5004,0.19507,0.071064
-0.50387,0.1943,0.071017
-0.50737,0.19352,0.070969
-0.51084,0.19273,0.070926
-0.51429,0.19195,0.070883
-0.51772,0.19113,0.070833
-0.52112,0.19036,0.070782
-0.52454,0.18959,0.070731
-0.52789,0.18878,0.070679
-0.53123,0.18797,0.070628
-0.5345,0.18717,0.070569
-0.53775,0.18638,0.07051
-0.54102,0.18558,0.07045
-0.54423,0.18479,0.07039
-0.54737,0.18399,0.070326
-0.55044,0.18319,0.070269
-0.55348,0.18239,0.070211
-0.55651,0.18163,0.070156
-0.55951,0.18086,0.0701
-0.56249,0.1801,0.070038
-0.56539,0.17934,0.069968
-0.56824,0.17859,0.069896
-0.57104,0.17783,0.069823
-0.57379,0.17707,0.069747
-0.57648,0.17628,0.06967
-0.57911,0.17548,0.06959
-0.5817,0.17469,0.069509
-0.58419,0.17394,0.069418
-0.58665,0.17319,0.069323
-0.58906,0.17241,0.069225
-0.59142,0.17162,0.069124
-0.59371,0.17083,0.069019
-0.59595,0.17005,0.068908
-0.59814,0.1693,0.068793
-0.60023,0.16856,0.068673
-0.60227,0.16778,0.068546
-0.60427,0.16699,0.068424
-0.60623,0.16621,0.068295
-0.60807,0.16547,0.06816
-0.60988,0.16472,0.068019
-0.61169,0.16397,0.067875
-0.61341,0.16327,0.067726
-0.61509,0.16258,0.067572
-0.61668,0.16189,0.067415
-0.61823,0.16121,0.067255
-0.61978,0.16049,0.067091
-0.62129,0.15979,0.066925
-0.62278,0.15906,0.066759
-0.62423,0.15834,0.06659
-0.62563,0.15766,0.066415
-0.62697,0.15704,0.066242
-0.62828,0.15643,0.066068
-0.62952,0.15584,0.06589
-0.63074,0.15528,0.065711
-0.63194,0.15468,0.065534
-0.6331,0.15411,0.065357
-0.63419,0.15355,0.065181
-0.63527,0.15301,0.065007
-0.63631,0.15249,0.064834
-0.63728,0.15198,0.064668
-0.63821,0.15148,0.064504
-0.63907,0.15101,0.064329
-0.63989,0.15054,0.064147
-0.6407,0.15008,0.063973
-0.64147,0.14963,0.063807
-0.64219,0.14919,0.063642
-0.64282,0.14876,0.063479
-0.6434,0.14833,0.063316
-0.64394,0.1479,0.063153
-0.64444,0.14748,0.062991
-0.64482,0.14701,0.062825
-0.64517,0.14654,0.062659
-0.64547,0.14606,0.062493
-0.64571,0.14562,0.062334
-0.6459,0.14516,0.062175
-0.64598,0.14465,0.062009
-0.646,0.14416,0.06185
-0.64596,0.14365,0.06169
-0.64582,0.14313,0.061531
-0.64563,0.1426,0.061372
-0.64537,0.14204,0.061212
-0.6451,0.14146,0.061052
-0.64473,0.14086,0.060892
-0.64426,0.14024,0.060733
-0.64375,0.1396,0.060578
-0.64323,0.13894,0.060425
-0.64267,0.13825,0.060272
-0.64202,0.13755,0.060113
-0.64128,0.13684,0.059948
-0.64047,0.1361,0.059785
-0.6396,0.13535,0.059627
-0.63869,0.13457,0.059467
-0.63774,0.13378,0.059308
-0.63675,0.13297,0.059149
-0.63569,0.13211,0.058984
-0.6346,0.13124,0.058828
-0.63345,0.13035,0.05867
-0.63225,0.12945,0.05851
-0.63098,0.12853,0.05836
-0.62965,0.1276,0.058211
-0.62827,0.12666,0.058062
-0.62689,0.12571,0.057905
-0.62546,0.12478,0.057749
-0.62395,0.12389,0.057595
-0.62241,0.12295,0.057441
-0.62081,0.12195,0.057295
-0.61918,0.121,0.05715
-0.61751,0.12005,0.057006
-0.61577,0.1191,0.056865
-0.61404,0.11811,0.056727
-0.61226,0.11712,0.056581
-0.61039,0.11613,0.056436
-0.6085,0.11516,0.056296
-0.60658,0.11418,0.056157
-0.60462,0.11322,0.05602
-0.60258,0.11221,0.055884
-0.60053,0.11121,0.055752
-0.59839,0.11022,0.055628
-0.59619,0.10927,0.055504
-0.59396,0.10832,0.055373
-0.5917,0.10734,0.055248
-0.58941,0.10637,0.055125
-0.58706,0.10538,0.055001
-0.58467,0.10438,0.054883
-0.5822,0.10338,0.054777
-0.57968,0.10242,0.054671
-0.57707,0.10146,0.054561
-0.57446,0.10049,0.054453
-0.57181,0.099514,0.054349
-0.5691,0.098535,0.054247
-0.56636,0.097553,0.05414
-0.56355,0.096565,0.054035
-0.56072,0.095571,0.053945
-0.55786,0.094529,0.053851
-0.55491,0.093486,0.053751
-0.55191,0.092436,0.053654
-0.54883,0.091424,0.053558
-0.5457,0.090403,0.053462
-0.54249,0.089333,0.053374
-0.53922,0.08826,0.053289
-0.5359,0.087179,0.053205
-0.53259,0.086172,0.053123
-0.52924,0.085159,0.053043
-0.52585,0.084144,0.052956
-0.52238,0.083083,0.052862
-0.51886,0.081977,0.052768
-0.51534,0.080916,0.05268
-0.51178,0.079857,0.052592
-0.50819,0.0788,0.052495
-0.50457,0.077747,0.052397
-0.50083,0.076698,0.052304
-0.49708,0.075656,0.05221
-0.4933,0.074619,0.052107
-0.48952,0.073589,0.052
-0.48573,0.072566,0.05189
-0.48186,0.071512,0.051772
-0.47797,0.070466,0.05165
-0.47401,0.069465,0.051524
-0.47007,0.068469,0.0514
-0.46615,0.067485,0.051269
-0.46224,0.066504,0.051131
-0.45832,0.065531,0.050987
-0.45432,0.064569,0.050833
-0.45031,0.063616,0.050673
-0.44628,0.062664,0.050507
-0.44227,0.061761,0.050341
-0.43822,0.060832,0.050168
-0.43418,0.059917,0.049991
-0.43013,0.059014,0.049808
-0.4261,0.058163,0.049609
-0.42206,0.057325,0.049404
-0.41795,0.056501,0.049187
-0.41379,0.055693,0.048972
-0.40968,0.054858,0.048759
-0.40559,0.053993,0.048539
-0.4015,0.053141,0.048314
-0.39737,0.052346,0.048063
-0.39323,0.051561,0.047807
-0.38903,0.050784,0.047553
-0.38485,0.050011,0.047292
-0.38067,0.049245,0.047019
-0.37649,0.048487,0.046749
-0.37229,0.047732,0.046474
-0.36801,0.046976,0.046199
-0.36372,0.04622,0.045919
-0.3594,0.045464,0.045627
-0.35511,0.044751,0.045332
-0.35075,0.044038,0.045032
-0.3464,0.043324,0.044722
-0.34203,0.042611,0.044407
-0.33764,0.0419,0.044097
-0.33322,0.041191,0.043783
-0.32878,0.040484,0.043467
-0.32432,0.039793,0.043151
-0.31983,0.039084,0.042832
-0.31536,0.038369,0.042503
-0.31087,0.037658,0.042172
-0.30636,0.03695,0.041847
-0.30184,0.036245,0.041522
-0.2973,0.035542,0.041192
-0.29275,0.034841,0.040862
-0.28817,0.034134,0.040529
-0.28361,0.03343,0.040199
-0.27905,0.032725,0.03987
-0.27444,0.032072,0.039549
-0.26984,0.031418,0.039229
-0.26525,0.030756,0.038912
-0.26071,0.030053,0.038598
-0.25618,0.029347,0.03828
-0.25169,0.028686,0.037956
-0.24722,0.028026,0.037635
-0.24272,0.027366,0.037324
-0.23824,0.026666,0.037017
-0.23379,0.025964,0.036713
-0.22935,0.025259,0.036417
-0.22489,0.024551,0.036124
-0.22044,0.023885,0.035834
-0.21602,0.023216,0.035547
-0.21166,0.022545,0.035264
-0.20732,0.021873,0.034992
-0.20299,0.021193,0.034724
-0.19877,0.020511,0.034454
-0.19453,0.019837,0.034188
-0.19031,0.019162,0.033934
-0.18612,0.018488,0.033686
-0.18191,0.017811,0.033444
-0.17777,0.017181,0.033207
-0.17366,0.016559,0.032975
-0.16962,0.015905,0.032749
-0.16561,0.015255,0.032521
-0.1616,0.014607,0.032302
-0.15762,0.013967,0.032088
-0.15368,0.013339,0.031888
-0.14981,0.012718,0.0317
-0.14597,0.012096,0.03151
-0.14218,0.011488,0.031326
-0.13838,0.010898,0.031147
-0.13464,0.010354,0.030973
-0.13095,0.0098201,0.030804
-0.12729,0.0092961,0.030632
-0.12367,0.0087418,0.030465
-0.12008,0.0081979,0.030309
-0.11662,0.0076647,0.030163
-0.11319,0.0071475,0.03002
-0.10976,0.0066861,0.029872
-0.10636,0.006237,0.029726
-0.10299,0.0058015,0.029581
-0.099699,0.0053808,0.029453
-0.096471,0.0049775,0.029327
-0.09333,0.0045907,0.029196
-0.09021,0.0042213,0.029064
-0.087131,0.0038695,0.028941
-0.0841,0.0035361,0.028819
-0.081115,0.0032197,0.0287
-0.078223,0.0029221,0.028574
-0.075369,0.0026441,0.02845
-0.072565,0.0023846,0.028333
-0.069806,0.0021434,0.028211
-0.067147,0.0019206,0.028091
-0.064543,0.0017152,0.027971
-0.061994,0.001525,0.027851
-0.059501,0.0013507,0.027731
-0.057057,0.0011877,0.027619
-0.054668,0.0010381,0.027506
-0.052333,0.00090718,0.027385
-0.050053,0.00080963,0.027264
-0.047825,0.00072303,0.027143
-0.045647,0.000647,0.02702
-0.043558,0.00058115,0.026896
-0.041517,0.00052181,0.026771
-0.039542,0.00047216,0.026648
-0.037609,0.0004328,0.026516
-0.035745,0.00040773,0.026386
-0.033925,0.00038981,0.026253
-0.03215,0.00037847,0.026118
-0.030463,0.00036562,0.02598
-0.028816,0.0003593,0.025848
-0.027215,0.00036845,0.025713
-0.025659,0.00038322,0.025569
-0.024148,0.00040482,0.02543
-0.022679,0.00042955,0.025289
-0.021254,0.00045271,0.025147
-0.019914,0.00048023,0.024995
-0.018617,0.00051432,0.024843
-0.017362,0.00055238,0.024689
-0.016149,0.0005913,0.024533
-0.015024,0.00063176,0.024376
-0.013942,0.0006735,0.024216
-0.012907,0.00071439,0.024048
-0.011872,0.00075573,0.023878
-0.01088,0.00080026,0.023709
-0.0099278,0.00085253,0.023537
-0.0090135,0.00090531,0.023363
-0.0081786,0.00095264,0.023184
-0.0073788,0.0010003,0.023001
-0.0066135,0.0010628,0.022816
-0.0059261,0.0011305,0.022628
-0.0052676,0.0011922,0.022436
-0.0046443,0.0012531,0.022241
-0.0040545,0.001316,0.022043
-0.0034968,0.0013852,0.021849
-0.0029713,0.0014573,0.021651
-0.0024777,0.0015622,0.02145
-0.0020134,0.0016673,0.021239
-0.001578,0.001756,0.021018
-0.0011684,0.0018621,0.020802
-0.00078324,0.0019761,0.020583
-0.00046687,0.0021104,0.020369
-0.00017347,0.0022542,0.020153
9.8857e-05,0.0024089,0.019928
0.00034909,0.002578,0.019709
0.00058749,0.0027598,0.019489
0.0008065,0.0029581,0.019261
0.0010072,0.0031716,0.019033
0.0011986,0.003396,0.018804
0.0013755,0.0036372,0.018575
0.0015402,0.0038961,0.018347
0.0016723,0.0041726,0.018119
0.001818,0.0044667,0.017884
0.0019794,0.004777,0.017649
0.0021383,0.0051049,0.017414
0.0022523,0.0054874,0.01718
0.002369,0.0058878,0.016945
0.0024909,0.0062702,0.016703
0.0026188,0.0066736,0.01646
0.0027759,0.0071395,0.016215
0.002931,0.0076233,0.015968
0.0030969,0.0081266,0.015719
0.0032694,0.0086505,0.01547
0.0034556,0.0091953,0.015218
0.0036571,0.0097617,0.014963
0.0038749,0.010351,0.014704
0.0041544,0.010963,0.014439
0.0044447,0.0116,0.014162
0.0047566,0.012259,0.01388
0.0050471,0.012933,0.0136
0.0053624,0.013629,0.013315
0.0057022,0.014345,0.013024
0.0060672,0.015081,0.012726
0.0064561,0.015791,0.012423
0.0068696,0.016521,0.012113
0.0073052,0.017263,0.011797
0.0077587,0.018057,0.011482
0.0082317,0.018858,0.011163
0.0087675,0.019665,0.010838
0.0093214,0.020475,0.010509
0.0098929,0.021288,0.010177
0.010479,0.022098,0.0098329
0.011082,0.022908,0.0094861
0.011704,0.023712,0.0091438
0.012342,0.02451,0.0087996
0.013041,0.025302,0.0084541
0.013757,0.02609,0.0081086
0.014448,0.026868,0.0077632
0.015157,0.02763,0.0074181
0.015883,0.028379,0.0070746
0.016671,0.029115,0.0067338
0.017475,0.029835,0.0063959
0.018252,0.030583,0.0060617
0.019049,0.031316,0.0057397
0.019905,0.032035,0.0054231
0.020776,0.032738,0.0051099
0.021662,0.033428,0.0048038
0.022563,0.034063,0.0045053
0.02348,0.034688,0.0042178
0.024411,0.035301,0.0039394
0.025359,0.035889,0.0036706
0.026323,0.036466,0.0034114
0.027296,0.037037,0.0031626
0.028284,0.037596,0.0029247
0.029273,0.038172,0.002698
0.030274,0.038736,0.0024825
0.031299,0.039303,0.0022783
0.032335,0.03983,0.0020852
0.033424,0.040303,0.0019031
0.034521,0.040789,0.0017397
0.035628,0.041266,0.0015873
0.036745,0.041779,0.0014459
0.037875,0.042261,0.0013077
0.039017,0.042737,0.0011796
0.040169,0.043206,0.0010686
0.041335,0.043671,0.00096683
0.042544,0.044129,0.00087375
0.043767,0.044586,0.00078891
0.045009,0.045043,0.00071161
0.04626,0.045501,0.00064148
0.047482,0.045959,0.00057735
0.048723,0.04642,0.00051851
0.049981,0.046885,0.00046411
0.051232,0.047356,0.00042113
0.052495,0.047833,0.0003816
0.053769,0.048319,0.00034502
0.055073,0.048775,0.00031202
0.056383,0.049282,0.00028006
0.057695,0.049834,0.00025563
0.059055,0.050398,0.00023188
0.060394,0.05093,0.00020884
0.061734,0.051477,0.00018619
0.063072,0.052036,0.00016358
0.064408,0.05261,0.00014449
0.065744,0.0532,0.0001244
0.067077,0.053806,0.00010391
0.068406,0.054382,8.1478e-05
0.069685,0.054973,6.1045e-05
0.070957,0.055576,3.968e-05
0.072235,0.056215,1.4361e-05
0.073546,0.056863,-1.2107e-05
0.074872,0.057536,-4.0668e-05
0.076188,0.058216,-7.0785e-05
0.077498,0.058903,-0.00010275
0.078802,0.059641,-0.00013669
0.080102,0.060387,-0.00017279
0.081399,0.061142,-0.00020731
0.082696,0.061863,-0.00024422
0.08399,0.06259,-0.00028725
0.085243,0.063325,-0.00033266
0.086502,0.06407,-0.00038064
0.087765,0.064822,-0.00043115
0.08903,0.065578,-0.00048426
0.090295,0.066338,-0.00053995
0.091563,0.067101,-0.00059829
0.092836,0.067823,-0.00065932
0.094065,0.068544,-0.00072294
0.095294,0.069262,-0.00078912
0.096607,0.070017,-0.00085777
0.097919,0.070762,-0.00092882
0.099187,0.071498,-0.00099841
0.10041,0.072222,-0.0010701
0.10168,0.072936,-0.0011472
0.10299,0.073591,-0.0012258
0.1043,0.074274,-0.0013058
0.10556,0.07494,-0.0013869
0.10683,0.075588,-0.0014689
0.10809,0.076169,-0.0015515
0.10936,0.076776,-0.0016346
0.11063,0.077413,-0.0017182
0.1119,0.078034,-0.0018018
0.11317,0.078639,-0.0018853
0.11448,0.079189,-0.0019678
0.1158,0.079727,-0.0020497
0.11707,0.080255,-0.0021307
0.11835,0.080743,-0.0022106
0.11969,0.081264,-0.0022892
0.12102,0.081762,-0.0023663
0.12235,0.082252,-0.0024417
0.12365,0.082778,-0.0025113
0.12495,0.083302,-0.0025787
0.12626,0.083782,-0.0026436
0.12758,0.084219,-0.0027057
0.12891,0.084655,-0.0027684
0.13023,0.08509,-0.0028276
0.13157,0.085523,-0.0028835
0.1329,0.085953,-0.002936
0.1342,0.086382,-0.0029851
0.13549,0.086851,-0.0030271
0.13678,0.087314,-0.0030655
0.13811,0.087773,-0.003104
0.13947,0.088231,-0.0031387
0.14083,0.088689,-0.0031699
0.14215,0.089105,-0.0031936
0.14346,0.089521,-0.0032141
0.14481,0.089936,-0.0032315
0.14615,0.090351,-0.0032456
0.1475,0.090762,-0.0032566
0.14884,0.091127,-0.0032637
0.15019,0.091486,-0.0032677
0.15154,0.091836,-0.0032684
0.15289,0.092173,-0.0032661
0.15426,0.092498,-0.0032612
0.15563,0.092806,-0.0032537
0.157,0.093117,-0.0032437
0.15839,0.093407,-0.0032307
0.15978,0.093675,-0.0032157
0.16119,0.093941,-0.0031975
0.16262,0.094186,-0.0031775
0.16405,0.094411,-0.0031595
0.16549,0.094588,-0.0031371
0.16694,0.09479,-0.0031097
0.16838,0.094953,-0.0030805
0.16984,0.095097,-0.0030502
0.17129,0.095173,-0.0030188
0.17276,0.095232,-0.0029863
0.17427,0.095288,-0.002953
0.17578,0.095326,-0.0029229
0.17728,0.095378,-0.002892
0.17878,0.095416,-0.002857
0.18028,0.09544,-0.0028216
0.18183,0.095448,-0.0027859
0.18337,0.095447,-0.0027501
0.18492,0.095397,-0.0027179
0.18647,0.095342,-0.0026859
0.18802,0.095283,-0.0026543
0.18957,0.095263,-0.0026232
0.19112,0.095243,-0.002593
0.19271,0.095224,-0.0025638
0.19425,0.095164,-0.002536
0.1958,0.09511,-0.0025098
0.1974,0.09506,-0.0024891
0.199,0.095015,-0.0024707
0.20056,0.094975,-0.0024511
0.20212,0.09494,-0.0024341
0.20365,0.09491,-0.0024198
0.20517,0.094884,-0.0024085
0.20673,0.094854,-0.0024001
0.20829,0.094878,-0.002395
0.20991,0.094871,-0.0023893
0.21152,0.094822,-0.0023865
0.21313,0.094778,-0.0023866
0.21475,0.094736,-0.0023893
0.21632,0.094739,-0.0023944
0.2179,0.094745,-0.0024017
0.21954,0.094754,-0.002411
0.22118,0.094763,-0.0024219
0.22278,0.094729,-0.0024342
0.22439,0.094693,-0.0024475
0.22596,0.09465,-0.0024615
0.22754,0.094603,-0.0024797
0.22916,0.094545,-0.002497
0.23078,0.094521,-0.0025144
0.2324,0.094442,-0.0025311
0.23401,0.094352,-0.0025437
0.23563,0.09425,-0.0025555
0.23724,0.094179,-0.0025651
0.23885,0.094092,-0.002573
0.24046,0.093993,-0.0025784
0.24207,0.093834,-0.0025851
0.24372,0.093616,-0.0025892
0.24532,0.093382,-0.0025867
0.24692,0.093126,-0.0025808
0.24847,0.092845,-0.0025711
0.25004,0.092581,-0.0025614
0.25162,0.092293,-0.0025475
0.25315,0.091979,-0.0025294
0.25471,0.09164,-0.0025071
0.25626,0.091275,-0.0024807
0.2578,0.090885,-0.0024502
0.25932,0.090468,-0.0024157
0.26079,0.090028,-0.0023772
0.26225,0.089566,-0.0023349
0.2637,0.089081,-0.0022888
0.26512,0.08853,-0.0022389
0.26652,0.087935,-0.0021857
0.2679,0.087317,-0.0021294
0.26927,0.086722,-0.0020703
0.27062,0.086127,-0.0020085
0.272,0.085459,-0.0019445
0.27337,0.084771,-0.0018747
0.27469,0.084115,-0.001803
0.276,0.083394,-0.0017334
0.27729,0.082655,-0.0016626
0.27857,0.081854,-0.0015908
0.27984,0.081083,-0.0015185
0.28116,0.080298,-0.001446
0.28243,0.079483,-0.0013735
0.2837,0.078654,-0.0013018
0.285,0.07778,-0.0012311
0.28631,0.076892,-0.0011618
0.28758,0.075989,-0.0010941
0.28881,0.075073,-0.0010285
0.29011,0.074144,-0.00096515
0.29142,0.073243,-0.00090063
0.29275,0.072288,-0.00083876
0.2941,0.071322,-0.00077961
0.29546,0.070347,-0.00072325
0.29685,0.069362,-0.00066973
0.29822,0.068369,-0.00061912
0.29961,0.067413,-0.00057137
0.30101,0.066449,-0.00052636
0.30247,0.065435,-0.00048411
0.30396,0.064419,-0.00044455
0.30546,0.063401,-0.00040759
0.30697,0.062381,-0.0003731
0.30854,0.061315,-0.00034098
0.31014,0.060246,-0.00031104
0.31174,0.05918,-0.00028313
0.31337,0.058108,-0.00025706
0.31496,0.057069,-0.00023641
0.31657,0.056026,-0.00021745
0.31824,0.054956,-0.00019999
0.31992,0.053882,-0.00018411
0.32158,0.052798,-0.00016971
0.32325,0.051708,-0.0001567
0.32492,0.050607,-0.00014497
0.3266,0.049501,-0.00013441
0.32828,0.048388,-0.00012487
0.32999,0.047266,-0.00011624
0.33175,0.046139,-0.0001084
0.33351,0.045,-0.00010119
0.33524,0.043855,-9.573e-05
0.33696,0.042695,-9.069e-05
0.33867,0.04157,-8.6605e-05
0.34038,0.040439,-8.2786e-05
0.34209,0.039299,-7.9161e-05
0.34379,0.03811,-7.6609e-05
0.34548,0.03691,-7.4168e-05
0.34716,0.035701,-7.228e-05
0.34883,0.034481,-7.0473e-05
0.35044,0.033296,-6.8577e-05
0.35203,0.032104,-6.673e-05
0.35366,0.030911,-6.4913e-05
0.35531,0.029714,-6.3293e-05
0.35695,0.028511,-6.1678e-05
0.35857,0.027305,-6.0164e-05
0.36018,0.026091,-5.8641e-05
0.36173,0.02488,-5.7175e-05
0.36328,0.02367,-5.5696e-05
0.36481,0.022463,-5.4201e-05
0.36634,0.021261,-5.2578e-05
0.36786,0.020042,-5.0925e-05
0.36936,0.018827,-4.9245e-05
0.37085,0.017639,-4.7527e-05
0.37235,0.016503,-4.6018e-05
0.37383,0.015376,-4.4477e-05
0.37532,0.014239,-4.2912e-05
0.37678,0.013069,-4.1332e-05
0.37824,0.011912,-3.974e-05
0.37962,0.01082,-3.8147e-05
0.38101,0.0096974,-3.6557e-05
0.38241,0.0085379,-3.4979e-05
0.38379,0.0073892,-3.342e-05
0.38517,0.0062485,-3.1885e-05
0.38652,0.0051571,-3.0384e-05
0.38789,0.0040682,-2.892e-05
0.38918,0.0029815,-2.7566e-05
0.39049,0.0018978,-2.6265e-05
0.39179,0.00081433,-2.4914e-05
0.39306,-0.00027045,-2.3625e-05
0.39427,-0.0013573,-2.24e-05
0.39551,-0.002447,-2.1244e-05
0.39677,-0.0035858,-2.0166e-05
0.39797,-0.0047322,-1.9159e-05
0.39916,-0.0058903,-1.8219e-05
0.40033,-0.0070176,-1.7349e-05
0.40148,-0.0081586,-1.6548e-05
0.40264,-0.0093121,-1.5812e-05
0.40378,-0.010481,-1.5144e-05
0.40489,-0.011668,-1.4431e-05
0.40599,-0.012918,-1.3776e-05
0.40711,-0.014186,-1.3173e-05
0.40818,-0.015432,-1.2614e-05
0.40925,-0.016698,-1.2087e-05
0.41032,-0.018032,-1.1522e-05
0.4114,-0.019387,-1.0972e-05
0.41246,-0.020807,-1.0326e-05
0.41352,-0.022254,-9.6691e-06
0.41457,-0.023686,-8.7854e-06
0.41563,-0.02515,-7.8523e-06
0.41668,-0.026646,-6.8434e-06
0.41775,-0.02822,-5.7829e-06
0.41879,-0.029805,-4.7243e-06
0.41984,-0.031425,-2.99e-06
0.42092,-0.033072,-1.0927e-06
0.42202,-0.034754,1.1387e-06
0.42312,-0.036462,3.611e-06
0.42423,-0.038204,6.3656e-06
0.42539,-0.040023,9.4414e-06
0.42652,-0.041871,1.2875e-05
0.42767,-0.043753,1.6839e-05
0.42882,-0.045664,2.123e-05
0.42994,-0.047608,2.6362e-05
0.43108,-0.049578,3.1993e-05
0.43223,-0.051579,3.8162e-05
0.43344,-0.053655,4.5851e-05
0.43465,-0.055758,5.417e-05
0.43587,-0.057891,6.4491e-05
0.43711,-0.060049,7.5611e-05
0.43835,-0.062235,9.1382e-05
0.4396,-0.064446,0.00010828
0.44086,-0.066685,0.0001266
0.44213,-0.068949,0.00014658
0.44336,-0.071241,0.00016851
0.4446,-0.073557,0.00019258
0.44585,-0.075891,0.00021905
0.4471,-0.078291,0.00024818
0.44834,-0.080701,0.00028012
0.44959,-0.083129,0.00031503
0.45081,-0.085571,0.00035299
0.45203,-0.088029,0.0003942
0.45329,-0.090549,0.0004388
0.45454,-0.093062,0.0004868
0.45572,-0.095546,0.00053827
0.45691,-0.098067,0.00059319
0.45807,-0.1006,0.00065156
0.4592,-0.10318,0.00071315
0.4603,-0.10574,0.00077806
0.46143,-0.10832,0.00084623
0.46255,-0.1109,0.0009175
0.46361,-0.11345,0.00099929
0.46464,-0.11596,0.001084
0.46566,-0.11847,0.0011719
0.46665,-0.12102,0.001263
0.46763,-0.12356,0.0013575
0.46858,-0.12608,0.0014479
0.46949,-0.12858,0.0015416
0.47041,-0.13107,0.0016382
0.47128,-0.13354,0.0017374
0.47213,-0.13598,0.0018389
0.47291,-0.13839,0.0019422
0.47371,-0.14078,0.0020469
0.47455,-0.14315,0.0021528
0.47532,-0.14543,0.0022593
0.47603,-0.14769,0.0023659
0.47671,-0.1499,0.0024723
0.47738,-0.15207,0.002578
0.47803,-0.15425,0.0026826
0.47864,-0.15639,0.0027857
0.47922,-0.15848,0.0028943
0.47982,-0.16053,0.0030007
0.48043,-0.16253,0.0030973
0.48098,-0.1645,0.0031916
0.48152,-0.16643,0.0032832
0.48203,-0.16832,0.0033717
0.48252,-0.17013,0.0034568
0.483,-0.17195,0.0035383
0.48347,-0.17369,0.0036159
0.48393,-0.17536,0.0036894
0.48437,-0.17705,0.0037585
0.48481,-0.1787,0.0038232
0.48525,-0.18033,0.0038834
0.48568,-0.18189,0.003939
0.48609,-0.18342,0.00399
0.4865,-0.18492,0.0040358
0.48691,-0.1864,0.0040768
0.48737,-0.1879,0.0041206
0.48783,-0.18937,0.0041599
0.48829,-0.19083,0.004188
0.48873,-0.19222,0.0042124
0.48918,-0.19364,0.0042333
0.48964,-0.19505,0.0042509
0.49007,-0.19641,0.0042654
0.49057,-0.19776,0.0042769
0.49108,-0.19911,0.0042859
0.49166,-0.20045,0.0042925
0.4922,-0.20174,0.0042962
0.49277,-0.20308,0.0042981
0.49335,-0.20441,0.0042971
0.49396,-0.20569,0.0042911
0.49458,-0.20698,0.0042801
0.49523,-0.20827,0.0042677
0.4959,-0.20956,0.0042539
0.4966,-0.21085,0.0042385
0.49732,-0.21219,0.0042202
0.49805,-0.21352,0.0042001
0.49881,-0.21485,0.0041772
0.49958,-0.21615,0.0041523
0.50036,-0.21744,0.0041253
0.50117,-0.2187,0.0040955
0.502,-0.21996,0.0040633
0.50283,-0.22126,0.0040286
0.50363,-0.2225,0.0039912
0.50443,-0.22379,0.0039511
0.50527,-0.22511,0.0039083
0.50612,-0.22643,0.0038627
0.50693,-0.2277,0.0038143
0.50776,-0.22893,0.0037634
0.50863,-0.23016,0.0037096
0.50944,-0.23138,0.0036532
0.51024,-0.23258,0.0035941
0.51105,-0.23382,0.0035247
0.51185,-0.23505,0.0034523
0.51264,-0.23627,0.0033768
0.5134,-0.23743,0.003298
0.51413,-0.23863,0.0032148
0.51485,-0.23981,0.0031358
0.51556,-0.24094,0.0030534
0.5162,-0.24205,0.0029681
0.51682,-0.24316,0.00288
0.51736,-0.24429,0.0027896
0.51792,-0.24541,0.002697
0.5185,-0.24647,0.0026028
0.51899,-0.24751,0.002507
0.5194,-0.24858,0.0024101
0.51983,-0.24964,0.0023126
0.52021,-0.25069,0.0022147
0.52057,-0.25169,0.0021164
0.52089,-0.25262,0.0020184
0.52112,-0.25358,0.0019212
0.52132,-0.25454,0.0018175
0.52152,-0.25542,0.0017148
0.52163,-0.2563,0.0016207
0.52171,-0.25716,0.001528
0.52174,-0.25799,0.0014371
0.52173,-0.2588,0.0013483
0.52163,-0.25959,0.0012618
0.5215,-0.26031,0.0011779
0.52134,-0.261,0.0010969
0.52113,-0.26171,0.0010189
0.52088,-0.26239,0.00094422
0.52056,-0.26299,0.00087294
0.52019,-0.26355,0.00080517
0.51978,-0.26412,0.00074109
0.51934,-0.26466,0.00068078
0.51884,-0.26516,0.00062429
0.51831,-0.26558,0.00057161
0.51769,-0.26593,0.00051518
0.51703,-0.26627,0.00046203
0.51632,-0.26658,0.00041933
0.51554,-0.26681,0.00037954
0.51471,-0.26695,0.00034256
0.51383,-0.26704,0.00030827
0.51292,-0.26713,0.00027644
0.51197,-0.26717,0.00024696
0.51096,-0.26712,0.00021934
0.50988,-0.26702,0.0001937
0.50876,-0.26687,0.00016965
0.50759,-0.26662,0.00014709
0.50638,-0.26631,0.00012571
0.50509,-0.26599,0.00010892
0.50375,-0.26562,9.3029e-05
0.50235,-0.26518,7.7342e-05
0.5009,-0.26468,6.2273e-05
0.49939,-0.26413,4.7449e-05
0.49784,-0.26348,3.4198e-05
0.49624,-0.26277,2.1176e-05
0.49454,-0.26201,8.8953e-06
0.4928,-0.2612,-3.3327e-06
0.49096,-0.26034,-1.5228e-05
0.48906,-0.25947,-2.6745e-05
0.48705,-0.25851,-3.9419e-05
0.48499,-0.25747,-5.2134e-05
0.48287,-0.25638,-6.516e-05
0.48067,-0.25521,-7.8569e-05
0.47841,-0.25399,-9.2451e-05
0.47607,-0.25274,-0.00010687
0.47371,-0.25148,-0.00012189
0.47123,-0.25019,-0.0001387
0.46864,-0.24887,-0.00015627
0.46598,-0.24751,-0.00017472
0.46324,-0.24608,-0.00019732
0.46042,-0.24462,-0.00022106
0.45753,-0.24313,-0.00024688
0.45455,-0.24162,-0.00027431
0.45141,-0.24008,-0.00031091
0.44821,-0.23849,-0.00034902
0.44493,-0.23688,-0.0003899
0.44157,-0.23524,-0.00042675
0.43813,-0.23359,-0.00046715
0.43457,-0.23192,-0.00051865
0.43098,-0.2302,-0.00057419
0.42726,-0.2285,-0.00063408
0.42343,-0.22682,-0.00069882
0.41951,-0.22513,-0.0007686
0.4156,-0.22335,-0.00084365
0.41162,-0.22155,-0.00092431
0.40753,-0.2197,-0.0010108
0.40335,-0.21787,-0.0011028
0.39912,-0.21603,-0.0012011
0.39487,-0.21414,-0.0013054
0.39057,-0.21223,-0.0014159
0.38613,-0.21035,-0.0015398
0.38165,-0.20845,-0.0016699
0.37708,-0.20649,-0.0018064
0.37249,-0.20452,-0.0019494
0.36786,-0.20252,-0.0020917
0.36324,-0.20051,-0.0022405
0.35859,-0.19847,-0.0023954
0.35389,-0.1964,-0.0025635
0.34918,-0.1943,-0.002737
0.34441,-0.19218,-0.0029158
0.33965,-0.19009,-0.0030997
0.33488,-0.18793,-0.0032886
0.3301,-0.1857,-0.0034823
0.32533,-0.18344,-0.0036803
0.32051,-0.18115,-0.0038824
0.3157,-0.17889,-0.0040881
0.31085,-0.17659,-0.0043044
0.30601,-0.17422,-0.0045238
0.30117,-0.17183,-0.0047387
0.29639,-0.16945,-0.0049561
0.29161,-0.16705,-0.0051757
0.28679,-0.16462,-0.0054041
0.28202,-0.16216,-0.0056338
0.27721,-0.15964,-0.0058646
0.27241,-0.15715,-0.0060959
0.26763,-0.15464,-0.006328
0.26284,-0.15212,-0.0065604
0.25805,-0.14958,-0.006793
0.25322,-0.14704,-0.0070258
0.24844,-0.14449,-0.0072581
0.24365,-0.1419,-0.0074903
0.23887,-0.13931,-0.0077213
0.23399,-0.13672,-0.0079511
0.22911,-0.13413,-0.0081795
0.22421,-0.13155,-0.0084067
0.21929,-0.12896,-0.0086321
0.21438,-0.12638,-0.0088553
0.20942,-0.12381,-0.0090769
0.20446,-0.12124,-0.0092967
0.19945,-0.11863,-0.0095139
0.19445,-0.11607,-0.0097277
0.18942,-0.11352,-0.0099389
0.18432,-0.11097,-0.010147
0.17919,-0.10844,-0.010353
0.17398,-0.1059,-0.010562
0.16873,-0.10336,-0.010769
0.16343,-0.10081,-0.010974
0.15813,-0.098269,-0.011175
0.15279,-0.09573,-0.011373
0.14735,-0.09318,-0.01157
0.14187,-0.090676,-0.011762
0.13635,-0.088169,-0.011953
0.13079,-0.085665,-0.012141
0.12513,-0.083147,-0.012329
0.11952,-0.080632,-0.012509
0.11387,-0.078115,-0.012687
0.10813,-0.075574,-0.012864
0.10235,-0.07307,-0.013047
0.096537,-0.070563,-0.013228
0.090732,-0.068053,-0.013402
0.084852,-0.065539,-0.013574
0.078991,-0.062977,-0.013744
0.073107,-0.060409,-0.013913
0.067168,-0.057833,-0.014081
0.061173,-0.055295,-0.014246
0.055204,-0.052747,-0.014411
0.049269,-0.050237,-0.014573
0.043284,-0.047677,-0.014742
0.037295,-0.045113,-0.014908
0.031307,-0.042547,-0.015073
0.025323,-0.040023,-0.01523
0.019395,-0.0375,-0.015379
0.013436,-0.034936,-0.015533
0.0075394,-0.032422,-0.015686
0.0016215,-0.029916,-0.015838
-0.0042709,-0.027419,-0.015996
-0.010135,-0.024936,-0.016153
-0.015968,-0.022424,-0.016309
-0.021766,-0.01993,-0.016458
-0.027576,-0.017452,-0.0166
-0.033304,-0.014993,-0.016741
-0.039034,-0.012552,-0.016889
-0.04473,-0.010171,-0.017036
-0.050393,-0.007809,-0.017182
-0.056028,-0.0054661,-0.017329
-0.061589,-0.0031442,-0.017475
-0.067119,-0.00080058,-0.01762
-0.072572,0.0015198,-0.017758
-0.077991,0.0038182,-0.017895
-0.083377,0.0060973,-0.018039
-0.088729,0.0083585,-0.018181
-0.0941,0.010607,-0.018324
-0.099392,0.01284,-0.01846
-0.10468,0.015059,-0.018593
-0.1099,0.017222,-0.018726
-0.11508,0.01942,-0.018864
-0.12023,0.021608,-0.019001
-0.12535,0.02379,-0.019137
-0.13044,0.025968,-0.019265
-0.13546,0.028145,-0.019392
-0.1405,0.030324,-0.019525
-0.14551,0.032461,-0.019657
-0.15049,0.034646,-0.019781
-0.15536,0.036835,-0.019903
-0.16021,0.03903,-0.020025
-0.16507,0.041237,-0.020146
-0.16991,0.043454,-0.020266
-0.17472,0.045685,-0.020391
-0.17946,0.047932,-0.020515
-0.18423,0.050195,-0.020638
-0.18894,0.052433,-0.02076
-0.19363,0.054688,-0.020881
-0.1983,0.057007,-0.021003
-0.20292,0.059344,-0.021124
-0.20753,0.061658,-0.021246
-0.21207,0.063969,-0.021361
-0.21657,0.066337,-0.021476
-0.22106,0.068707,-0.02159
-0.22552,0.07109,-0.021705
-0.22996,0.073487,-0.02182
-0.23433,0.075882,-0.021935
-0.23871,0.078284,-0.02205
-0.24306,0.08069,-0.022165
-0.24734,0.083102,-0.02228
-0.25154,0.085502,-0.022394
-0.2557,0.0879,-0.022508
-0.25988,0.09034,-0.022621
-0.26396,0.092751,-0.022734
-0.268,0.095108,-0.022845
-0.27199,0.097454,-0.022956
-0.27597,0.099785,-0.023067
-0.27986,0.1021,-0.023177
-0.2837,0.10439,-0.023285
-0.28748,0.1067,-0.023393
-0.29117,0.10898,-0.0235
-0.2948,0.11123,-0.023607
-0.29842,0.11346,-0.023712
-0.30197,0.11564,-0.023822
-0.30542,0.11775,-0.023924
-0.30882,0.11983,-0.024024
-0.31216,0.12184,-0.024125
-0.31545,0.12385,-0.024233
-0.31869,0.12587,-0.02434
-0.32183,0.12781,-0.02444
-0.32496,0.12971,-0.024539
-0.32799,0.13157,-0.024637
-0.33096,0.13339,-0.024736
-0.33383,0.13516,-0.024826
-0.33665,0.13686,-0.024917
-0.33943,0.13851,-0.025015
-0.3421,0.14013,-0.025119
-0.34472,0.1417,-0.025223
-0.34725,0.14323,-0.025321
-0.34971,0.14472,-0.025419
-0.35215,0.1462,-0.025516
-0.35452,0.14765,-0.025613
-0.35686,0.14899,-0.025715
-0.35914,0.15026,-0.025816
-0.36135,0.15151,-0.025916
-0.3635,0.15273,-0.026017
-0.36561,0.15391,-0.026118
-0.36766,0.15506,-0.026221
-0.36961,0.15616,-0.026323
-0.37153,0.15724,-0.026427
-0.37337,0.15828,-0.026532
-0.37516,0.15933,-0.026637
-0.37691,0.16031,-0.026736
-0.37861,0.16126,-0.026836
-0.38025,0.16215,-0.026936
-0.38185,0.16302,-0.027043
-0.38344,0.16389,-0.02715
-0.38494,0.16475,-0.027248
-0.38642,0.16555,-0.027346
-0.38785,0.16628,-0.02745
-0.38925,0.167,-0.027553
-0.39061,0.1677,-0.027655
-0.39189,0.16838,-0.027756
-0.39313,0.16904,-0.027864
-0.39434,0.16968,-0.027963
-0.39552,0.17034,-0.028054
-0.39662,0.17099,-0.028144
-0.39769,0.17163,-0.028233
-0.39871,0.17224,-0.02832
-0.39969,0.1728,-0.028405
-0.40059,0.17334,-0.02848
-0.40145,0.17392,-0.028553
-0.40231,0.17449,-0.02863
-0.40313,0.17502,-0.028703
-0.40391,0.17553,-0.028773
-0.4046,0.17607,-0.028834
-0.40524,0.17659,-0.028891
-0.40586,0.1771,-0.028949
-0.40639,0.17761,-0.029002
-0.40689,0.17813,-0.029052
-0.40739,0.17865,-0.029097
-0.40785,0.17917,-0.029137
-0.40825,0.17965,-0.029173
-0.40857,0.18008,-0.029204
-0.40885,0.18056,-0.029224
-0.4091,0.18108,-0.02924
-0.4093,0.18156,-0.029252
-0.40943,0.18204,-0.02926
-0.40951,0.18252,-0.029264
-0.40954,0.18303,-0.02927
-0.40954,0.1835,-0.029272
-0.40946,0.18396,-0.029272
-0.40934,0.18442,-0.029268
-0.40913,0.18487,-0.029262
-0.40889,0.18531,-0.029247
-0.40859,0.18575,-0.02923
-0.40825,0.18614,-0.02921
-0.40784,0.18654,-0.029187
-0.40741,0.18695,-0.029159
-0.40692,0.1873,-0.029127
-0.40635,0.18762,-0.029099
-0.40568,0.18793,-0.02907
-0.40496,0.18821,-0.02904
-0.40416,0.18851,-0.029007
-0.40335,0.18878,-0.028981
-0.4025,0.189,-0.028957
-0.40159,0.18919,-0.028926
-0.40058,0.18935,-0.028887
-0.39951,0.18948,-0.028849
-0.39839,0.18958,-0.028811
-0.39722,0.18966,-0.028774
-0.39596,0.18966,-0.028737
-0.39465,0.18958,-0.028701
-0.39325,0.18953,-0.028661
-0.39177,0.18945,-0.028622
-0.39025,0.18931,-0.028584
-0.38869,0.18912,-0.028547
-0.38707,0.1889,-0.0285
-0.3854,0.18863,-0.028453
-0.38369,0.18833,-0.028412
-0.38192,0.18798,-0.028369
-0.38005,0.18759,-0.028317
-0.37815,0.18712,-0.028262
-0.3762,0.1866,-0.028206
-0.3742,0.18605,-0.028146
-0.3722,0.18548,-0.028083
-0.37015,0.18488,-0.028008
-0.36804,0.1842,-0.02793
-0.36589,0.18348,-0.027848
-0.36366,0.18277,-0.027759
-0.36139,0.18202,-0.027665
-0.3591,0.18124,-0.027565
-0.35677,0.18043,-0.027457
-0.35437,0.17956,-0.027343
-0.35195,0.17867,-0.027213
-0.3495,0.17776,-0.027075
-0.34696,0.17678,-0.026935
-0.3444,0.17579,-0.026786
-0.3418,0.17479,-0.026629
-0.33919,0.17377,-0.026463
-0.33656,0.17269,-0.026286
-0.33393,0.17158,-0.026108
-0.33126,0.17046,-0.025921
-0.32847,0.16934,-0.025714
-0.32563,0.16819,-0.025499
-0.32276,0.16703,-0.025283
-0.31991,0.16582,-0.025066
-0.31703,0.16459,-0.024834
-0.3141,0.16336,-0.024592
-0.31114,0.1621,-0.024344
-0.30809,0.16081,-0.02409
-0.30501,0.1595,-0.02383
-0.3019,0.15817,-0.023566
-0.29876,0.15686,-0.023299
-0.29551,0.15549,-0.023013
-0.29222,0.15406,-0.022732
-0.28889,0.15261,-0.022446
-0.28551,0.15119,-0.022158
-0.28209,0.14975,-0.021867
-0.27858,0.14824,-0.021573
-0.27503,0.14668,-0.02127
-0.27142,0.1451,-0.020957
-0.2678,0.1435,-0.02064
-0.26411,0.14187,-0.02032
-0.26042,0.14022,-0.019997
-0.25667,0.13854,-0.019669
-0.25282,0.13683,-0.019337
-0.24892,0.13514,-0.019001
-0.24493,0.13342,-0.018657
-0.24087,0.13166,-0.018312
-0.23676,0.12988,-0.017962
-0.23257,0.12808,-0.017601
-0.22834,0.12626,-0.017234
-0.22401,0.12438,-0.016859
-0.21964,0.12244,-0.016481
-0.21523,0.12044,-0.016095
-0.21073,0.11845,-0.0157
-0.20618,0.11643,-0.0153
-0.20158,0.11444,-0.0149
-0.19693,0.11242,-0.014493
-0.1922,0.11033,-0.014081
-0.18742,0.10822,-0.013664
-0.18256,0.10609,-0.013241
-0.17763,0.10397,-0.012813
-0.17266,0.10184,-0.012381
-0.16766,0.099662,-0.011945
-0.16262,0.097467,-0.011505
-0.15748,0.095256,-0.011063
-0.1523,0.093031,-0.010627
-0.14707,0.090786,-0.01019
-0.1418,0.088528,-0.0097458
-0.13649,0.086261,-0.0093019
-0.13114,0.083979,-0.0088673
-0.12577,0.08169,-0.0084351
-0.12031,0.079396,-0.0080064
-0.11483,0.077097,-0.0075818
-0.10932,0.074779,-0.0071625
-0.10379,0.072458,-0.0067569
-0.098237,0.070136,-0.0063587
-0.092616,0.067805,-0.0059691
-0.087023,0.065475,-0.0055892
-0.081415,0.063138,-0.0052197
-0.075794,0.060801,-0.0048616
-0.070118,0.058465,-0.0045156
-0.064477,0.056173,-0.0041822
-0.05883,0.053885,-0.0038622
-0.053184,0.05158,-0.0035559
-0.047588,0.049286,-0.0032641
-0.041951,0.047,-0.0029865
-0.03632,0.04472,-0.0027229
-0.030704,0.042451,-0.0024731
-0.025079,0.040248,-0.0022392
-0.01947,0.038059,-0.0020194
-0.013793,0.035846,-0.0018128
-0.0082016,0.033642,-0.0016255
-0.0025812,0.031502,-0.0014508
0.0030176,0.029386,-0.0012817
0.0086063,0.027248,-0.0011231
0.014187,0.025132,-0.00098246
0.01976,0.023039,-0.00085193
0.025323,0.020969,-0.0007307
0.030832,0.018924,-0.00061833
0.036384,0.016944,-0.00050963
0.041939,0.014982,-0.00040677
0.047488,0.012998,-0.00030908
0.052951,0.011081,-0.00023037
0.058413,0.0091861,-0.0001551
0.063923,0.0072689,-8.2554e-05
0.069433,0.0053728,-1.2079e-05
0.074944,0.0034958,5.6993e-05
0.080407,0.0016821,0.00012523
0.085875,-0.00011554,0.00020104
0.091343,-0.0018978,0.00027029
0.096806,-0.0036641,0.00034097
0.10234,-0.0053684,0.00041343
0.10787,-0.0070581,0.00048873
0.11341,-0.0087339,0.00056783
0.11891,-0.010391,0.00065092
0.12443,-0.01207,0.00074526
0.1299,-0.013733,0.00084123
0.13538,-0.01538,0.00094318
0.14089,-0.017062,0.0010525
0.14635,-0.018733,0.0011678
0.15184,-0.020349,0.0012902
0.15729,-0.021914,0.0014191
0.16275,-0.023521,0.0015567
0.1682,-0.025079,0.0017019
0.17365,-0.026632,0.0018557
0.17909,-0.02818,0.0020181
0.18449,-0.029767,0.0021892
0.18989,-0.031396,0.0023761
0.19524,-0.032981,0.0025716
0.20063,-0.034525,0.0027758
0.20596,-0.036072,0.0029883
0.21126,-0.037624,0.0032096
0.21654,-0.039178,0.0034393
0.2218,-0.040714,0.0036774
0.22702,-0.042298,0.0039313
0.23218,-0.043884,0.0041932
0.23733,-0.045475,0.0044632
0.24246,-0.047062,0.0047412
0.24754,-0.048655,0.005027
0.25263,-0.050254,0.0053206
0.25764,-0.051853,0.0056216
0.26259,-0.053452,0.0059288
0.26745,-0.055059,0.0062426
0.27229,-0.056679,0.0065637
0.27709,-0.058289,0.0068906
0.28184,-0.059905,0.0072226
0.28654,-0.061567,0.0075662
0.29114,-0.063224,0.0079141
0.2957,-0.064845,0.0082663
0.30021,-0.066463,0.0086221
0.30467,-0.06813,0.0089814
0.30904,-0.069799,0.0093436
0.31335,-0.071472,0.0097083
0.3176,-0.073149,0.010068
0.32181,-0.074808,0.010429
0.32598,-0.076468,0.010798
0.33006,-0.078128,0.011167
0.33407,-0.07979,0.011535
0.33802,-0.081452,0.011903
0.34192,-0.083114,0.012268
0.34576,-0.084772,0.01264
0.34945,-0.086385,0.013008
0.35313,-0.087992,0.013367
0.3567,-0.089634,0.013723
0.36021,-0.091268,0.014076
0.36366,-0.092847,0.014424
0.36704,-0.094413,0.014768
0.37036,-0.096008,0.015108
0.37362,-0.097587,0.015444
0.3768,-0.099123,0.015774
0.37988,-0.10069,0.016095
0.38291,-0.10226,0.016409
0.38589,-0.10377,0.016718
0.38881,-0.10528,0.017019
0.39164,-0.10672,0.017306
0.39435,-0.1081,0.017585
0.39706,-0.10951,0.017856
0.39972,-0.1109,0.018119
0.40231,-0.11222,0.01838
0.40484,-0.11351,0.018624
0.40732,-0.11478,0.018858
0.40973,-0.11606,0.019082
0.41203,-0.11735,0.019296
0.41428,-0.11858,0.019501
0.41647,-0.11978,0.019696
0.41861,-0.12099,0.019873
0.42068,-0.12214,0.020033
0.4227,-0.12327,0.020183
0.42466,-0.12437,0.020322
0.42655,-0.1254,0.020449
0.42834,-0.12641,0.020558
0.43005,-0.12744,0.020655
0.4317,-0.12844,0.020748
0.43327,-0.12938,0.020829
0.43478,-0.1303,0.020897
0.43623,-0.13119,0.020948
0.43761,-0.13207,0.020987
0.43896,-0.13297,0.021014
0.44024,-0.1338,0.021023
0.44147,-0.13462,0.021021
0.44259,-0.13546,0.021008
0.44364,-0.13629,0.020984
0.44463,-0.13707,0.020949
0.44556,-0.13784,0.020903
0.44643,-0.13864,0.02084
0.44725,-0.1394,0.020758
0.44801,-0.14015,0.020667
0.44868,-0.1409,0.020565
0.44931,-0.14165,0.020452
0.44984,-0.14239,0.020329
0.45027,-0.14314,0.020195
0.45067,-0.14389,0.020052
0.45105,-0.14466,0.0199
0.45138,-0.14543,0.019738
0.45164,-0.1462,0.019566
0.45186,-0.14699,0.019387
0.45204,-0.14778,0.019191
0.45218,-0.14854,0.018982
0.45229,-0.14932,0.018765
0.45235,-0.15015,0.018541
0.45238,-0.15098,0.018309
0.45237,-0.15179,0.01807
0.45232,-0.1526,0.017824
0.45226,-0.15343,0.017564
0.45217,-0.15426,0.017304
0.45204,-0.15509,0.01704
0.45185,-0.15592,0.016762
0.45165,-0.1568,0.016483
0.45143,-0.15768,0.016199
0.45119,-0.15857,0.015909
0.45095,-0.15945,0.015612
0.4507,-0.16035,0.015303
0.45043,-0.16124,0.014985
0.45011,-0.16213,0.01467
0.44982,-0.16302,0.014349
0.44952,-0.16392,0.014025
0.44923,-0.16483,0.013697
0.44888,-0.16578,0.013365
0.44853,-0.16669,0.013029
0.44817,-0.1676,0.01269
0.44783,-0.16855,0.012347
0.4475,-0.16945,0.012001
0.44715,-0.17034,0.011654
0.4468,-0.17123,0.011303
0.44641,-0.17217,0.010951
0.44606,-0.17315,0.010605
0.44572,-0.17414,0.010258
0.44532,-0.17508,0.0099109
0.44497,-0.17603,0.0095636
0.44461,-0.17703,0.0092101
0.44426,-0.17804,0.0088578
0.4439,-0.17906,0.0085069
0.44355,-0.18004,0.0081583
0.44321,-0.18108,0.0078115
0.44284,-0.18218,0.0074664
0.44244,-0.18328,0.0071235
0.44203,-0.18437,0.006791
0.44162,-0.18547,0.0064619
0.44124,-0.18658,0.0061363
0.44085,-0.18772,0.0058151
0.44042,-0.18887,0.0054986
0.44003,-0.19006,0.0051948
0.43968,-0.19126,0.0048963
0.43933,-0.19249,0.0045972
0.43898,-0.19374,0.0043047
0.43864,-0.19507,0.0040189
0.4383,-0.19641,0.0037474
0.43795,-0.19778,0.0034834
0.43759,-0.19913,0.0032275
0.43719,-0.20051,0.0029791
0.43679,-0.20191,0.0027386
0.4364,-0.20333,0.0025065
0.43603,-0.20477,0.002283
0.43566,-0.20627,0.0020679
0.43527,-0.20784,0.0018598
0.43488,-0.20938,0.0016675
0.43451,-0.21091,0.0014834
0.43413,-0.21246,0.0013078
0.43374,-0.21403,0.0011404
0.43335,-0.21565,0.00097753
0.433,-0.21729,0.00082262
0.43264,-0.21894,0.00067518
0.43226,-0.2206,0.00053453
0.43188,-0.22231,0.00039294
0.43148,-0.22404,0.0002569
0.43108,-0.22577,0.00012547
0.43067,-0.22752,4.9722e-06
0.43026,-0.22928,-0.00010515
0.42981,-0.23106,-0.00022031
0.42935,-0.23286,-0.00033361
0.42888,-0.23467,-0.00044585
0.42841,-0.2365,-0.00055774
0.42792,-0.23834,-0.0006701
0.42742,-0.24021,-0.00078209
0.4269,-0.24209,-0.00088783
0.42641,-0.24397,-0.0010045
0.42591,-0.24587,-0.0011243
0.42537,-0.2478,-0.0012477
0.42481,-0.2497,-0.001379
0.42424,-0.2516,-0.0015152
0.42364,-0.25356,-0.0016569
0.42303,-0.25552,-0.0018014
0.42241,-0.25745,-0.0019604
0.42179,-0.25939,-0.0021218
0.4211,-0.26137,-0.002291
0.42035,-0.26335,-0.0024674
0.41958,-0.26533,-0.0026525
0.41883,-0.2673,-0.0028465
0.41809,-0.26923,-0.0030492
0.41734,-0.27115,-0.0032613
0.41658,-0.27307,-0.0034822
0.41574,-0.27497,-0.0037195
0.41487,-0.2769,-0.0039655
0.41398,-0.27882,-0.0042209
0.41312,-0.28076,-0.0044854
0.41227,-0.28264,-0.0047593
0.41138,-0.28451,-0.0050427
0.41047,-0.28636,-0.0053351
0.40955,-0.2882,-0.0056436
0.40857,-0.29003,-0.0059607
0.40759,-0.29184,-0.0062863
0.4066,-0.29363,-0.0066201
0.4056,-0.29541,-0.0069622
0.40461,-0.29719,-0.0073127
0.4036,-0.2989,-0.0076705
0.40259,-0.3006,-0.0080354
0.40162,-0.30229,-0.0084069
0.40065,-0.30396,-0.0087848
0.39967,-0.30564,-0.009168
0.39866,-0.30732,-0.009556
0.39762,-0.30895,-0.0099566
0.39663,-0.31056,-0.010361
0.39568,-0.31216,-0.010769
0.39469,-0.31373,-0.011179
0.39371,-0.3153,-0.011593
0.3927,-0.31685,-0.012008
0.39169,-0.31834,-0.012425
0.39073,-0.31986,-0.012851
0.38978,-0.32136,-0.013278
0.38878,-0.32283,-0.013698
0.38782,-0.32429,-0.014117
0.38688,-0.32573,-0.014536
0.38593,-0.32716,-0.014954
0.38498,-0.32858,-0.015371
0.38404,-0.32998,-0.015786
0.38312,-0.33134,-0.016198
0.3822,-0.33267,-0.016614
0.38127,-0.33403,-0.017026
0.38034,-0.33537,-0.017434
0.37941,-0.33675,-0.017846
0.37849,-0.33806,-0.018251
0.37757,-0.33934,-0.018652
0.37665,-0.34061,-0.019049
0.37574,-0.34187,-0.019443
0.37483,-0.34308,-0.019827
0.37392,-0.34428,-0.020207
0.37298,-0.34552,-0.020583
0.37203,-0.34675,-0.020964
0.37108,-0.34796,-0.021341
0.37017,-0.34915,-0.021707
0.36924,-0.35036,-0.022077
0.3683,-0.35156,-0.022443
0.36736,-0.35275,-0.022808
0.36638,-0.3539,-0.023163
0.36541,-0.35504,-0.023519
0.36446,-0.35617,-0.02388
0.36347,-0.35732,-0.024231
0.36247,-0.35851,-0.024581
0.3615,-0.3597,-0.024929
0.36051,-0.36088,-0.025277
0.35946,-0.36203,-0.025623
0.35841,-0.36314,-0.025969
0.35735,-0.36426,-0.026315
0.35627,-0.36543,-0.026652
0.35517,-0.3666,-0.026989
0.3541,-0.36773,-0.027324
0.35301,-0.36886,-0.027659
0.35195,-0.37003,-0.027991
0.35084,-0.37121,-0.028323
0.34967,-0.37235,-0.028661
0.34849,-0.37348,-0.028997
0.34729,-0.37466,-0.029332
0.34614,-0.37585,-0.029659
0.34498,-0.37703,-0.029984
0.34381,-0.37818,-0.030301
0.34259,-0.37927,-0.030616
0.34133,-0.38041,-0.030937
0.34009,-0.38154,-0.031255
0.33889,-0.38265,-0.03157
0.33769,-0.38374,-0.031875
0.33648,-0.38483,-0.032177
0.33527,-0.38591,-0.032477
0.33407,-0.38698,-0.032773
0.33286,-0.38801,-0.033071
0.33164,-0.38902,-0.033365
0.3304,-0.39007,-0.033649
0.32917,-0.3911,-0.033929
0.32795,-0.39212,-0.034205
0.32677,-0.39307,-0.034484
0.32561,-0.39397,-0.034759
0.32441,-0.39488,-0.035029
0.32325,-0.39581,-0.035288
0.3221,-0.39672,-0.035549
0.32092,-0.39761,-0.035807
0.31975,-0.39849,-0.036061
0.3186,-0.39938,-0.036307
0.3175,-0.40025,-0.03655
0.31642,-0.40112,-0.036798
0.3153,-0.40194,-0.037036
0.31418,-0.40275,-0.037271
0.31312,-0.40356,-0.037512
0.31207,-0.40436,-0.037752
0.31099,-0.40517,-0.037991
0.30992,-0.40598,-0.03823
0.3089,-0.40679,-0.038469
0.30789,-0.40759,-0.038709
0.30684,-0.40838,-0.038951
0.30581,-0.40917,-0.039188
0.30478,-0.40997,-0.039427
0.3038,-0.41074,-0.039667
0.30283,-0.41148,-0.039904
0.30181,-0.41222,-0.04015
0.3008,-0.41299,-0.040397
0.2998,-0.41375,-0.040647
0.29879,-0.41451,-0.0409
0.29778,-0.41526,-0.041154
0.29672,-0.416,-0.041404
0.2957,-0.41668,-0.041655
0.29472,-0.41735,-0.041916
0.29374,-0.41801,-0.04218
0.29275,-0.41865,-0.042446
0.29176,-0.41924,-0.042707
0.29077,-0.41981,-0.04297
0.28973,-0.42033,-0.04324
0.28872,-0.42085,-0.043517
0.28771,-0.42135,-0.043797
0.28666,-0.42182,-0.04407
0.2856,-0.4222,-0.044345
0.28453,-0.42249,-0.044621
0.28346,-0.42274,-0.044897
0.28238,-0.42297,-0.045174
0.28133,-0.42321,-0.045452
0.28023,-0.42335,-0.045739
0.27912,-0.42344,-0.046027
0.27805,-0.42347,-0.046307
0.27697,-0.42346,-0.046589
0.27588,-0.4234,-0.046872
0.27475,-0.42325,-0.047157
0.27357,-0.42301,-0.047443
0.27238,-0.42276,-0.047736
0.27121,-0.42249,-0.048022
0.27003,-0.42212,-0.048306
0.26883,-0.42165,-0.048591
0.26763,-0.42112,-0.048875
0.26641,-0.4206,-0.04916
0.26517,-0.42007,-0.049452
0.26388,-0.41944,-0.049743
0.26262,-0.41872,-0.050026
0.26134,-0.41796,-0.050302
0.26001,-0.41716,-0.050578
0.25867,-0.41633,-0.050853
0.2573,-0.41541,-0.051126
0.25592,-0.41444,-0.051396
0.25451,-0.41348,-0.05167
0.25309,-0.4125,-0.051937
0.25165,-0.41149,-0.0522
0.25022,-0.41039,-0.052465
0.24878,-0.40927,-0.052726
0.24731,-0.40807,-0.052977
0.24579,-0.4069,-0.053217
0.24425,-0.40571,-0.053453
0.24275,-0.40446,-0.053684
0.24123,-0.40315,-0.053917
0.2397,-0.40183,-0.054138
0.23817,-0.40049,-0.054352
0.23663,-0.39916,-0.054551
0.23508,-0.3978,-0.054748
0.23349,-0.39638,-0.054947
0.2319,-0.39494,-0.05513
0.23033,-0.39347,-0.055304
0.22876,-0.39199,-0.055471
0.22721,-0.3905,-0.05563
0.22564,-0.38899,-0.055783
0.22413,-0.38746,-0.055928
0.22262,-0.38586,-0.056064
0.22109,-0.38424,-0.056193
0.21951,-0.38263,-0.056313
0.21799,-0.38102,-0.056426
0.21648,-0.37939,-0.056532
0.21502,-0.37769,-0.056632
0.21354,-0.37601,-0.056728
0.21202,-0.37426,-0.056817
0.21055,-0.37249,-0.056894
0.2091,-0.37075,-0.056966
0.20764,-0.36899,-0.057033
0.2062,-0.36721,-0.057097
0.20476,-0.36538,-0.057156
0.20337,-0.36353,-0.057219
0.20199,-0.36167,-0.057282
0.20056,-0.35979,-0.057333
0.1991,-0.35794,-0.057391
0.19764,-0.35608,-0.057447
0.19618,-0.35421,-0.057503
0.19472,-0.35228,-0.057561
0.1933,-0.35036,-0.057613
0.19192,-0.34839,-0.05766
0.19052,-0.3464,-0.057707
0.18912,-0.3444,-0.057757
0.18769,-0.34244,-0.057814
0.18626,-0.34048,-0.057874
0.18485,-0.3385,-0.057937
0.18344,-0.33648,-0.058005
0.18198,-0.33445,-0.058074
0.18055,-0.33244,-0.058139
0.17913,-0.33043,-0.058207
0.17763,-0.32842,-0.058286
0.17612,-0.3264,-0.058369
0.17461,-0.32434,-0.058455
0.17314,-0.32231,-0.058544
0.1717,-0.32031,-0.058643
0.17026,-0.31828,-0.058739
0.16881,-0.31625,-0.058839
0.16732,-0.31422,-0.058937
0.16583,-0.3122,-0.059038
0.16433,-0.31019,-0.059142
0.16283,-0.30813,-0.059248
0.16133,-0.30608,-0.059364
0.15987,-0.30408,-0.059483
0.1584,-0.30208,-0.059604
0.15694,-0.30005,-0.059735
0.15548,-0.29803,-0.059869
0.15402,-0.29605,-0.060002
0.15257,-0.29411,-0.060139
0.15112,-0.29215,-0.060278
0.14968,-0.29015,-0.060413
0.14821,-0.28811,-0.06055
0.14675,-0.28608,-0.060689
0.14529,-0.28404,-0.06083
0.14384,-0.28205,-0.060972
0.1424,-0.2801,-0.061123
0.14096,-0.27809,-0.061272
0.13953,-0.27607,-0.061422
0.13811,-0.27404,-0.061576
0.1367,-0.27204,-0.061724
0.13529,-0.27003,-0.061872
0.13387,-0.26803,-0.062019
0.13245,-0.26599,-0.062174
0.13102,-0.26391,-0.062334
0.12963,-0.26186,-0.062485
0.1282,-0.25978,-0.062632
0.12676,-0.25769,-0.06278
0.12532,-0.25559,-0.062927
0.12387,-0.25348,-0.063072
0.12242,-0.25134,-0.063212
0.12097,-0.24918,-0.063351
0.11951,-0.24706,-0.063488
0.11809,-0.24489,-0.063631
0.1167,-0.24266,-0.063772
0.11531,-0.24042,-0.06391
0.11387,-0.23816,-0.064039
0.11239,-0.23592,-0.064165
0.11091,-0.23367,-0.064295
0.10947,-0.23145,-0.064422
0.10803,-0.22922,-0.064548
0.1066,-0.22693,-0.064672
0.10518,-0.22463,-0.064794
0.10375,-0.22228,-0.064914
0.10234,-0.21997,-0.065035
0.10089,-0.21765,-0.065152
0.099451,-0.21531,-0.065268
0.098017,-0.21298,-0.065383
0.096683,-0.2106,-0.065501
0.095358,-0.20821,-0.065618
0.094003,-0.20578,-0.065736
0.092661,-0.20337,-0.065854
0.091378,-0.20096,-0.065971
0.090068,-0.19859,-0.066098
0.088774,-0.19621,-0.066226
0.087454,-0.19382,-0.066358
0.086172,-0.19143,-0.066487
0.084906,-0.18903,-0.066627
0.083632,-0.18664,-0.066769
0.08237,-0.18421,-0.066908
0.081165,-0.18178,-0.067052
0.07997,-0.17935,-0.067201
0.078785,-0.17688,-0.067356
0.077652,-0.1744,-0.067514
0.076531,-0.17192,-0.067685
0.075424,-0.16948,-0.067861
0.074329,-0.16707,-0.068046
0.073206,-0.16461,-0.06823
0.072097,-0.16215,-0.06842
0.071002,-0.15964,-0.068611
0.069963,-0.15716,-0.068815
0.068893,-0.15463,-0.069024
0.067836,-0.1521,-0.069238
0.06679,-0.14959,-0.069459
0.065753,-0.14708,-0.069678
0.064724,-0.14455,-0.069902
0.063701,-0.14201,-0.070129
0.062682,-0.1395,-0.07036
0.061709,-0.13694,-0.070602
0.060742,-0.13433,-0.070848
0.059732,-0.13171,-0.071103
0.058722,-0.12913,-0.071359
0.057712,-0.12654,-0.071618
0.056789,-0.12394,-0.071872
0.055867,-0.12134,-0.072129
0.054903,-0.11874,-0.072396
0.053942,-0.11609,-0.072664
0.052986,-0.11344,-0.072934
0.052037,-0.11083,-0.073209
0.051094,-0.10822,-0.073486
0.050139,-0.1056,-0.073768
0.049189,-0.10298,-0.074052
0.048243,-0.10037,-0.07434
0.047313,-0.097731,-0.074631
0.046387,-0.095089,-0.074924
0.045476,-0.092476,-0.075215
0.04457,-0.089867,-0.075509
0.043701,-0.087273,-0.075818
0.04284,-0.084685,-0.076129
0.041988,-0.082098,-0.076445
0.04115,-0.079524,-0.076766
0.040324,-0.076948,-0.077093
0.039513,-0.074379,-0.077423
0.038718,-0.071819,-0.07776
0.037892,-0.069319,-0.078096
0.037081,-0.066832,-0.078439
0.036266,-0.064342,-0.078792
0.03551,-0.061867,-0.079159
0.034767,-0.059423,-0.079531
0.034039,-0.056999,-0.079902
0.033323,-0.054596,-0.08028
0.032643,-0.052213,-0.080671
0.031974,-0.049852,-0.081068
0.031296,-0.047519,-0.08147
0.030631,-0.045255,-0.081878
0.029977,-0.043018,-0.082295
0.029381,-0.040816,-0.082721
0.028797,-0.038648,-0.083154
0.028228,-0.036516,-0.083592
0.027625,-0.034417,-0.084027
0.027034,-0.032359,-0.084467
0.026478,-0.030389,-0.084712
0.025933,-0.028463,-0.084956
0.025353,-0.026586,-0.08519
0.024781,-0.024758,-0.085403
0.024212,-0.022983,-0.085585
0.02369,-0.02126,-0.085726
0.023169,-0.019592,-0.085817
0.022647,-0.01798,-0.08584
0.022126,-0.016424,-0.085795
0.021603,-0.01497,-0.085681
0.021078,-0.013575,-0.085483
0.02055,-0.012241,-0.085194
0.020018,-0.011013,-0.084806
0.019482,-0.0098481,-0.084315
0.018939,-0.0087494,-0.083709
0.018391,-0.0077178,-0.08299
0.017839,-0.0067132,-0.082153
0.017279,-0.0057738,-0.081198
0.016713,-0.0048975,-0.080124
0.016136,-0.0041227,-0.078933
0.015551,-0.0034078,-0.077623
0.015004,-0.002797,-0.076197
0.014451,-0.0022449,-0.074655
0.013894,-0.0017049,-0.073
0.013336,-0.001219,-0.071239
0.012777,-0.00078355,-0.069375
0.012221,-0.00039447,-0.067416
0.011669,-4.7474e-05,-0.065367
0.011078,0.00021709,-0.06323
0.010491,0.00044623,-0.061018
0.0099555,0.00064218,-0.058737
0.0094269,0.00080923,-0.056399
0.0089074,0.00095097,-0.054014
0.0083536,0.0010264,-0.051599
0.0078092,0.0010814,-0.049157
