-0.013976,-0.17322,-0.00036874
-0.015417,-0.1818,-0.00033035
-0.017045,-0.19018,-0.00028776
-0.018606,-0.19848,-0.00024883
-0.020566,-0.20625,-0.00019911
-0.028244,-0.22398,-0.00014685
-0.030605,-0.23117,-9.2113e-05
-0.033574,-0.23895,-3.5724e-05
-0.036645,-0.24604,2.2194e-05
-0.040047,-0.25302,8.0983e-05
-0.043686,-0.24868,0.00013996
-0.04767,-0.25499,0.00019902
-0.051961,-0.27176,0.0002573
-0.056403,-0.27675,0.00031465
-0.061025,-0.28139,0.00037041
-0.076895,-0.27453,0.00042394
-0.082056,-0.27809,0.00047515
-0.076648,-0.29167,0.00052325
-0.08264,-0.29357,0.0005682
-0.09968,-0.29499,0.00060249
-0.10586,-0.2959,0.00063949
-0.12356,-0.28528,0.00067172
-0.13078,-0.2849,0.0006991
-0.13879,-0.2835,0.00072131
-0.13655,-0.2923,0.00073806
-0.14572,-0.2892,0.00074944
-0.15487,-0.27442,0.00075514
-0.16417,-0.27017,0.00075533
-0.19517,-0.26482,0.00075836
-0.20485,-0.25879,0.00074762
-0.21534,-0.25194,0.00073184
-0.21596,-0.24455,0.00083554
-0.22755,-0.23621,0.00081341
-0.25029,-0.23831,0.00077339
-0.26222,-0.22904,0.00075362
-0.28576,-0.21966,0.00075424
-0.29868,-0.2105,0.00073699
-0.31233,-0.20151,0.00072197
-0.32652,-0.18163,0.00075161
-0.3413,-0.16715,0.00074329
-0.35593,-0.15768,0.0010157
-0.37114,-0.15017,0.0011945
-0.38669,-0.14046,0.0012311
-0.41251,-0.12864,0.0013432
-0.4282,-0.1187,0.0014269
-0.44484,-0.10896,0.001895
-0.46072,-0.099011,0.0020367
-0.48824,-0.08935,0.001847
-0.50469,-0.074065,0.0020639
-0.52124,-0.064406,0.0023025
-0.53813,-0.054948,0.002892
-0.5549,-0.045584,0.0031756
-0.58302,-0.036565,0.0044018
-0.5998,-0.02778,0.0047296
-0.62731,-0.01928,0.004246
-0.64477,-0.011399,0.0047156
-0.66251,-0.004019,0.0052024
-0.66902,0.014026,0.0066346
-0.68689,0.020925,0.0071676
-0.71605,0.027478,0.0077623
-0.73286,0.02251,0.0083444
-0.75823,0.039377,0.0089635
-0.77386,0.055737,0.0096568
-0.79027,0.061016,0.010375
-0.81881,0.066233,0.011142
-0.83484,0.071721,0.011894
-0.85041,0.077294,0.014501
-0.86488,0.083208,0.015309
-0.88081,0.077632,0.016211
-0.89423,0.082255,0.017182
-0.92021,0.097812,0.020092
-0.93437,0.10199,0.021242
-0.94827,0.10592,0.022532
-0.97219,0.10969,0.023926
-0.9857,0.11337,0.025474
-0.99939,0.1221,0.025283
-1.0066,0.13577,0.026978
-1.0193,0.13391,0.030546
-1.0307,0.13853,0.032271
-1.0416,0.14267,0.034052
-1.0618,0.15433,0.035838
-1.0714,0.14745,0.03769
-1.0817,0.15344,0.04147
-1.0901,0.16894,0.04338
-1.106,0.17452,0.045223
-1.1134,0.17958,0.047258
-1.1092,0.17367,0.049327
-1.1173,0.18012,0.051503
-1.1338,0.19618,0.053594
-1.1395,0.20262,0.055709
-1.1329,0.20832,0.05777
-1.1469,0.21551,0.06162
-1.1383,0.21048,0.063623
-1.1399,0.21622,0.065639
-1.1416,0.22439,0.067713
-1.1525,0.24096,0.069708
-1.1617,0.24474,0.069746
-1.161,0.23904,0.071612
-1.1606,0.24599,0.075206
-1.1377,0.25045,0.076795
-1.1356,0.25465,0.078301
-1.143,0.25836,0.079671
-1.1501,0.26183,0.08083
-1.1465,0.26456,0.081965
-1.132,0.27805,0.082994
-1.1282,0.28041,0.083853
-1.1137,0.28271,0.08458
-1.1085,0.28491,0.085121
-1.1139,0.28699,0.08737
-1.1078,0.27761,0.087582
-1.1092,0.27865,0.08942
-1.1035,0.27883,0.089264
-1.0977,0.27854,0.089363
-1.0947,0.28313,0.087721
-1.0791,0.28147,0.087574
-1.0867,0.27397,0.087543
-1.0816,0.27175,0.086976
-1.075,0.26869,0.086507
-1.0604,0.26515,0.086445
-1.0574,0.26092,0.085906
-1.0568,0.25619,0.087243
-1.0541,0.25099,0.086229
-1.0628,0.24529,0.08553
-1.0494,0.23928,0.083904
-1.0471,0.23283,0.081253
-1.035,0.22594,0.08135
-1.0334,0.21893,0.08046
-1.0426,0.21172,0.079502
-1.0521,0.2044,0.077534
-1.0516,0.19674,0.078264
-1.0398,0.18944,0.077081
-1.0405,0.18039,0.075938
-1.0324,0.16133,0.074837
-1.0329,0.15324,0.073723
-1.0447,0.14662,0.072664
-1.0323,0.13804,0.071603
-1.022,0.12913,0.072519
-1.0222,0.12008,0.069763
-1.0295,0.10921,0.068165
-1.0279,0.11152,0.067373
-1.0264,0.10329,0.066636
-1.0165,0.086254,0.064825
-1.0138,0.078627,0.064096
-1.0207,0.071297,0.063333
-1.0066,0.064289,0.062666
-1.0128,0.057764,0.061973
-1.0078,0.046071,0.063214
-1.0033,0.040151,0.062736
-0.99785,0.037521,0.06044
-0.99341,0.032561,0.060086
-1.0007,0.02807,0.0598
-0.98645,0.016606,0.059566
-0.9825,0.01372,0.059341
-0.97746,0.0083113,0.057209
-0.97398,0.0049969,0.056955
-0.96221,0.0010087,0.058643
-0.95873,-0.0018014,0.058373
-0.96664,-0.0043389,0.056325
-0.96131,-0.0080368,0.056035
-0.95896,-0.010077,0.055833
-0.9557,-0.012918,0.055543
-0.95368,-0.014494,0.055261
-0.94257,-0.017201,0.05501
-0.94083,-0.018385,0.054611
-0.93707,-0.020178,0.05223
-0.9342,-0.023804,0.051692
-0.9419,-0.023731,0.052889
-0.93033,-0.022635,0.054227
-0.92851,-0.023188,0.05372
-0.92849,-0.025468,0.051495
-0.92662,-0.025782,0.051035
-0.91372,-0.026003,0.050583
-0.90106,-0.026087,0.050175
-0.90934,-0.026094,0.04977
-0.90592,-0.026008,0.049384
-0.90184,-0.025813,0.049006
-0.90558,-0.025495,0.050351
-0.90019,-0.025124,0.05003
-0.895,-0.024663,0.047973
-0.87918,-0.024076,0.045951
-0.86683,-0.021536,0.047785
-0.85341,-0.020722,0.045862
-0.84673,-0.019774,0.045567
-0.84667,-0.020534,0.043198
-0.83591,-0.024998,0.044533
-0.82795,-0.022254,0.046007
-0.80563,-0.015833,0.045515
-0.79729,-0.014862,0.047141
-0.78859,-0.01378,0.047008
-0.77638,-0.01258,0.046885
-0.76269,-0.011342,0.045576
-0.74727,-0.0099741,0.043713
-0.7325,-0.0084487,0.043173
-0.70743,-0.0069084,0.043271
-0.70725,0.00030131,0.045402
-0.69293,0.0020952,0.047421
-0.67799,0.004181,0.047693
-0.64736,0.0063825,0.047815
-0.62151,0.0090156,0.048374
-0.62306,0.0063771,0.048776
-0.6073,0.0095321,0.047675
-0.58884,0.017997,0.048906
-0.57356,0.02258,0.04968
-0.55903,0.025788,0.050493
-0.53682,0.029296,0.04962
-0.51158,0.030988,0.050391
-0.50544,0.034507,0.052774
-0.50233,0.038168,0.051506
-0.48998,0.041853,0.05205
-0.47004,0.047406,0.053243
-0.45893,0.051133,0.053604
-0.44887,0.054874,0.055763
-0.43599,0.056705,0.05522
-0.42811,0.060265,0.053616
-0.4099,0.063643,0.053795
-0.40569,0.066576,0.053361
-0.38802,0.069515,0.05328
-0.38116,0.072217,0.053038
-0.37088,0.074876,0.053089
-0.36514,0.079789,0.052626
-0.35774,0.081767,0.05195
-0.34012,0.083648,0.051225
-0.33387,0.085273,0.05043
-0.32928,0.085795,0.051518
-0.3227,0.086908,0.050596
-0.3164,0.087751,0.047841
-0.31019,0.088301,0.045031
-0.30284,0.099616,0.043865
-0.28479,0.099865,0.044492
-0.27783,0.10034,0.043242
-0.26547,0.0898,0.043505
-0.25777,0.090419,0.042244
-0.25549,0.10206,0.039557
-0.24588,0.10247,0.036422
-0.23619,0.091827,0.035067
-0.22976,0.093096,0.035723
-0.22132,0.093305,0.03444
-0.21277,0.10331,0.033144
-0.2043,0.10321,0.03188
-0.17494,0.10337,0.028878
-0.1642,0.10369,0.027575
-0.14583,0.10433,0.028366
-0.14716,0.10507,0.027223
-0.13695,0.10601,0.026181
-0.13343,0.095894,0.025001
-0.12225,0.096934,0.024177
-0.098864,0.10857,0.023379
-0.079399,0.10919,0.021052
-0.059997,0.11023,0.02071
-0.048076,0.11121,0.022096
-0.034578,0.11231,0.021743
-0.025439,0.11147,0.019275
-0.011145,0.11272,0.019083
-0.0057253,0.11463,0.017672
0.016441,0.11785,0.019626
0.030934,0.11934,0.01963
0.046884,0.10731,0.018881
0.060991,0.10857,0.018953
0.084655,0.12046,0.017277
0.098347,0.1209,0.017312
0.11309,0.12123,0.017231
0.12549,0.12164,0.018556
0.1386,0.12194,0.018565
0.15003,0.12213,0.021108
0.16216,0.12231,0.02125
0.19962,0.12772,0.019419
0.21162,0.12768,0.019693
0.22196,0.11696,0.018297
0.21819,0.11719,0.018903
0.2415,0.11691,0.019128
0.27003,0.12198,0.019654
0.28196,0.12152,0.019872
0.29448,0.11506,0.021179
0.30699,0.11414,0.02135
0.31878,0.11299,0.019777
0.32322,0.11139,0.021678
0.33329,0.10976,0.023913
0.35298,0.10782,0.022485
0.36455,0.10554,0.022757
0.38565,0.11426,0.023155
0.39659,0.11185,0.023475
0.40822,0.1097,0.021891
0.41912,0.108,0.020295
0.43167,0.10643,0.0221
0.44265,0.10548,0.023959
0.45257,0.10493,0.024012
0.48351,0.094375,0.024895
0.49338,0.094367,0.024996
0.50568,0.094114,0.024963
0.51273,0.093695,0.024708
0.52378,0.093397,0.024889
0.5301,0.10197,0.025336
0.54126,0.10169,0.025544
0.56854,0.10364,0.025432
0.58151,0.10396,0.023651
0.59161,0.10492,0.023895
0.60385,0.10607,0.025792
0.61602,0.1076,0.025842
0.62687,0.098297,0.025998
0.63916,0.099823,0.02605
0.66426,0.10094,0.025922
0.67198,0.11359,0.024371
0.68231,0.1156,0.02637
0.70052,0.10611,0.027801
0.71294,0.10772,0.02783
0.72716,0.10912,0.027693
0.73943,0.11072,0.02789
0.76211,0.11208,0.028205
0.78384,0.1019,0.026755
0.79755,0.11278,0.026959
0.78937,0.1122,0.02907
0.80179,0.11138,0.029446
0.81191,0.1106,0.028227
0.82249,0.1092,0.028598
0.83425,0.10724,0.026856
0.86213,0.11682,0.027363
0.8808,0.11564,0.027689
0.87738,0.10339,0.027836
0.88593,0.10187,0.027791
0.89624,0.10015,0.027555
0.90368,0.098275,0.027293
0.9112,0.096165,0.028733
0.91516,0.094184,0.028493
0.92167,0.091819,0.027994
0.93626,0.088818,0.028859
0.94151,0.086342,0.028511
0.95769,0.083765,0.026345
0.96214,0.093102,0.024937
0.96799,0.10212,0.026315
0.96574,0.089621,0.025653
0.98301,0.077504,0.025034
0.98672,0.076996,0.024699
0.99179,0.076414,0.024285
1.0079,0.086825,0.02205
1.0136,0.086546,0.019707
1.0224,0.073296,0.020609
1.0181,0.062469,0.019839
1.0314,0.076067,0.017724
1.0405,0.086511,0.01852
1.0479,0.086629,0.017566
1.0438,0.087343,0.018486
1.0511,0.088564,0.017521
1.0699,0.090104,0.016493
1.0734,0.092644,0.014051
1.0915,0.095377,0.013158
1.0996,0.09859,0.014114
1.1072,0.10232,0.013401
1.1164,0.10664,0.010921
1.1248,0.11118,0.010289
1.1451,0.1159,0.0095853
1.1446,0.10965,0.00889
1.1533,0.1146,0.0084823
1.1619,0.11913,0.0099426
1.1715,0.12326,0.0096068
1.1905,0.12704,0.0075403
1.2001,0.13047,0.0073607
1.2205,0.14481,0.0073547
1.2124,0.15859,0.0069115
1.2221,0.15116,0.0068656
1.2294,0.15527,0.0070551
1.2382,0.15921,0.0071211
1.2577,0.16305,0.0090532
1.2692,0.15777,0.0090896
1.2881,0.16103,0.009499
1.2797,0.16165,0.010301
1.2952,0.16567,0.010282
1.3041,0.16676,0.010856
1.3115,0.16746,0.011662
1.3222,0.16528,0.013066
1.33,0.16466,0.013993
1.3481,0.17471,0.015178
1.3424,0.17333,0.016519
1.3494,0.17151,0.015867
1.3581,0.16936,0.015037
1.3647,0.16737,0.016148
1.3929,0.16563,0.019162
1.3964,0.17512,0.020395
1.4036,0.17331,0.021071
1.4002,0.17235,0.021854
1.4186,0.17154,0.020585
1.4251,0.16048,0.021329
1.4326,0.16028,0.021826
1.442,0.15616,0.023766
1.4421,0.15532,0.023597
1.4593,0.15862,0.023927
1.4649,0.15824,0.026047
1.4781,0.15752,0.026069
1.4762,0.15657,0.025926
1.4836,0.15583,0.02593
1.5018,0.15503,0.024057
1.4989,0.15404,0.02382
1.5109,0.15381,0.025764
1.5165,0.15312,0.023691
1.5334,0.15203,0.023161
1.5388,0.15141,0.022794
1.5449,0.15072,0.022266
1.562,0.14988,0.02157
1.5572,0.14926,0.022798
1.5636,0.14887,0.020421
1.5691,0.13716,0.017968
1.5863,0.13592,0.018995
1.5798,0.14574,0.018286
1.5855,0.14434,0.017344
1.6013,0.15341,0.016094
1.5955,0.14127,0.016972
1.612,0.14115,0.016494
1.6138,0.15396,0.014116
1.6291,0.15395,0.013275
1.6269,0.14051,0.013807
1.6313,0.1412,0.013163
1.635,0.14126,0.014151
1.6394,0.14215,0.011858
1.6558,0.14381,0.0081125
1.6484,0.14507,0.0079126
1.6522,0.14588,0.0092472
1.6449,0.14717,0.0089
1.6481,0.14848,0.0085487
1.6617,0.14999,0.010151
1.6647,0.15109,0.0097309
1.667,0.15296,0.0079462
1.6567,0.15461,0.0080219
1.6685,0.1673,0.0080634
1.6692,0.1689,0.0079991
1.669,0.17125,0.0081149
1.6801,0.16319,0.0083572
1.6679,0.1665,0.0087106
1.6657,0.1798,0.010499
1.6539,0.17149,0.010715
1.6519,0.17436,0.01116
1.6612,0.18907,0.010105
1.658,0.19237,0.010716
1.6646,0.19535,0.01296
1.6499,0.19938,0.011797
1.6459,0.20338,0.012375
1.6311,0.20768,0.012946
1.6277,0.21294,0.013837
1.6145,0.21551,0.01509
1.6083,0.22022,0.015738
1.6122,0.22482,0.016366
1.6012,0.23179,0.016509
1.5932,0.23638,0.017109
1.5739,0.22949,0.017596
1.5762,0.23347,0.018228
1.5666,0.23671,0.020684
1.5571,0.23924,0.021287
1.5487,0.25287,0.02215
1.5168,0.25402,0.020758
1.5154,0.25437,0.021013
1.504,0.2559,0.021728
1.4929,0.25701,0.02223
1.4699,0.25815,0.024686
1.4577,0.25873,0.025121
1.4453,0.25925,0.02561
1.4307,0.26345,0.024432
1.4175,0.26384,0.024825
1.3944,0.2602,0.024878
1.3906,0.25999,0.02314
1.3707,0.25988,0.023221
1.3561,0.25959,0.023127
1.3429,0.2597,0.024913
1.3173,0.25911,0.02643
1.3026,0.25836,0.026099
1.2821,0.25689,0.023611
1.267,0.25582,0.023165
1.2502,0.25428,0.022593
1.2345,0.25293,0.022003
1.2288,0.26197,0.021188
1.2024,0.2608,0.02055
1.1784,0.26086,0.020073
1.1632,0.26007,0.021016
1.1483,0.25992,0.020263
1.1328,0.2599,0.019438
1.1179,0.26059,0.018717
1.092,0.25045,0.018002
1.067,0.24106,0.0177
1.0512,0.25204,0.017054
1.0238,0.25108,0.016224
1.0177,0.25044,0.015717
0.98987,0.25018,0.015464
0.97248,0.24963,0.015236
0.94521,0.24964,0.013462
0.92777,0.2495,0.011774
0.90989,0.249,0.011688
0.87855,0.24723,0.014866
0.86864,0.24569,0.014619
0.84857,0.24478,0.012828
0.82812,0.24345,0.012762
0.79894,0.24311,0.014898
0.76738,0.24152,0.012954
0.75516,0.23881,0.010697
0.73377,0.2369,0.012368
0.70375,0.23609,0.01258
0.67205,0.22311,0.012554
0.65115,0.22076,0.012548
0.6294,0.21758,0.014307
0.59652,0.22537,0.014267
0.56746,0.22372,0.015039
0.54656,0.21023,0.01369
0.52909,0.20422,0.014784
0.50637,0.20031,0.015067
0.47147,0.19536,0.017075
0.44888,0.19085,0.015827
0.41585,0.1865,0.014813
0.39454,0.19336,0.015723
0.37149,0.18838,0.016364
0.34826,0.17247,0.016913
0.32418,0.16713,0.017188
0.30187,0.16239,0.017691
0.26944,0.15776,0.018206
0.23727,0.15307,0.018671
0.21561,0.14811,0.018993
0.19473,0.14354,0.019377
0.17088,0.13732,0.020989
0.13888,0.13268,0.02121
0.11831,0.1283,0.021508
0.091012,0.12632,0.020702
0.069421,0.11027,0.020753
0.048232,0.1052,0.020804
0.018736,0.10141,0.021285
-0.012914,0.096363,0.021346
-0.033825,0.091142,0.021332
-0.054723,0.085992,0.021311
-0.078352,0.079244,0.020739
-0.099701,0.073874,0.020545
-0.11828,0.070081,0.022645
-0.13928,0.064729,0.022356
-0.17038,0.059798,0.022201
-0.20117,0.055062,0.023988
-0.22165,0.050256,0.02395
-0.24246,0.056621,0.022117
-0.26419,0.052031,0.020182
-0.28588,0.036831,0.021804
-0.30592,0.034104,0.021833
-0.33567,0.03226,0.022073
-0.35495,0.030149,0.022132
-0.38378,0.029077,0.022442
-0.40397,0.027071,0.022339
-0.43332,0.015329,0.02263
-0.46255,0.01506,0.023143
-0.47343,0.012595,0.023016
-0.50409,0.011255,0.023282
-0.52397,0.0096593,0.023509
-0.55473,0.0082948,0.021948
-0.57532,0.0067502,0.020274
-0.58474,0.016519,0.020373
-0.61702,0.014979,0.021945
-0.63639,0.003697,0.021887
-0.66739,0.0032045,0.021686
-0.6977,0.0030273,0.021525
-0.71845,0.0024405,0.021177
-0.72902,0.0013783,0.020614
-0.74033,0.00011705,0.021836
-0.77079,5.4716e-05,0.021629
-0.79085,-0.00094216,0.021162
-0.82023,-0.0013151,0.020925
-0.84861,-0.0014289,0.020798
-0.86672,-0.0018938,0.020607
-0.89615,-0.0027641,0.020317
-0.90505,-0.0042431,0.017988
-0.92263,-0.0047217,0.017783
-0.94846,-0.003903,0.019833
-0.96561,-0.0043069,0.019681
-0.97288,-0.0056103,0.021145
-0.98868,-0.0059848,0.021127
-1.0148,-0.0067599,0.02109
-1.0282,-0.0068005,0.019517
-1.052,-0.0063898,0.018155
-1.0574,-0.0082061,0.017706
-1.0693,-0.0085942,0.017832
-1.0858,-0.0069276,0.018698
-1.0963,-0.0071962,0.018664
-1.1166,-0.0063951,0.018946
-1.1262,-0.0066623,0.020674
-1.1356,-0.0080293,0.020189
-1.1461,-0.020311,0.019917
-1.1541,-0.020946,0.020005
-1.1723,-0.0097717,0.018606
-1.1796,-0.010624,0.018711
-1.1873,-0.0016593,0.020204
-1.1833,-0.0022401,0.020211
-1.2021,-0.01003,0.019471
-1.2075,-0.0093647,0.019613
-1.2131,-0.0087424,0.019666
-1.2245,-0.0075433,0.019806
-1.2296,-0.0064962,0.019773
-1.2421,-0.0057468,0.019561
-1.2403,-0.0066916,0.020634
-1.248,-0.0053714,0.018756
-1.2519,-0.0034743,0.018904
-1.2567,-0.0020634,0.018843
-1.2536,0.010312,0.020553
-1.2575,0.012026,0.020447
-1.2691,0.0034016,0.02046
-1.2696,0.0073848,0.020931
-1.2834,0.021102,0.021028
-1.2886,0.02233,0.01875
-1.2916,0.025505,0.018769
-1.2729,0.017974,0.018745
-1.2754,0.021653,0.018676
-1.2992,0.035695,0.018372
-1.3005,0.028156,0.020176
-1.3019,0.019189,0.019726
-1.3024,0.034011,0.018086
-1.3043,0.036572,0.017962
-1.3079,0.040374,0.018349
-1.3097,0.042326,0.018139
-1.311,0.04279,0.019335
-1.312,0.044802,0.019346
-1.3137,0.056175,0.017117
-1.3059,0.05608,0.016625
-1.3072,0.057131,0.016441
-1.3087,0.059743,0.018552
-1.3086,0.060979,0.018337
-1.3182,0.060617,0.017607
-1.3176,0.061934,0.019375
-1.3177,0.064596,0.017979
-1.305,0.066733,0.01643
-1.3037,0.068372,0.016532
-1.2899,0.068561,0.016122
-1.2869,0.070306,0.016165
-1.2952,0.073836,0.016736
-1.3015,0.076121,0.016881
-1.3081,0.077572,0.016716
-1.2937,0.078979,0.0165
-1.29,0.080847,0.016413
-1.2857,0.081551,0.015931
-1.2821,0.083345,0.015783
-1.2797,0.085954,0.017745
-1.2651,0.088023,0.017724
-1.2618,0.089592,0.017622
-1.2589,0.091666,0.015912
-1.2555,0.093099,0.015904
-1.2623,0.082572,0.015622
-1.259,0.08373,0.013761
-1.2678,0.095525,0.015576
-1.2544,0.095942,0.015499
-1.2528,0.095862,0.015277
-1.2396,0.09369,0.014426
-1.2384,0.09334,0.014255
-1.2572,0.093576,0.01447
-1.2563,0.093341,0.012521
-1.2595,0.092369,0.011965
-1.25,0.090444,0.011188
-1.2637,0.090027,0.012737
-1.2657,0.090228,0.012667
-1.2694,0.088985,0.012126
-1.2734,0.087163,0.011433
-1.2683,0.084865,0.012504
-1.2859,0.083841,0.010428
-1.2922,0.072417,0.0086762
-1.3004,0.070653,0.0084466
-1.2959,0.076069,0.0088786
-1.3042,0.07353,0.0085081
-1.3217,0.069647,0.0095798
-1.321,0.068326,0.0078039
-1.3408,0.065882,0.007539
-1.3418,0.063775,0.0074094
-1.3518,0.062134,0.005573
-1.3575,0.059769,0.0072151
-1.3658,0.057511,0.0070314
-1.3742,0.044508,0.0069679
-1.3781,0.031256,0.0050711
-1.3958,0.038862,0.0048315
-1.3942,0.046188,0.0045733
-1.3998,0.042696,0.0061474
-1.394,0.028223,0.0058974
-1.3981,0.024769,0.0057476
-1.4115,0.02083,0.005552
-1.4247,0.028102,0.0054201
-1.4357,0.023838,0.0032372
-1.4151,0.010199,0.003416
-1.4185,-0.0026791,0.0038186
-1.4187,0.0060907,0.0041019
-1.4177,0.002767,0.0040015
-1.4258,-0.0010772,0.0055402
-1.4115,-0.0064717,0.0046928
-1.4093,-0.0093443,0.0047925
-1.406,-0.011395,0.0033223
-1.4019,-0.0033118,0.0014578
-1.3971,-0.016635,0.0034522
-1.3915,-0.019466,0.0033497
-1.3972,-0.032872,0.005223
-1.3789,-0.037269,0.0027077
-1.3705,-0.02986,0.0023505
-1.3529,-0.031195,0.0027793
-1.3448,-0.04499,0.0026445
-1.335,-0.048962,0.0039835
-1.3252,-0.051991,0.0039258
-1.3253,-0.055461,0.0038525
-1.3155,-0.0575,0.0043773
-1.3018,-0.062241,0.0022629
-1.2788,-0.067705,0.0018756
-1.2716,-0.069951,0.0025816
-1.249,-0.07354,0.0028021
-1.2366,-0.077547,0.0028786
-1.2349,-0.092606,0.0029473
-1.2114,-0.095855,0.0033016
-1.2098,-0.10026,0.0034269
-1.1956,-0.10621,0.0012463
-1.1697,-0.10117,0.00087121
-1.157,-0.10664,0.00062377
-1.1438,-0.11245,0.001985
-1.1341,-0.11646,0.0019948
-1.1113,-0.10909,0.0018832
-1.1069,-0.12486,0.0011127
-1.083,-0.13956,-0.0012986
-1.0831,-0.14251,-0.0016486
-1.0711,-0.14601,-0.0022696
-1.0612,-0.14836,-0.00068299
-1.0524,-0.15143,-0.0011324
-1.0228,-0.15572,-0.0021572
-1.0102,-0.16019,-0.0031445
-0.99809,-0.16343,-0.0034871
-1.0001,-0.16675,-0.0040141
-0.97911,-0.17071,-0.0066507
-0.97032,-0.17392,-0.0072705
-0.96301,-0.17666,-0.005945
-0.95564,-0.17906,-0.0064346
-0.94794,-0.18182,-0.0089163
-0.92895,-0.18476,-0.0077564
-0.93326,-0.18693,-0.0082047
-0.92578,-0.18943,-0.0087778
-0.9196,-0.19126,-0.0091549
-0.91139,-0.19363,-0.0097788
-0.8974,-0.19362,-0.011487
-0.88481,-0.19368,-0.011406
-0.8687,-0.1945,-0.011746
-0.8746,-0.19473,-0.011997
-0.86747,-0.19554,-0.010651
-0.8618,-0.19515,-0.010788
-0.85741,-0.20523,-0.012564
-0.85145,-0.19335,-0.012638
-0.85433,-0.19275,-0.012932
-0.83846,-0.20223,-0.012838
-0.83329,-0.20114,-0.012845
-0.81822,-0.19991,-0.014614
-0.81313,-0.19933,-0.014752
-0.81852,-0.19909,-0.015013
-0.80248,-0.19873,-0.015225
-0.78305,-0.19959,-0.015902
-0.76767,-0.19902,-0.014155
-0.76018,-0.19968,-0.01457
-0.75902,-0.19089,-0.013666
-0.74949,-0.19137,-0.014034
-0.74518,-0.19024,-0.015554
-0.72471,-0.18967,-0.01747
-0.71222,-0.18965,-0.017906
-0.69932,-0.18948,-0.018429
-0.68685,-0.18864,-0.018851
-0.67251,-0.19929,-0.019458
-0.65922,-0.1987,-0.019911
-0.64794,-0.19784,-0.020187
-0.62209,-0.18682,-0.022759
-0.61559,-0.18706,-0.023777
-0.60237,-0.19703,-0.024396
-0.58787,-0.19681,-0.025351
-0.57429,-0.19653,-0.026362
-0.56045,-0.19641,-0.027527
-0.5465,-0.18562,-0.028841
-0.5231,-0.18552,-0.030087
-0.5094,-0.19668,-0.03158
-0.5002,-0.19536,-0.030699
-0.48838,-0.19549,-0.032047
-0.46181,-0.18648,-0.03392
-0.45073,-0.18686,-0.035158
-0.45275,-0.18655,-0.036142
-0.43079,-0.1752,-0.037257
-0.42031,-0.17415,-0.038271
-0.39813,-0.1726,-0.039288
-0.38778,-0.17007,-0.040104
-0.3861,-0.17855,-0.041
-0.37659,-0.17535,-0.041593
-0.3737,-0.18175,-0.0415
-0.36265,-0.17964,-0.042238
-0.34997,-0.17063,-0.043593
-0.33502,-0.15576,-0.043337
-0.32845,-0.15265,-0.043381
-0.31015,-0.14582,-0.044682
-0.30351,-0.14195,-0.044582
-0.29946,-0.14807,-0.044213
-0.29118,-0.14405,-0.044243
-0.27236,-0.1399,-0.044153
-0.26876,-0.13468,-0.043538
-0.26165,-0.13061,-0.043284
-0.24111,-0.12715,-0.041337
-0.23283,-0.12352,-0.040974
-0.21577,-0.11954,-0.043932
-0.20471,-0.11684,-0.045494
-0.20353,-0.1144,-0.043476
-0.19206,-0.112,-0.041395
-0.18016,-0.10999,-0.04117
-0.15736,-0.10827,-0.040884
-0.14424,-0.10706,-0.040647
-0.1357,-0.10745,-0.040934
-0.12452,-0.10628,-0.040379
-0.094823,-0.11616,-0.041432
-0.088696,-0.11784,-0.041613
-0.074547,-0.11952,-0.041516
-0.060129,-0.11103,-0.039648
-0.045612,-0.11422,-0.039678
-0.020297,-0.12884,-0.041565
-0.0047483,-0.12195,-0.039879
0.0099418,-0.12621,-0.039954
0.032855,-0.12998,-0.039707
0.047731,-0.13463,-0.039749
0.064738,-0.1398,-0.039961
0.069209,-0.14491,-0.04006
0.092499,-0.14956,-0.039892
0.11758,-0.1546,-0.039891
0.1276,-0.16091,-0.038685
0.12811,-0.16536,-0.038377
0.14153,-0.17042,-0.038281
0.16187,-0.17484,-0.039651
0.18412,-0.17953,-0.041254
0.20256,-0.18336,-0.040756
0.21988,-0.18916,-0.039465
0.22646,-0.19443,-0.039976
0.23684,-0.19804,-0.039814
0.24803,-0.20165,-0.039792
0.26398,-0.21499,-0.041104
0.27338,-0.21797,-0.039153
0.2875,-0.22192,-0.03953
0.29954,-0.22589,-0.039771
0.3168,-0.22889,-0.037636
0.33435,-0.2317,-0.037325
0.34428,-0.23525,-0.037223
0.34594,-0.23914,-0.039124
0.35696,-0.23147,-0.038971
0.37692,-0.2229,-0.038655
0.3862,-0.23583,-0.038387
0.39872,-0.24866,-0.036589
0.40769,-0.23819,-0.036261
0.41762,-0.23836,-0.035963
0.43405,-0.23718,-0.035145
0.43245,-0.24731,-0.034697
0.44608,-0.24706,-0.036494
0.46805,-0.24642,-0.036157
0.47137,-0.24428,-0.035102
0.48046,-0.24302,-0.034647
0.48938,-0.24168,-0.03422
0.51018,-0.25157,-0.033921
0.51417,-0.24929,-0.033117
0.53402,-0.24851,-0.030919
0.54884,-0.23819,-0.031126
0.55926,-0.23773,-0.032701
0.56384,-0.24352,-0.031177
0.57394,-0.24333,-0.030774
0.58591,-0.24642,-0.031025
0.59705,-0.25079,-0.029476
0.61759,-0.24904,-0.026648
0.63128,-0.24006,-0.026443
0.65189,-0.2412,-0.027517
0.6518,-0.24237,-0.026819
0.66406,-0.24368,-0.026195
0.67608,-0.24484,-0.025509
0.68669,-0.24558,-0.026567
0.70207,-0.24702,-0.02638
0.70597,-0.24852,-0.022418
0.71707,-0.26029,-0.023632
0.73772,-0.26094,-0.024784
0.74842,-0.26228,-0.024318
0.77128,-0.25318,-0.024137
0.78271,-0.25522,-0.024021
0.80175,-0.26759,-0.021792
0.81758,-0.26815,-0.021235
0.82885,-0.27016,-0.021221
0.82734,-0.25179,-0.020274
0.83853,-0.25335,-0.020206
0.84693,-0.25377,-0.021638
0.8689,-0.26522,-0.023465
0.8799,-0.2764,-0.023583
0.8792,-0.2652,-0.021895
0.8888,-0.26483,-0.022104
0.89791,-0.26423,-0.024252
0.90585,-0.26338,-0.02459
0.93428,-0.26222,-0.023118
0.93887,-0.26055,-0.023474
0.94534,-0.25902,-0.025889
0.94259,-0.25768,-0.026717
0.94803,-0.25574,-0.027446
0.96844,-0.2635,-0.02953
0.9731,-0.26147,-0.030538
0.98831,-0.25011,-0.031372
0.98515,-0.24907,-0.031073
0.98015,-0.24611,-0.032786
0.97764,-0.24517,-0.034514
0.98121,-0.24337,-0.035898
0.99961,-0.2403,-0.038523
1.0022,-0.23834,-0.03999
1.0064,-0.23801,-0.041404
1.0034,-0.22571,-0.041668
1.0132,-0.23223,-0.043167
1.0107,-0.22871,-0.044324
1.0122,-0.22583,-0.045795
1.0076,-0.21268,-0.049687
1.0083,-0.20966,-0.051159
1.0292,-0.20602,-0.054294
1.0382,-0.20184,-0.0537
1.0291,-0.20887,-0.053411
1.021,-0.21614,-0.054909
1.0227,-0.21292,-0.056187
1.0335,-0.19883,-0.062768
1.0353,-0.19639,-0.063977
1.0486,-0.19425,-0.063495
1.0445,-0.19312,-0.065311
1.0465,-0.19149,-0.068372
1.0454,-0.18955,-0.06744
1.049,-0.18868,-0.068785
1.0695,-0.1891,-0.068763
1.0741,-0.18895,-0.070001
1.0789,-0.18909,-0.072875
1.0727,-0.17813,-0.073799
1.0909,-0.1784,-0.074903
1.0859,-0.17838,-0.077673
1.0924,-0.17823,-0.078614
1.098,-0.17778,-0.077566
1.1046,-0.1773,-0.078379
1.111,-0.17665,-0.079091
1.1156,-0.1728,-0.079047
1.122,-0.17717,-0.079599
1.1176,-0.17885,-0.082407
1.1223,-0.17773,-0.082745
1.127,-0.17705,-0.081206
1.1296,-0.17623,-0.081365
1.1362,-0.17572,-0.082465
1.1376,-0.17528,-0.082457
1.1442,-0.17663,-0.083124
1.141,-0.17606,-0.082583
1.1403,-0.17618,-0.082357
1.1508,-0.16348,-0.080265
1.1496,-0.1633,-0.079832
1.1486,-0.16559,-0.079328
1.1347,-0.1758,-0.078487
1.133,-0.17635,-0.079574
1.1218,-0.16541,-0.080909
1.1185,-0.16502,-0.080192
1.1256,-0.16494,-0.077742
1.1181,-0.17509,-0.076786
1.1129,-0.17551,-0.076118
1.1102,-0.17619,-0.073968
1.1159,-0.17685,-0.073272
1.1104,-0.16656,-0.072479
1.1056,-0.16725,-0.071669
1.0902,-0.16771,-0.070817
1.0855,-0.16804,-0.067944
1.0815,-0.17013,-0.0669
1.0555,-0.17035,-0.067677
1.061,-0.16866,-0.066456
1.0548,-0.16861,-0.063364
1.0483,-0.16841,-0.062045
1.0526,-0.16925,-0.060668
1.0347,-0.1575,-0.059207
1.0278,-0.15556,-0.057895
1.0097,-0.16351,-0.056656
1.0014,-0.16263,-0.056801
1.0028,-0.16199,-0.054845
0.99453,-0.16002,-0.053393
0.98625,-0.15701,-0.050136
0.96749,-0.15509,-0.047004
0.95878,-0.15567,-0.047355
0.94817,-0.15196,-0.046066
0.95031,-0.14743,-0.04475
0.93334,-0.13605,-0.043506
0.92431,-0.13343,-0.042274
0.91544,-0.131,-0.043026
0.90472,-0.13859,-0.041737
0.89601,-0.13599,-0.038907
0.86658,-0.13328,-0.036533
0.85718,-0.1293,-0.03588
0.85785,-0.11536,-0.037002
0.84801,-0.11227,-0.036474
0.84382,-0.10888,-0.036154
0.82233,-0.10516,-0.031989
0.80698,-0.10084,-0.031463
0.78539,-0.09668,-0.032836
0.77999,-0.092356,-0.032905
0.76959,-0.087966,-0.030858
0.75793,-0.08335,-0.030483
0.74607,-0.079099,-0.029816
0.72316,-0.074387,-0.03136
0.71336,-0.0695,-0.031153
0.70113,-0.064884,-0.029136
0.68972,-0.060286,-0.03047
0.66463,-0.055703,-0.030101
0.65109,-0.051363,-0.029942
0.63728,-0.047535,-0.029993
0.62313,-0.043579,-0.029944
0.61119,-0.040764,-0.028165
0.59724,-0.037394,-0.028246
0.58375,-0.032727,-0.030206
0.5699,-0.024388,-0.030212
0.55701,-0.02165,-0.030381
0.5444,-0.019008,-0.030534
0.52236,-0.016462,-0.031027
0.51023,-0.014835,-0.031328
0.49385,-0.012412,-0.030675
0.48325,-0.0098405,-0.032978
0.46598,-0.0062669,-0.032641
0.45492,-0.0044796,-0.033145
0.44386,-0.0028345,-0.033836
0.42176,-0.0032129,-0.034405
0.41161,-0.0015809,-0.03309
0.4003,0.0022866,-0.033676
0.38896,0.0036933,-0.036063
0.37789,0.0054007,-0.034715
0.36705,0.0061832,-0.035171
0.35645,0.0057882,-0.035674
0.33482,0.0068798,-0.037851
0.32425,0.0085244,-0.038062
0.3139,0.0095136,-0.03852
0.30303,0.0097314,-0.038987
0.28137,0.010113,-0.039384
0.27049,0.010437,-0.039776
0.25867,0.010221,-0.042095
0.25875,0.010335,-0.042522
0.24813,0.011133,-0.042331
0.23801,0.013067,-0.042878
0.22859,0.013195,-0.0435
0.20871,0.011832,-0.044856
0.19995,0.011916,-0.045561
0.19133,0.015625,-0.046329
0.17184,0.016936,-0.047117
0.16462,0.015419,-0.047945
0.15584,0.015211,-0.048615
0.14744,0.015724,-0.049513
0.13942,0.017311,-0.048679
0.13138,0.018018,-0.049475
0.12342,0.02624,-0.050152
0.11605,0.026274,-0.052705
0.10885,0.022173,-0.055244
0.1024,0.026519,-0.054129
0.096295,0.028491,-0.054766
0.079091,0.033589,-0.053457
0.073352,0.035936,-0.054001
0.068081,0.038675,-0.056313
0.062559,0.042278,-0.054732
0.0596,0.045468,-0.054908
0.054752,0.04955,-0.05702
0.050182,0.053384,-0.057102
0.047845,0.056104,-0.057143
0.044223,0.060306,-0.05716
0.041179,0.064724,-0.057093
0.033028,0.069131,-0.056954
0.036409,0.073513,-0.058725
0.040358,0.077566,-0.058769
0.03972,0.081983,-0.058749
0.028509,0.095624,-0.058645
0.029177,0.10009,-0.058716
0.03048,0.095621,-0.060386
0.031954,0.10085,-0.060882
0.039284,0.11648,-0.061236
0.038778,0.12095,-0.061628
0.041483,0.12581,-0.062232
0.043102,0.13097,-0.062259
0.046569,0.13621,-0.063014
0.050375,0.1416,-0.063882
0.054448,0.14738,-0.064645
0.069865,0.15284,-0.066323
0.072573,0.15925,-0.069234
0.077993,0.16481,-0.070473
0.072618,0.16857,-0.069937
0.078821,0.17391,-0.071346
0.084955,0.17903,-0.072801
0.091251,0.18394,-0.074371
0.097215,0.17758,-0.075883
0.10338,0.18242,-0.077473
0.10889,0.18564,-0.078997
0.11338,0.19851,-0.078587
0.11826,0.20025,-0.079952
0.13393,0.20168,-0.081197
0.13849,0.20261,-0.082168
0.14287,0.20305,-0.083132
0.14644,0.20271,-0.08594
0.15087,0.20234,-0.086714
0.15538,0.20097,-0.085564
0.15964,0.19969,-0.086053
0.17472,0.19791,-0.08637
0.17898,0.19689,-0.086391
0.1727,0.19453,-0.086345
0.17727,0.19054,-0.086275
0.1816,0.18731,-0.085872
0.19698,0.18386,-0.085213
0.20102,0.17999,-0.084463
0.1943,0.18704,-0.083547
0.19915,0.18344,-0.080504
0.21401,0.1797,-0.07915
0.21775,0.17563,-0.078292
0.2215,0.1726,-0.076537
0.22528,0.15883,-0.074615
0.22909,0.15605,-0.071868
0.23292,0.1534,-0.069611
0.23695,0.147,-0.067196
0.2409,0.14411,-0.064811
0.24341,0.14283,-0.062192
0.24702,0.13962,-0.059471
0.24713,0.14413,-0.056693
0.25024,0.141,-0.053874
0.2564,0.14165,-0.051047
0.25902,0.13177,-0.048266
0.27203,0.11823,-0.045516
0.27435,0.12157,-0.040866
0.27672,0.11932,-0.038096
0.27939,0.12819,-0.035351
0.28236,0.12057,-0.034545
0.28547,0.1189,-0.032036
0.28818,0.11731,-0.027746
0.29136,0.11611,-0.025439
0.30233,0.11468,-0.023268
0.30578,0.11412,-0.021212
0.31034,0.11429,-0.019323
0.3127,0.11446,-0.017535
0.30572,0.11454,-0.016032
0.31017,0.11516,-0.014709
0.31457,0.11637,-0.0136
0.31269,0.11775,-0.010745
0.31576,0.11935,-0.0098841
0.31838,0.12138,-0.0091448
0.32607,0.11404,-0.008249
0.32741,0.12675,-0.0079899
0.32819,0.13802,-0.0061066
0.33999,0.14093,-0.0059399
0.33476,0.13312,-0.0057586
0.33486,0.13654,-0.0056638
0.33451,0.13991,-0.0056517
0.33416,0.1435,-0.0047727
0.33395,0.14752,-0.005022
0.33323,0.15133,-0.0051224
0.33222,0.14405,-0.005608
0.31986,0.14772,-0.0051083
0.3179,0.1508,-0.0053412
0.3195,0.15982,-0.0063298
0.32773,0.16202,-0.0066171
0.33151,0.16823,-0.0071402
0.32901,0.16989,-0.0075292
0.3276,0.17185,-0.0079917
0.32597,0.18446,-0.0084845
0.3249,0.18648,-0.0090263
0.32419,0.18874,-0.0086297
0.32421,0.18022,-0.0092257
0.32364,0.18182,-0.010759
0.31322,0.1838,-0.011352
0.31486,0.18625,-0.011995
0.31558,0.18787,-0.012628
0.31621,0.18917,-0.013277
0.31642,0.18993,-0.013924
0.31705,0.19074,-0.014583
0.31811,0.18045,-0.015257
0.30739,0.18038,-0.015907
0.30709,0.17945,-0.016545
0.32831,0.1886,-0.017162
0.32794,0.18636,-0.017761
0.317,0.18388,-0.017399
0.3061,0.1812,-0.017912
0.31691,0.17833,-0.019284
0.32736,0.16374,-0.019656
0.32749,0.17088,-0.01999
0.31665,0.16644,-0.020272
0.3169,0.16194,-0.020506
0.31542,0.14529,-0.020649
0.31566,0.15182,-0.020778
0.31739,0.15928,-0.020892
0.31749,0.15507,-0.02091
0.31749,0.15145,-0.020874
0.3285,0.1373,-0.02063
0.32874,0.13474,-0.020477
0.31758,0.13194,-0.020246
0.32186,0.12183,-0.019975
0.33392,0.13036,-0.019652
0.33182,0.12454,-0.019272
0.33354,0.12238,-0.018842
0.32415,0.13169,-0.017404
0.32589,0.1308,-0.016859
0.32827,0.12012,-0.01623
0.3296,0.10916,-0.015513
0.33102,0.10918,-0.015667
0.33195,0.10875,-0.014818
0.3329,0.10824,-0.013977
0.33368,0.10749,-0.013125
0.32401,0.10717,-0.012268
0.32391,0.11719,-0.010484
0.32228,0.11568,-0.0095984
0.33152,0.11475,-0.0096298
0.3413,0.11463,-0.0086739
0.34001,0.11452,-0.0078074
0.32858,0.10387,-0.0059353
0.32785,0.10412,-0.005114
0.33741,0.10384,-0.0043398
0.33662,0.10356,-0.0035446
0.33588,0.10296,-0.0027397
0.33623,0.091218,-0.0017696
0.33684,0.089693,-0.0010035
0.33762,0.087381,-0.00016667
0.33854,0.084423,0.00055271
0.34054,0.081068,0.001233
0.34247,0.076983,0.0018857
0.34406,0.077944,0.0025022
0.34621,0.072421,0.0032299
0.34898,0.066885,0.0037585
0.35256,0.066648,0.0045532
0.35594,0.061339,0.0050068
0.35941,0.056074,0.0044962
0.35902,0.044424,0.0055963
0.36294,0.050287,0.006836
0.36004,0.040781,0.0073014
0.36338,0.035964,0.007575
0.36374,0.01918,0.0078644
0.36621,0.014748,0.0081175
0.37768,0.013981,0.0083176
0.37949,0.0095013,0.0075404
0.37312,0.012916,0.0077155
0.37539,0.0095042,0.0087591
0.37615,0.0059621,0.008836
0.38589,0.0020966,0.0089254
0.38592,-0.00024477,0.0089631
0.38679,-0.012648,0.0080409
0.38719,-0.013747,0.0080034
0.38776,-0.014757,0.0079085
0.38727,-0.0048383,0.0077704
0.38736,-0.0049823,0.0075545
0.39729,-0.0048968,0.0072962
0.38647,-0.014996,0.0069583
0.38782,-0.013551,0.0065508
0.39924,-0.012423,0.0051556
0.39999,-0.011228,0.0046025
0.38994,-0.0099998,0.0049159
0.39115,-0.0086071,0.0042517
0.38086,-0.0076214,0.0035604
0.38174,-0.0066016,0.0028333
0.3889,-0.0073279,0.0020852
0.39059,0.0060499,0.0012768
0.40442,-0.0019092,0.0014243
0.40273,-0.012256,0.00070307
0.40311,-0.011073,-1.2844e-05
0.4038,-0.010472,-0.0006725
0.39362,0.00094716,-0.0012802
0.39543,0.0014884,-0.0018258
0.4083,0.002123,-0.0023231
0.40974,0.0022948,-0.0027321
0.40141,-0.0084958,-0.0030686
0.40304,-0.0091102,-0.0033273
0.39254,-0.010568,-0.003506
0.39422,-0.011943,-0.0045522
0.40506,-0.014339,-0.0043224
0.40456,-0.0061739,-0.004355
0.40409,-0.019669,-0.0041776
0.40386,-0.022377,-0.0031437
0.40356,-0.025478,-0.002939
0.4034,-0.017984,-0.0023991
0.40267,-0.021667,-0.0019844
0.40311,-0.02481,-0.0013473
0.40187,-0.039627,-0.001668
0.41282,-0.054401,-0.0010368
0.40078,-0.058738,0.0006343
0.39948,-0.063982,0.0014685
0.38575,-0.070209,0.0024315
0.39457,-0.065898,0.002431
0.39411,-0.072126,0.0034572
0.38188,-0.078303,0.0045237
0.38995,-0.084969,0.0055716
0.38789,-0.091177,0.006602
0.38528,-0.097522,0.0076327
0.38092,-0.10408,0.0086238
0.36692,-0.11014,0.0096196
0.36562,-0.11545,0.010587
0.36117,-0.12119,0.011524
0.35409,-0.13783,0.012469
0.35002,-0.14884,0.013298
0.34504,-0.1544,0.014074
0.34294,-0.14873,0.014788
0.33693,-0.14866,0.015436
0.34731,-0.16706,0.016008
0.34201,-0.172,0.017446
0.33051,-0.16418,0.017919
0.32617,-0.18014,0.017399
0.32238,-0.18481,0.017719
0.31949,-0.20022,0.017947
0.3187,-0.1926,0.018074
0.32877,-0.19637,0.018128
0.31793,-0.20381,0.018113
0.31726,-0.20725,0.017938
0.3256,-0.21849,0.017665
0.32722,-0.22193,0.017335
0.31684,-0.22571,0.016917
0.30977,-0.22896,0.016409
0.32445,-0.23247,0.015828
0.32716,-0.22511,0.016131
0.33261,-0.23877,0.015468
0.33651,-0.24146,0.014788
0.34132,-0.24389,0.014089
0.3464,-0.24624,0.013381
0.34186,-0.24805,0.01265
0.34761,-0.23902,0.01194
0.35125,-0.24112,0.011253
0.3657,-0.25336,0.010562
0.37034,-0.25399,0.0098883
0.3749,-0.25453,0.0092403
0.37779,-0.25503,0.0086216
0.39399,-0.26648,0.0080321
0.40039,-0.26725,0.0074849
0.3991,-0.26664,0.0069775
0.40686,-0.26792,0.0065179
0.39824,-0.25966,0.005161
0.40307,-0.26089,0.004741
0.41651,-0.26751,0.0043645
0.42043,-0.26838,0.0039693
0.41452,-0.27112,0.0035996
0.41662,-0.2724,0.0032532
0.41833,-0.27532,0.0029329
0.41984,-0.27653,0.0026409
0.41951,-0.27823,0.0023846
0.42787,-0.28041,0.0021563
0.43937,-0.28181,0.0019607
0.44193,-0.28465,0.0018025
0.43118,-0.28644,0.0013647
0.42954,-0.29001,0.0012601
0.42911,-0.28106,0.0010213
0.42786,-0.28289,0.00095478
0.42692,-0.28487,0.00090609
0.42491,-0.29729,0.00063811
0.42257,-0.30004,0.00061022
0.41916,-0.30221,0.00047189
0.4175,-0.3051,0.00045183
0.40259,-0.29624,0.00047392
0.3991,-0.29794,0.00046175
0.40521,-0.2984,0.00045426
0.41327,-0.29918,0.00040507
0.40988,-0.30082,0.00040384
0.40528,-0.30144,0.00037852
0.40204,-0.30333,0.00038062
0.3888,-0.30295,0.00036643
0.38604,-0.30246,0.00036986
0.38273,-0.30174,0.00037376
0.38187,-0.30038,0.00040562
0.38074,-0.30475,0.00041331
0.37635,-0.30388,0.00042014
0.37261,-0.29704,0.00042944
0.37349,-0.28395,0.00037735
0.37164,-0.28167,0.00038508
0.37031,-0.28421,0.00039119
0.36563,-0.29252,0.00039522
0.36466,-0.2894,0.00039786
0.34698,-0.27304,0.00039839
0.34554,-0.28053,0.00039746
0.34972,-0.28988,0.00039437
0.34698,-0.28718,0.00038984
0.34313,-0.28516,0.00038364
0.33956,-0.27286,0.00037541
0.34019,-0.27223,0.00036592
0.3243,-0.27166,0.00033861
0.32766,-0.27093,0.00032512
0.32326,-0.27088,0.00033785
0.31857,-0.27119,0.00032221
0.30158,-0.27172,0.00030612
0.3099,-0.27242,0.00028923
0.31606,-0.2847,0.0002693
0.30008,-0.2866,0.00025192
0.29735,-0.28952,0.00023491
0.29153,-0.28182,0.00021742
0.28734,-0.28527,0.00020045
0.29026,-0.28836,0.00018381
0.28682,-0.29224,0.00016704
0.27673,-0.29683,0.0001784
0.27358,-0.31238,0.00016351
0.28064,-0.31713,0.00015078
0.26889,-0.31131,0.0001399
0.26734,-0.31668,0.00013162
0.26762,-0.33331,0.0001413
0.26852,-0.33875,0.00013752
0.26528,-0.35507,0.00016144
0.26418,-0.36169,0.00016428
0.26474,-0.35812,0.00022093
0.26318,-0.36602,0.00023326
0.26398,-0.37396,0.00025223
0.26764,-0.39359,0.00026512
0.2595,-0.39623,0.00026466
0.26133,-0.40494,0.00043356
0.27188,-0.41176,0.00047433
0.27295,-0.42037,0.00055785
0.27526,-0.42714,0.00061808
0.2773,-0.43556,0.00068864
0.28982,-0.45459,0.00076895
0.28398,-0.46209,0.00085837
0.28748,-0.47044,0.00099111
0.28772,-0.47772,0.0010977
0.28028,-0.48594,0.001283
0.2845,-0.49259,0.0014077
0.28749,-0.50035,0.0015423
0.30125,-0.51892,0.0019222
0.30322,-0.5258,0.0020797
0.30556,-0.53317,0.0025802
0.30865,-0.5394,0.0027802
0.31089,-0.5466,0.0039428
0.31287,-0.55283,0.0042254
0.31542,-0.55972,0.0045779
0.31654,-0.56587,0.0049972
0.30838,-0.57303,0.0054817
0.31049,-0.57908,0.0060166
0.31077,-0.58353,0.006619
0.31207,-0.59987,0.0072824
0.31178,-0.60261,0.0079843
0.31068,-0.60705,0.0087284
0.30655,-0.61042,0.0094901
0.30481,-0.61446,0.0103
0.31533,-0.63016,0.011151
0.31068,-0.62821,0.012
0.29727,-0.62106,0.012867
0.29525,-0.63001,0.013731
0.29137,-0.63302,0.014591
0.28127,-0.6444,0.015396
0.27632,-0.64126,0.016228
0.28338,-0.64394,0.017044
0.27762,-0.64577,0.017817
0.26534,-0.63788,0.020447
0.25927,-0.62757,0.021186
0.25367,-0.62715,0.021963
0.24887,-0.63698,0.022787
0.24397,-0.63448,0.023622
0.23689,-0.63066,0.022596
0.22706,-0.62629,0.023417
0.23148,-0.6214,0.024152
0.21794,-0.61653,0.024806
0.21213,-0.61071,0.025368
0.1943,-0.60391,0.025825
0.20099,-0.59719,0.026188
0.20927,-0.59091,0.026466
0.1934,-0.57201,0.026621
0.17699,-0.563,0.02666
0.17082,-0.55331,0.026596
0.16631,-0.54321,0.026424
0.16364,-0.54449,0.026159
0.15198,-0.53421,0.025775
0.14566,-0.5229,0.027146
0.1477,-0.51183,0.026584
0.15259,-0.5011,0.024167
0.13848,-0.49149,0.023573
0.13382,-0.48203,0.022894
0.12849,-0.47269,0.022128
0.12276,-0.45276,0.02128
0.11869,-0.45523,0.020379
0.11786,-0.43654,0.019393
0.11508,-0.41773,0.018381
0.11196,-0.42087,0.017269
0.10952,-0.4135,0.016167
0.11,-0.40765,0.015053
0.10588,-0.38944,0.013911
0.10414,-0.38255,0.012741
0.10276,-0.37588,0.011438
0.10268,-0.36956,0.01027
0.1136,-0.37422,0.010933
0.11466,-0.36859,0.0098424
0.11653,-0.36368,0.007004
0.109,-0.34855,0.0060999
0.11174,-0.35553,0.0052365
0.11469,-0.35212,0.0043893
0.10932,-0.3396,0.0036451
0.12423,-0.3378,0.0028751
0.12857,-0.33651,0.0022375
0.14303,-0.33508,0.0016575
0.1368,-0.32338,0.0009165
0.14092,-0.33332,0.00046826
0.14629,-0.33293,-0.000239
0.15083,-0.32154,-0.0015016
0.15642,-0.32178,-0.0027501
0.16157,-0.3218,-0.0030945
0.16875,-0.32271,-0.0034606
0.17509,-0.32299,-0.0038541
0.17914,-0.33346,-0.0045762
0.18338,-0.3333,-0.005006
0.18873,-0.33411,-0.0057217
0.19205,-0.32333,-0.0062315
0.19626,-0.32392,-0.006766
0.20146,-0.31391,-0.0074515
0.20755,-0.31493,-0.008026
0.20898,-0.32468,-0.008692
0.1984,-0.31179,-0.0093532
0.19989,-0.32106,-0.010018
0.21116,-0.33014,-0.010705
0.21176,-0.32888,-0.011394
0.20245,-0.31787,-0.012092
0.20772,-0.3083,-0.012741
0.21713,-0.30682,-0.013431
0.20283,-0.30454,-0.014117
0.1999,-0.3023,-0.014778
0.20347,-0.30937,-0.017348
0.19971,-0.30699,-0.018083
0.19638,-0.30505,-0.018873
0.19098,-0.29105,-0.019721
0.18368,-0.29786,-0.020778
0.17994,-0.2953,-0.019767
0.17663,-0.28227,-0.020584
0.16054,-0.27939,-0.021334
0.15422,-0.27591,-0.022022
0.13551,-0.28284,-0.022613
0.14032,-0.27954,-0.023141
0.1446,-0.26547,-0.023557
0.12295,-0.26101,-0.023941
0.10249,-0.26795,-0.024216
0.10569,-0.26473,-0.024391
0.09674,-0.26153,-0.024477
0.090164,-0.24893,-0.024577
0.079094,-0.23405,-0.02449
0.05727,-0.24085,-0.0243
0.049229,-0.23765,-0.025917
0.049743,-0.22225,-0.025676
0.029843,-0.21867,-0.023527
0.019679,-0.21411,-0.02317
0.006326,-0.20751,-0.022733
-0.0031802,-0.20247,-0.022214
-0.023136,-0.19742,-0.02162
-0.033798,-0.17998,-0.020969
-0.039897,-0.17451,-0.020256
-0.051647,-0.17759,-0.019491
-0.062828,-0.16978,-0.018674
-0.079403,-0.14886,-0.017819
-0.092901,-0.13961,-0.016942
-0.10179,-0.14305,-0.016021
-0.11209,-0.13442,-0.015076
-0.12293,-0.12559,-0.014124
-0.13372,-0.10572,-0.013168
-0.15433,-0.086117,-0.014109
-0.16582,-0.087023,-0.013288
-0.17605,-0.077161,-0.010674
-0.1973,-0.056168,-0.0099488
-0.20729,-0.034818,-0.0092434
-0.21781,-0.023497,-0.0085736
-0.22845,-0.022679,-0.0079566
-0.23881,-0.010539,-0.0073696
-0.25077,0.013627,-0.0069053
-0.27112,0.025567,-0.0064116
-0.28074,0.037915,-0.0060112
-0.29091,0.062052,-0.0056414
-0.30215,0.076271,-0.0053436
-0.32368,0.079403,-0.0041966
-0.33511,0.093921,-0.003974
-0.34896,0.10938,-0.0039217
-0.36317,0.12448,-0.0037672
-0.37633,0.1387,-0.003706
-0.38806,0.16302,-0.0033129
-0.40086,0.17669,-0.0032555
-0.42355,0.18961,-0.0030702
-0.43661,0.20297,-0.003057
-0.45995,0.21535,-0.0029738
-0.47509,0.21718,-0.0028794
-0.50123,0.23989,-0.0031686
-0.51444,0.26067,-0.0031787
-0.5305,0.27107,-0.0032564
-0.54962,0.29378,-0.0033524
-0.56704,0.30423,-0.0034704
-0.58302,0.31366,-0.0036042
-0.59183,0.3138,-0.0037567
-0.61895,0.32241,-0.0042012
-0.64773,0.33125,-0.0043924
-0.66619,0.33948,-0.0046117
-0.68495,0.35804,-0.0056497
-0.7038,0.36478,-0.0059366
-0.72347,0.37152,-0.0064558
-0.74296,0.37773,-0.0068574
-0.78498,0.3839,-0.0091482
-0.80105,0.39868,-0.009528
-0.82009,0.40361,-0.010221
-0.84011,0.40845,-0.0092115
-0.85966,0.41271,-0.0101
-0.89046,0.41689,-0.012875
-0.89806,0.43172,-0.013885
-0.92825,0.42501,-0.014971
-0.95949,0.41855,-0.016185
-0.97913,0.42191,-0.017447
-0.97637,0.44676,-0.018763
-0.99537,0.44946,-0.020163
-1.0241,0.4632,-0.021625
-1.0437,0.45651,-0.023007
-1.0591,0.45921,-0.024555
-1.0616,0.4731,-0.026085
-1.0753,0.47726,-0.027616
-1.1094,0.47048,-0.030981
-1.1205,0.47492,-0.032527
-1.1419,0.49041,-0.034123
-1.1484,0.49338,-0.035758
-1.1571,0.49817,-0.035564
-1.1556,0.50418,-0.037199
-1.1624,0.50967,-0.038737
-1.1735,0.5175,-0.042013
-1.178,0.52357,-0.043389
-1.1932,0.5303,-0.044687
-1.1902,0.52349,-0.045973
-1.1912,0.53995,-0.047246
-1.1944,0.55804,-0.048409
-1.1944,0.56444,-0.049496
-1.2044,0.57109,-0.050526
-1.2029,0.56694,-0.051435
-1.2127,0.574,-0.054084
-1.2101,0.59139,-0.054839
-1.2087,0.59841,-0.053721
-1.1963,0.59442,-0.054362
-1.1948,0.60106,-0.054888
-1.2044,0.6075,-0.057106
-1.1931,0.61415,-0.057425
-1.2021,0.63035,-0.05769
-1.1986,0.62306,-0.057837
-1.1969,0.627,-0.058016
-1.197,0.63098,-0.058104
-1.1963,0.63365,-0.058163
-1.207,0.63557,-0.058182
-1.1963,0.63694,-0.058093
-1.1967,0.64842,-0.058043
-1.1957,0.64745,-0.057739
-1.2195,0.64754,-0.057453
-1.2211,0.64679,-0.057116
-1.2247,0.64617,-0.056781
-1.2297,0.64543,-0.056352
-1.2265,0.64534,-0.055811
-1.2415,0.64385,-0.055394
-1.2391,0.64307,-0.054939
-1.2527,0.65267,-0.054324
-1.2495,0.63961,-0.053448
-1.2582,0.63786,-0.052779
-1.2753,0.63595,-0.052086
-1.2815,0.6324,-0.051348
-1.3019,0.63589,-0.052454
-1.3136,0.63493,-0.051721
-1.3241,0.63635,-0.051097
-1.3257,0.63593,-0.050232
-1.3366,0.63482,-0.049712
-1.3585,0.6376,-0.049219
-1.3693,0.62597,-0.048039
-1.3803,0.62667,-0.047585
-1.3911,0.62608,-0.047108
-1.4144,0.62944,-0.046976
-1.4023,0.62877,-0.044884
-1.413,0.62919,-0.04458
-1.4341,0.63539,-0.044221
-1.445,0.62597,-0.04571
-1.454,0.62679,-0.045412
-1.4513,0.62754,-0.043283
-1.47,0.62839,-0.042997
-1.4654,0.64055,-0.042669
-1.4708,0.64208,-0.042316
-1.4848,0.64389,-0.04178
-1.4988,0.63459,-0.041403
-1.4921,0.63683,-0.04111
-1.4839,0.62767,-0.040664
-1.4962,0.6398,-0.042068
-1.4974,0.64105,-0.041629
-1.497,0.64162,-0.041299
-1.4959,0.631,-0.039209
-1.4821,0.63063,-0.03712
-1.4897,0.64099,-0.038636
-1.4741,0.62858,-0.038272
-1.4795,0.62661,-0.037919
-1.4731,0.62409,-0.039464
-1.466,0.62083,-0.039254
-1.4582,0.62798,-0.039123
-1.4496,0.62354,-0.037241
-1.4524,0.61943,-0.035375
-1.432,0.61481,-0.035355
-1.4325,0.61024,-0.03695
-1.4242,0.59524,-0.036755
-1.4156,0.59047,-0.036614
-1.4088,0.58572,-0.03662
-1.3902,0.58048,-0.036478
-1.3826,0.58591,-0.036406
-1.3634,0.5801,-0.034455
-1.3547,0.57459,-0.03423
-1.3465,0.56978,-0.035874
-1.3379,0.56529,-0.035696
-1.3429,0.56213,-0.03576
-1.3229,0.55835,-0.033781
-1.3231,0.5546,-0.033372
-1.3038,0.54091,-0.033117
-1.2955,0.5493,-0.034638
-1.2876,0.54712,-0.034309
-1.28,0.54548,-0.034028
-1.273,0.54459,-0.031961
-1.2549,0.54427,-0.031699
-1.259,0.54455,-0.033284
-1.2523,0.5343,-0.032948
-1.2462,0.54623,-0.030872
-1.2176,0.54719,-0.030712
-1.2111,0.54896,-0.030454
-1.2158,0.55154,-0.030202
-1.209,0.55438,-0.029929
-1.2018,0.55762,-0.031408
-1.1873,0.56191,-0.031017
-1.1903,0.56574,-0.030631
-1.1787,0.55933,-0.030474
-1.1729,0.56395,-0.03035
-1.1682,0.57966,-0.03034
-1.1546,0.58422,-0.030328
-1.151,0.57859,-0.030507
-1.1346,0.57761,-0.028727
-1.1273,0.59205,-0.028671
-1.1214,0.59244,-0.028679
-1.1152,0.59585,-0.028699
-1.1096,0.59932,-0.028756
-1.0917,0.59856,-0.028772
-1.0951,0.60066,-0.028706
-1.0877,0.60134,-0.028747
-1.0702,0.60301,-0.028764
-1.0504,0.60003,-0.028525
-1.0413,0.59969,-0.028406
-1.0429,0.60994,-0.028298
-1.0213,0.6028,-0.028169
-1.009,0.58917,-0.027937
-0.99731,0.58644,-0.02778
-0.99643,0.58287,-0.027617
-0.97266,0.57828,-0.027412
-0.95979,0.57284,-0.027213
-0.94493,0.57689,-0.026887
-0.92181,0.57032,-0.026835
-0.90817,0.56343,-0.026633
-0.90411,0.55611,-0.026284
-0.8879,0.54642,-0.027503
-0.86301,0.52772,-0.025418
-0.84895,0.51946,-0.025165
-0.83641,0.50174,-0.025243
-0.82216,0.50346,-0.026845
-0.8102,0.50569,-0.026842
-0.78535,0.48482,-0.024896
-0.7814,0.47439,-0.024729
-0.75652,0.46436,-0.02465
-0.74287,0.45434,-0.024587
-0.71869,0.44451,-0.022701
-0.70554,0.42349,-0.022635
-0.69332,0.41373,-0.024419
-0.66851,0.4032,-0.026114
-0.65497,0.39278,-0.026101
-0.63113,0.38264,-0.024412
-0.61638,0.37221,-0.024474
-0.60904,0.37153,-0.024329
-0.59229,0.36139,-0.024298
-0.58584,0.33643,-0.025298
-0.57092,0.3165,-0.025417
-0.55108,0.31358,-0.024911
-0.53843,0.30454,-0.025175
-0.52594,0.29538,-0.0254
-0.51354,0.28608,-0.025585
-0.48881,0.27641,-0.025603
-0.47861,0.26808,-0.025874
-0.45938,0.26063,-0.026299
-0.4474,0.26315,-0.026416
-0.43737,0.24486,-0.024765
-0.4273,0.23804,-0.024856
-0.40942,0.22205,-0.02507
-0.3994,0.216,-0.026841
-0.39705,0.2196,-0.026511
-0.37623,0.21428,-0.02454
-0.36826,0.19945,-0.024458
-0.35856,0.18397,-0.026051
-0.34924,0.17944,-0.025793
-0.34069,0.17494,-0.025568
-0.32014,0.16986,-0.025273
-0.31067,0.16471,-0.02684
-0.30227,0.15992,-0.024778
-0.29402,0.16626,-0.022735
-0.27573,0.16218,-0.022597
-0.2664,0.15799,-0.022251
-0.25513,0.15357,-0.021713
-0.24485,0.13914,-0.021186
-0.22623,0.13714,-0.018933
-0.2147,0.14493,-0.01817
-0.21397,0.1423,-0.019145
-0.20526,0.13051,-0.018398
-0.19508,0.12929,-0.017483
-0.17205,0.13302,-0.015298
-0.16138,0.132,-0.014227
-0.1544,0.12752,-0.014445
-0.13332,0.12774,-0.013337
-0.12532,0.12943,-0.012411
-0.12428,0.12946,-0.011197
-0.11398,0.13039,-0.010113
-0.10096,0.11895,-0.0088245
-0.079729,0.10852,-0.007778
-0.070207,0.11976,-0.0049573
-0.061448,0.13104,-0.0040457
-0.051955,0.11994,-0.0030454
-0.030797,0.11959,-0.0019883
-0.020747,0.11902,-0.00093379
-0.0081997,0.12805,-0.0015604
0.00034325,0.11656,-0.00066253
0.019667,0.1161,0.00010167
0.030486,0.11416,0.00093901
0.052469,0.11205,0.0016507
0.061467,0.11215,0.0037197
0.073357,0.10973,0.004287
0.086659,0.095645,0.0048744
0.10105,0.10182,0.0056756
0.10775,0.10213,0.0072411
0.12307,0.087019,0.0077738
0.14267,0.080079,0.006987
0.16615,0.076188,0.0072636
0.18022,0.071198,0.0075632
0.19943,0.074006,0.008198
0.20334,0.068014,0.0065109
0.21201,0.054265,0.0060303
0.22743,0.047505,0.0078845
0.2532,0.040376,0.0096725
0.26689,0.033272,0.0095338
0.28012,0.025994,0.0094034
0.29414,0.017897,0.0093893
0.31472,0.00041088,0.0090891
0.32764,-0.019171,0.0090671
0.34908,-0.012188,0.0099653
0.37087,-0.020387,0.0098732
0.37801,-0.036081,0.0093151
0.39115,-0.045897,0.0094788
0.4047,-0.056182,0.011567
0.41697,-0.066125,0.011786
0.42907,-0.076133,0.010254
0.44204,-0.086719,0.010737
0.4661,-0.097515,0.013141
0.47626,-0.11822,0.01356
0.48785,-0.12884,0.014187
0.49864,-0.13934,0.014863
0.50142,-0.14033,0.015893
0.51159,-0.15061,0.018664
0.52822,-0.16984,0.019418
0.53698,-0.17955,0.020598
0.55859,-0.17896,0.022091
0.56637,-0.1874,0.023553
0.5738,-0.19488,0.025131
0.58171,-0.20177,0.026875
0.59923,-0.21817,0.028638
0.60592,-0.223,0.032403
0.6131,-0.22745,0.034497
0.63353,-0.24376,0.035001
0.64113,-0.24781,0.037237
0.64799,-0.25101,0.039389
0.65474,-0.25399,0.041521
0.65754,-0.27102,0.044143
0.6573,-0.27581,0.044598
0.66548,-0.28,0.046647
0.69979,-0.28142,0.051816
0.70778,-0.28623,0.05373
0.71755,-0.29193,0.053878
0.71307,-0.30189,0.054432
0.72054,-0.3069,0.057802
0.73184,-0.3084,0.060581
0.73993,-0.31422,0.061988
0.76291,-0.32224,0.063632
0.77089,-0.32809,0.064883
0.77782,-0.3331,0.065935
0.78309,-0.32599,0.06676
0.81378,-0.34197,0.071429
0.82294,-0.35774,0.070462
0.83267,-0.36255,0.071287
0.84328,-0.35626,0.072069
0.85456,-0.36073,0.07279
0.87801,-0.37619,0.073484
0.8884,-0.39032,0.075811
0.90135,-0.39471,0.078288
0.90658,-0.40109,0.079162
0.92094,-0.40692,0.079973
0.92385,-0.41307,0.080869
0.93756,-0.41979,0.08186
0.96235,-0.42728,0.082953
0.97401,-0.42288,0.084013
0.99719,-0.42963,0.086138
1.0159,-0.4395,0.086228
1.0284,-0.4459,0.087511
1.0459,-0.44886,0.090329
1.0585,-0.45444,0.091731
1.0826,-0.47088,0.093559
1.0911,-0.48421,0.09469
1.1044,-0.50014,0.096467
1.1241,-0.49802,0.09858
1.1383,-0.50403,0.10024
1.1489,-0.49893,0.099965
1.163,-0.5052,0.10156
1.1818,-0.52212,0.10306
1.1945,-0.52742,0.10439
1.217,-0.53342,0.10576
1.2304,-0.5281,0.10693
1.244,-0.53332,0.10798
1.2485,-0.54455,0.10907
1.2612,-0.54883,0.10985
1.2844,-0.55279,0.11048
1.2955,-0.55617,0.10903
1.3065,-0.56122,0.10923
1.3179,-0.5644,0.11113
1.3281,-0.56693,0.11096
1.3363,-0.57044,0.10865
1.3446,-0.57227,0.10804
1.3629,-0.57342,0.10719
1.3704,-0.5749,0.10614
1.377,-0.57952,0.10483
1.3831,-0.58006,0.1014
1.3887,-0.58047,0.099544
1.4054,-0.58281,0.097417
1.3981,-0.58244,0.094979
1.402,-0.58426,0.092357
1.4054,-0.58426,0.089531
1.4188,-0.5841,0.086501
1.4104,-0.57302,0.083351
1.4117,-0.5721,0.080011
1.4116,-0.57607,0.076575
1.3988,-0.57348,0.072928
1.4092,-0.57154,0.069418
1.4079,-0.56995,0.065898
1.404,-0.5673,0.062453
1.4063,-0.55089,0.058478
1.4022,-0.54709,0.054942
1.4192,-0.55339,0.051644
1.3979,-0.55089,0.046817
1.4051,-0.53504,0.043678
1.3997,-0.52903,0.042275
1.3972,-0.53445,0.039655
1.3953,-0.52907,0.035165
1.393,-0.52326,0.032632
1.3908,-0.51748,0.030306
1.3773,-0.51117,0.028093
1.388,-0.49496,0.027177
1.3889,-0.49058,0.025714
1.3873,-0.49596,0.024423
1.3655,-0.4793,0.019677
1.3657,-0.47372,0.018817
1.3776,-0.4793,0.018137
1.3774,-0.47402,0.017619
1.3776,-0.46925,0.017268
1.3659,-0.45341,0.017058
1.367,-0.44942,0.018954
1.3669,-0.44557,0.017312
1.3659,-0.44156,0.017671
1.3832,-0.42607,0.018114
1.3825,-0.42243,0.018824
1.3859,-0.41895,0.019776
1.3744,-0.41434,0.020773
1.3792,-0.41976,0.023586
1.3689,-0.41564,0.023993
1.3695,-0.41173,0.025487
1.3762,-0.42056,0.027339
1.3655,-0.41769,0.028808
1.3733,-0.40407,0.030598
1.3618,-0.39134,0.032237
1.3643,-0.40162,0.034399
1.3636,-0.38957,0.036306
1.3623,-0.3882,0.038447
1.3609,-0.3869,0.040606
1.3504,-0.39674,0.042754
1.3477,-0.40729,0.046742
1.3394,-0.39644,0.048878
1.3461,-0.38593,0.051034
1.3324,-0.38682,0.053139
1.3269,-0.38779,0.05531
1.3201,-0.38864,0.05743
1.3133,-0.38403,0.059534
1.3067,-0.39592,0.063465
1.2876,-0.39659,0.065483
1.2899,-0.39755,0.067501
1.2805,-0.39687,0.069492
1.2708,-0.39819,0.071453
1.2729,-0.39988,0.073403
1.2519,-0.39959,0.075252
1.2367,-0.39982,0.076789
1.2158,-0.40181,0.078464
1.2107,-0.40489,0.080272
1.1996,-0.40263,0.081709
1.1883,-0.40399,0.083021
1.1738,-0.4153,0.085896
1.1506,-0.41441,0.086968
1.1401,-0.40522,0.088046
1.1276,-0.40461,0.088961
1.1152,-0.41664,0.089812
1.0911,-0.41734,0.090547
1.0773,-0.4181,0.091186
1.0643,-0.41936,0.089919
1.0503,-0.41475,0.090286
1.0448,-0.41485,0.092258
1.0179,-0.41513,0.092206
1.0029,-0.41537,0.092127
0.98898,-0.41559,0.091768
0.97427,-0.41541,0.091444
0.95878,-0.4147,0.092798
0.92301,-0.40302,0.092127
0.92018,-0.4018,0.089774
0.89324,-0.41066,0.088987
0.87772,-0.40847,0.088236
0.86095,-0.39467,0.087051
0.84524,-0.39145,0.086063
0.82995,-0.39879,0.084979
0.81526,-0.39477,0.083783
0.79569,-0.38393,0.082591
0.7692,-0.39077,0.080258
0.7583,-0.39333,0.078626
0.74528,-0.37885,0.077047
0.73077,-0.37522,0.075347
0.70514,-0.36047,0.071689
0.67899,-0.34534,0.06978
0.67834,-0.35254,0.067858
0.66369,-0.34719,0.065702
0.6476,-0.32989,0.06522
0.63253,-0.32349,0.060986
0.6195,-0.31679,0.058579
0.60411,-0.31954,0.055977
0.57324,-0.32383,0.053569
0.56375,-0.3068,0.051199
0.54734,-0.29955,0.048598
0.53452,-0.30398,0.04425
0.51736,-0.28776,0.040081
0.50437,-0.28157,0.037459
0.49146,-0.27569,0.034763
0.47228,-0.25749,0.031797
0.44829,-0.25153,0.027139
0.42719,-0.25739,0.02438
0.4111,-0.25126,0.023212
0.393,-0.23432,0.020147
0.37727,-0.22903,0.017223
0.36284,-0.22441,0.012582
0.34587,-0.21915,0.009759
0.33705,-0.22405,0.0068763
0.32012,-0.20805,0.0022293
0.30646,-0.20443,-0.00048192
0.27927,-0.21129,-0.0032773
0.26319,-0.20777,-0.0060569
0.24707,-0.19384,-0.0088027
0.23254,-0.19187,-0.01144
0.21865,-0.20144,-0.015859
0.20426,-0.18886,-0.020296
0.19093,-0.18775,-0.022899
0.16759,-0.18715,-0.02552
0.15594,-0.18696,-0.028142
0.13234,-0.18657,-0.030784
0.10948,-0.18691,-0.033393
0.09977,-0.18843,-0.035872
0.093721,-0.19112,-0.038078
0.08282,-0.19294,-0.040407
0.06615,-0.19354,-0.042873
0.055173,-0.19593,-0.044964
0.043704,-0.19836,-0.048787
0.036448,-0.19098,-0.052358
0.02668,-0.19362,-0.054216
0.015551,-0.20668,-0.05614
0.006126,-0.20921,-0.057955
-0.0027556,-0.20066,-0.05974
-0.010584,-0.20295,-0.061442
-0.01595,-0.2076,-0.065086
-0.023638,-0.20877,-0.064842
-0.032602,-0.20667,-0.066173
-0.046968,-0.20811,-0.069364
-0.05019,-0.22022,-0.069788
-0.054559,-0.22051,-0.071098
-0.058842,-0.22078,-0.07233
-0.060889,-0.22188,-0.074368
-0.062795,-0.22275,-0.077222
-0.066982,-0.22261,-0.079534
-0.081174,-0.22305,-0.078787
-0.071817,-0.22402,-0.08011
-0.073584,-0.22489,-0.081086
-0.07474,-0.22583,-0.08202
-0.086397,-0.2379,-0.083036
-0.087066,-0.22779,-0.083894
-0.089311,-0.22792,-0.084817
-0.084924,-0.23581,-0.085657
-0.083471,-0.22703,-0.08646
-0.087422,-0.22197,-0.086961
-0.087209,-0.22289,-0.087523
-0.098457,-0.2341,-0.088009
-0.086597,-0.24574,-0.086511
-0.085682,-0.24697,-0.08673
-0.099358,-0.23619,-0.086898
-0.089207,-0.23711,-0.086819
-0.087789,-0.25021,-0.088371
-0.0885,-0.252,-0.088076
-0.089329,-0.25416,-0.087722
-0.086994,-0.24652,-0.087144
-0.087351,-0.25999,-0.08671
-0.09069,-0.27289,-0.08628
-0.10129,-0.27699,-0.085712
-0.10173,-0.27026,-0.083132
-0.10262,-0.27492,-0.082284
-0.094943,-0.27873,-0.081391
-0.096503,-0.28387,-0.080309
-0.10787,-0.28982,-0.079121
-0.098447,-0.2952,-0.075947
-0.087788,-0.30131,-0.074611
-0.086904,-0.30757,-0.074789
-0.087125,-0.31323,-0.073126
-0.0854,-0.3307,-0.071438
-0.086077,-0.33596,-0.067886
-0.085285,-0.34162,-0.066005
-0.091147,-0.33811,-0.063963
-0.09938,-0.34459,-0.062098
-0.09991,-0.34955,-0.060122
-0.097874,-0.35537,-0.058023
-0.093135,-0.36016,-0.055895
-0.091539,-0.37669,-0.053777
-0.097209,-0.39152,-0.052009
-0.097534,-0.38556,-0.048089
-0.09439,-0.38211,-0.046009
-0.094877,-0.38715,-0.043909
-0.096253,-0.39145,-0.041836
-0.097965,-0.40632,-0.04073
-0.087408,-0.41025,-0.038728
-0.090657,-0.41251,-0.036858
-0.093923,-0.41493,-0.035163
-0.096686,-0.42795,-0.035399
-0.098635,-0.43062,-0.034009
-0.10029,-0.43359,-0.032858
-0.10172,-0.43688,-0.030124
-0.10264,-0.44044,-0.027531
-0.11331,-0.44528,-0.028789
-0.11526,-0.44875,-0.028325
-0.11661,-0.45296,-0.028061
-0.1185,-0.45699,-0.027973
-0.12103,-0.46099,-0.028088
-0.12532,-0.46831,-0.027999
-0.13018,-0.46973,-0.026434
-0.12344,-0.46889,-0.029159
-0.1235,-0.47642,-0.029959
-0.13574,-0.48189,-0.030845
-0.14028,-0.47391,-0.032822
-0.14343,-0.47695,-0.034053
-0.14812,-0.48921,-0.035441
-0.15297,-0.49046,-0.036107
-0.15461,-0.48258,-0.039749
-0.15644,-0.48449,-0.040357
-0.17217,-0.49508,-0.042306
-0.18764,-0.49486,-0.044093
-0.19266,-0.49455,-0.046272
-0.18792,-0.49369,-0.048503
-0.18324,-0.48155,-0.050668
-0.1877,-0.48117,-0.053043
-0.19159,-0.47966,-0.055227
-0.20965,-0.47522,-0.059319
-0.21636,-0.48204,-0.061508
-0.22176,-0.47839,-0.06384
-0.2172,-0.48476,-0.066131
-0.21069,-0.47015,-0.068464
-0.22373,-0.46807,-0.070853
-0.22756,-0.46383,-0.073099
-0.23036,-0.45979,-0.077133
-0.24321,-0.45621,-0.079261
-0.24529,-0.45254,-0.081398
-0.24782,-0.44844,-0.083469
-0.24942,-0.44515,-0.085518
-0.24938,-0.44351,-0.087613
-0.25081,-0.42928,-0.089456
-0.25292,-0.42495,-0.091223
-0.24323,-0.42096,-0.092877
-0.24319,-0.41714,-0.094466
-0.24436,-0.4223,-0.095803
-0.25215,-0.41954,-0.097021
-0.25979,-0.40697,-0.10013
-0.24838,-0.40294,-0.10113
-0.23651,-0.39862,-0.10197
-0.24668,-0.39456,-0.10261
-0.24472,-0.39101,-0.10329
-0.2533,-0.38787,-0.10388
-0.25275,-0.37224,-0.1043
-0.24031,-0.37912,-0.10647
-0.23814,-0.3753,-0.10671
-0.24993,-0.36902,-0.10489
-0.23808,-0.36459,-0.10481
-0.23716,-0.36037,-0.10474
-0.23569,-0.35695,-0.10458
-0.23816,-0.35371,-0.10424
-0.23633,-0.35146,-0.10384
-0.22938,-0.33842,-0.10289
-0.22948,-0.33407,-0.10392
-0.23233,-0.33926,-0.10305
-0.23176,-0.33609,-0.10214
-0.23217,-0.34329,-0.10296
-0.23189,-0.32973,-0.10108
-0.23032,-0.31807,-0.10027
-0.2287,-0.31712,-0.099383
-0.22821,-0.31549,-0.098545
-0.22688,-0.30313,-0.09586
-0.22656,-0.30055,-0.094977
-0.23631,-0.30977,-0.094169
-0.23633,-0.30652,-0.095131
-0.23783,-0.30209,-0.094208
-0.22913,-0.29792,-0.091584
-0.23251,-0.3027,-0.092378
-0.2338,-0.29986,-0.091669
-0.23468,-0.29796,-0.091056
-0.24447,-0.28845,-0.088941
-0.24443,-0.28403,-0.088876
-0.23549,-0.28273,-0.090296
-0.24809,-0.28668,-0.087721
-0.24997,-0.29812,-0.087488
-0.24394,-0.29636,-0.087126
-0.24698,-0.29677,-0.086853
-0.26123,-0.28655,-0.086592
-0.26287,-0.27806,-0.08644
-0.26482,-0.28106,-0.086465
-0.27043,-0.29167,-0.084404
-0.27583,-0.29116,-0.084056
-0.26768,-0.28226,-0.08388
-0.2714,-0.2832,-0.083623
-0.26518,-0.29305,-0.083167
-0.27893,-0.29381,-0.082843
-0.29135,-0.28503,-0.08448
-0.29575,-0.28393,-0.084049
-0.29821,-0.29541,-0.083786
-0.2883,-0.2965,-0.081698
-0.29056,-0.29639,-0.08138
-0.29236,-0.28526,-0.07917
-0.30382,-0.27482,-0.078813
-0.31623,-0.28488,-0.080182
-0.30858,-0.28134,-0.079532
-0.30068,-0.27681,-0.078731
-0.30164,-0.27447,-0.076266
-0.30234,-0.27151,-0.075555
-0.30124,-0.26996,-0.074931
-0.30036,-0.26682,-0.074085
-0.30331,-0.25776,-0.074452
-0.30373,-0.25187,-0.073376
-0.30981,-0.26279,-0.071045
-0.3072,-0.25887,-0.070109
-0.30563,-0.25439,-0.069073
-0.2945,-0.2373,-0.069655
-0.29086,-0.22397,-0.068723
-0.30045,-0.22894,-0.067615
-0.28894,-0.23319,-0.064681
-0.28778,-0.22632,-0.065273
-0.29516,-0.2232,-0.064407
-0.2927,-0.21959,-0.063551
-0.28717,-0.22162,-0.0615
-0.27449,-0.21855,-0.060751
-0.27147,-0.21762,-0.062032
-0.28028,-0.20496,-0.059535
-0.27961,-0.20146,-0.058709
-0.26465,-0.20237,-0.060212
-0.26229,-0.20162,-0.059867
-0.26989,-0.20243,-0.059806
-0.26802,-0.20152,-0.059704
-0.25438,-0.20224,-0.059869
-0.2536,-0.20113,-0.06001
-0.2611,-0.19704,-0.060492
-0.25834,-0.19844,-0.059175
-0.25661,-0.19915,-0.059718
-0.24558,-0.19336,-0.060198
-0.24338,-0.18373,-0.05903
-0.25272,-0.18385,-0.061497
-0.25279,-0.19256,-0.061924
-0.25196,-0.19147,-0.062513
-0.25193,-0.18969,-0.063086
-0.2521,-0.18789,-0.063701
-0.26461,-0.18444,-0.062311
-0.25565,-0.16958,-0.062798
-0.24501,-0.16817,-0.065395
-0.24563,-0.16538,-0.065967
-0.24731,-0.16053,-0.066425
-0.24601,-0.14733,-0.065295
-0.24725,-0.14067,-0.065627
-0.26051,-0.13111,-0.067475
-0.25257,-0.131,-0.069311
-0.25189,-0.12459,-0.069917
-0.26349,-0.11571,-0.068414
-0.26458,-0.095172,-0.068712
-0.26685,-0.07301,-0.06891
-0.26845,-0.061997,-0.069197
-0.27138,-0.059293,-0.069227
-0.26207,-0.058118,-0.069485
-0.27405,-0.036197,-0.071765
-0.27741,-0.021793,-0.071797
-0.26881,-0.0085602,-0.070119
-0.26962,0.0024619,-0.070546
-0.27157,0.01528,-0.070765
-0.28347,0.037583,-0.071164
-0.29495,0.059736,-0.071474
-0.29791,0.062929,-0.073333
-0.29106,0.067032,-0.07142
-0.29539,0.093304,-0.071118
-0.29892,0.11766,-0.071079
-0.30221,0.13078,-0.071035
-0.30457,0.13125,-0.071225
-0.30804,0.1331,-0.072983
-0.32312,0.15697,-0.072791
-0.31574,0.17956,-0.070853
-0.31915,0.19033,-0.068955
-0.33228,0.19883,-0.068989
-0.33648,0.20931,-0.068669
-0.3409,0.23014,-0.068263
-0.34711,0.24162,-0.067531
-0.35245,0.24037,-0.068676
-0.35409,0.24428,-0.066593
-0.35938,0.25198,-0.065797
-0.35711,0.27505,-0.066256
-0.36207,0.28199,-0.065351
-0.36643,0.2993,-0.062632
-0.38031,0.29233,-0.060007
-0.3843,0.29733,-0.058949
-0.3764,0.31193,-0.057821
-0.3799,0.32823,-0.058224
-0.38075,0.33034,-0.055198
-0.38242,0.33501,-0.053641
-0.38487,0.33144,-0.049705
-0.38845,0.3413,-0.04926
-0.39777,0.35446,-0.049678
-0.39771,0.36002,-0.045834
-0.39313,0.36671,-0.043436
-0.39062,0.36937,-0.041706
-0.38928,0.37445,-0.039696
-0.39076,0.37653,-0.038341
-0.37851,0.38301,-0.036192
-0.37616,0.39983,-0.03412
-0.3846,0.4058,-0.032139
-0.39332,0.40171,-0.030063
-0.3807,0.40282,-0.028195
-0.37795,0.40822,-0.026506
-0.3636,0.42301,-0.025155
-0.37074,0.42119,-0.023787
-0.37971,0.43717,-0.022346
-0.36678,0.44201,-0.019188
-0.36478,0.43551,-0.017999
-0.36304,0.44004,-0.016873
-0.36144,0.44406,-0.015842
-0.36045,0.45948,-0.014747
-0.34721,0.46154,-0.015953
-0.34504,0.464,-0.015532
-0.35573,0.46958,-0.012947
-0.36575,0.46258,-0.014312
-0.36507,0.46588,-0.014081
-0.36516,0.46855,-0.014051
-0.36566,0.48076,-0.014425
-0.35486,0.48049,-0.013148
-0.34565,0.49349,-0.01165
-0.34867,0.49742,-0.011853
-0.35015,0.4995,-0.012362
-0.35661,0.48924,-0.014321
-0.3577,0.49128,-0.014874
-0.35341,0.4943,-0.015925
-0.35322,0.50547,-0.016847
-0.36522,0.50834,-0.017419
-0.35525,0.50096,-0.016132
-0.35514,0.50286,-0.016896
-0.37627,0.50273,-0.019905
-0.37654,0.50412,-0.020716
-0.37756,0.5165,-0.021535
-0.36875,0.50772,-0.022214
-0.35963,0.49801,-0.024795
-0.3606,0.50851,-0.024005
-0.36174,0.50852,-0.024954
-0.37224,0.50574,-0.024386
-0.37284,0.50463,-0.025301
-0.37362,0.50341,-0.026065
-0.37546,0.51481,-0.026503
-0.37618,0.51323,-0.029061
-0.36542,0.50014,-0.029733
-0.36574,0.49866,-0.030254
-0.36554,0.50781,-0.03277
-0.36501,0.50615,-0.033349
-0.36495,0.49563,-0.033432
-0.36372,0.48321,-0.034064
-0.36173,0.49142,-0.034916
-0.35952,0.49996,-0.033755
-0.36822,0.5093,-0.034265
-0.36596,0.50848,-0.034718
-0.36375,0.50827,-0.035138
-0.36165,0.49771,-0.035571
-0.3601,0.4881,-0.037667
-0.35953,0.50216,-0.037294
-0.35865,0.50395,-0.037478
-0.35411,0.50908,-0.038566
-0.35329,0.49967,-0.036934
-0.35294,0.50201,-0.036994
-0.35575,0.49943,-0.03668
-0.35421,0.51028,-0.038908
-0.3574,0.51962,-0.040066
-0.34803,0.51386,-0.037747
-0.35604,0.52039,-0.036714
-0.36024,0.52152,-0.037001
-0.36111,0.52467,-0.036769
-0.36279,0.52892,-0.03609
-0.36131,0.53536,-0.035054
-0.36304,0.53838,-0.034784
-0.36489,0.53011,-0.034335
-0.35613,0.54399,-0.035638
-0.34646,0.55688,-0.035219
-0.34763,0.56042,-0.0346
-0.35889,0.56425,-0.032235
-0.37055,0.55869,-0.031403
-0.37077,0.56323,-0.032451
-0.35936,0.55544,-0.031918
-0.35896,0.55859,-0.031338
-0.35803,0.572,-0.030964
-0.35689,0.5745,-0.030498
-0.35525,0.58757,-0.030242
-0.353,0.57782,-0.030071
-0.36224,0.5806,-0.029289
-0.36053,0.58308,-0.028921
-0.3585,0.58432,-0.028813
-0.33362,0.5949,-0.029449
-0.33106,0.59632,-0.029403
-0.33887,0.60902,-0.029457
-0.33556,0.60074,-0.029376
-0.32069,0.60303,-0.02939
-0.32753,0.59353,-0.031659
-0.32331,0.5951,-0.032151
-0.33007,0.59622,-0.032851
-0.32055,0.59822,-0.032207
-0.31656,0.59854,-0.035062
-0.31838,0.5975,-0.035593
-0.31551,0.60859,-0.034665
-0.30135,0.60741,-0.036052
-0.29878,0.60716,-0.037278
-0.29623,0.618,-0.03863
-0.28315,0.6196,-0.039578
-0.28017,0.62052,-0.042728
-0.27679,0.61061,-0.044062
-0.27374,0.60217,-0.046239
-0.28079,0.61411,-0.045973
-0.27738,0.61589,-0.047372
-0.27378,0.62788,-0.047803
-0.25962,0.61872,-0.05108
-0.26754,0.63205,-0.052158
-0.2643,0.63416,-0.053619
-0.26144,0.62577,-0.055316
-0.25921,0.62918,-0.054683
-0.25724,0.6322,-0.055873
-0.2557,0.63515,-0.056944
-0.25494,0.62741,-0.05766
-0.24318,0.64047,-0.060396
-0.24181,0.65148,-0.061614
-0.25248,0.65387,-0.063651
-0.25243,0.64572,-0.06408
-0.25252,0.64772,-0.064684
-0.23067,0.64899,-0.063636
-0.23062,0.65003,-0.064191
-0.24096,0.65076,-0.066697
-0.24015,0.66281,-0.067025
-0.2391,0.66374,-0.067616
-0.23715,0.65175,-0.068701
-0.23597,0.65233,-0.069166
-0.23858,0.6548,-0.070526
-0.2375,0.65456,-0.071027
-0.23644,0.65407,-0.071883
-0.23253,0.65844,-0.0728
-0.23163,0.66055,-0.073272
-0.22766,0.65321,-0.072798
-0.22648,0.65229,-0.073555
-0.21727,0.6485,-0.07706
-0.21532,0.64703,-0.077913
-0.21289,0.64664,-0.078912
-0.20963,0.64361,-0.08038
-0.20632,0.64408,-0.081573
-0.2028,0.64225,-0.08267
-0.19871,0.63984,-0.084051
-0.2067,0.62497,-0.084211
-0.20274,0.62176,-0.085621
-0.20357,0.6227,-0.088364
-0.18911,0.61872,-0.091607
-0.18568,0.61098,-0.092931
-0.18213,0.60584,-0.092891
-0.17885,0.60074,-0.094532
-0.17018,0.59581,-0.09776
-0.16715,0.59042,-0.099258
-0.16944,0.58315,-0.10039
-0.16641,0.566,-0.10192
-0.16342,0.55918,-0.10437
-0.14903,0.55046,-0.10655
-0.14585,0.54217,-0.10819
-0.14245,0.53296,-0.10954
-0.15059,0.52474,-0.10863
-0.14773,0.51459,-0.11012
-0.13912,0.49243,-0.061285
-0.13632,0.48139,-0.061025
-0.14486,0.46932,-0.058463
-0.14314,0.45691,-0.0532
-0.14214,0.44396,-0.045463
-0.13058,0.43064,-0.035243
-0.13028,0.4169,-0.02271
-0.13028,0.40313,-0.0058534
-0.13041,0.38905,0.011263
-0.13066,0.36339,0.028441
-0.13122,0.34865,0.049552
-0.13199,0.33359,0.072399
-0.13301,0.30714,0.096909
-0.13417,0.29111,0.12269
-0.13552,0.27467,0.15157
-0.13703,0.2579,0.1796
-0.13811,0.25115,0.20929
-0.13987,0.23484,0.23877
-0.14172,0.21908,0.26864
-0.14415,0.19369,0.29766
-0.14617,0.17873,0.3275
-0.13684,0.15272,0.35661
-0.13823,0.13802,0.3854
-0.13922,0.13498,0.41362
-0.13964,0.12148,0.44043
-0.13957,0.10887,0.46591
-0.13902,0.09727,0.48987
-0.13798,0.086748,0.5121
-0.14785,0.066141,0.53442
-0.14662,0.057285,0.55279
-0.13399,0.048986,0.57046
-0.13215,0.041763,0.5845
-0.12987,0.035436,0.59623
-0.13845,0.018868,0.60377
-0.13609,0.013742,0.61045
