-0.0016742,-0.001942,-0.016298
-0.0018749,-0.002138,-0.016667
-0.002075,-0.0023759,-0.016981
-0.0022776,-0.0025976,-0.017188
-0.0024859,-0.0028609,-0.017338
-0.0027032,-0.0031634,-0.017428
-0.0029328,-0.0034279,-0.017432
-0.0031776,-0.0037233,-0.017372
-0.0033963,-0.003998,-0.017244
-0.0036349,-0.0042881,-0.017047
-0.0038586,-0.0046284,-0.01681
-0.0041026,-0.0049659,-0.016502
-0.0043655,-0.0052929,-0.016126
-0.0046592,-0.0056461,-0.015712
-0.004969,-0.0059748,-0.015235
-0.0053161,-0.0063034,-0.01472
-0.0056774,-0.0065978,-0.014151
-0.0061412,-0.0068839,-0.013542
-0.0066208,-0.0071301,-0.012892
-0.0071196,-0.0073349,-0.012209
-0.0076437,-0.007526,-0.011471
-0.0081937,-0.0076747,-0.010713
-0.0088147,-0.0077831,-0.0099221
-0.0094688,-0.0078514,-0.009125
-0.010161,-0.0078813,-0.0083059
-0.010895,-0.007875,-0.007492
-0.011675,-0.007835,-0.0066881
-0.012507,-0.0077406,-0.0058832
-0.013393,-0.0076177,-0.0050967
-0.01429,-0.007456,-0.0043472
-0.015244,-0.0072701,-0.0036232
-0.016301,-0.0070458,-0.002943
-0.017417,-0.0068011,-0.0022957
-0.018592,-0.0065377,-0.0016849
-0.019814,-0.0062441,-0.0011329
-0.021096,-0.0059353,-0.00062432
-0.022539,-0.0055897,-0.00016993
-0.024043,-0.0052313,0.00023421
-0.025656,-0.0048604,0.00058509
-0.027335,-0.0044688,0.00093325
-0.029084,-0.0040658,0.001227
-0.030947,-0.0036525,0.0014782
-0.032885,-0.0032288,0.0017666
-0.034945,-0.0027955,0.0020178
-0.037098,-0.0023564,0.0022857
-0.039348,-0.0019303,0.0025267
-0.041697,-0.0014937,0.0027683
-0.044146,-0.0010519,0.0030032
-0.046653,-0.00061994,0.0032494
-0.049248,-0.00015037,0.003455
-0.051988,0.00030754,0.0036893
-0.054819,0.00073143,0.0038537
-0.057749,0.0011517,0.0040487
-0.060752,0.0015075,0.0041708
-0.063849,0.0018501,0.0043221
-0.067035,0.0021651,0.0044929
-0.070303,0.0024562,0.0046274
-0.073737,0.0027108,0.0047869
-0.077278,0.0029312,0.0049355
-0.080891,0.0031119,0.0050891
-0.084577,0.0033216,0.0052572
-0.088331,0.0034867,0.0054189
-0.092194,0.0036065,0.0055687
-0.096172,0.0037557,0.005807
-0.10021,0.003871,0.006022
-0.10432,0.0039949,0.006289
-0.10848,0.004089,0.0065435
-0.11273,0.0041734,0.0068193
-0.11703,0.0042416,0.00709
-0.12143,0.004334,0.0073595
-0.12583,0.0044251,0.0076164
-0.13025,0.0045243,0.007894
-0.13466,0.0045494,0.0081278
-0.13912,0.0045939,0.0083713
-0.14365,0.0046015,0.0085725
-0.1482,0.0046328,0.0087823
-0.15281,0.004689,0.0090069
-0.15744,0.0046955,0.0092149
-0.16208,0.0046945,0.0094196
-0.16677,0.0046666,0.0096257
-0.17146,0.0046499,0.0098311
-0.17618,0.0046776,0.010056
-0.18091,0.0047068,0.010278
-0.18567,0.0047257,0.010501
-0.19043,0.0047824,0.010749
-0.19522,0.004826,0.010993
-0.19999,0.0048878,0.011255
-0.20477,0.0049371,0.011514
-0.20945,0.0050022,0.011788
-0.21413,0.0050545,0.012063
-0.21882,0.0051041,0.012343
-0.22349,0.0051715,0.0126
-0.2282,0.0052459,0.012869
-0.23286,0.0053155,0.013123
-0.2375,0.0053824,0.013385
-0.24211,0.00547,0.013629
-0.2467,0.0055618,0.013878
-0.25129,0.0056628,0.014133
-0.25586,0.0057522,0.014374
-0.26045,0.0058562,0.014609
-0.26506,0.0059649,0.014858
-0.26965,0.0060926,0.015105
-0.27417,0.0062248,0.015362
-0.27869,0.0063783,0.015615
-0.28323,0.0065309,0.015861
-0.28777,0.0066918,0.01612
-0.29226,0.0068964,0.016376
-0.29664,0.0070968,0.016634
-0.30101,0.0073147,0.016887
-0.3054,0.0075478,0.017145
-0.30978,0.0077948,0.017399
-0.31419,0.0080534,0.017652
-0.31854,0.0083225,0.017893
-0.32288,0.0086001,0.018149
-0.32715,0.0088837,0.018398
-0.33141,0.0091708,0.018648
-0.33565,0.0094807,0.018893
-0.33986,0.0097913,0.019141
-0.34404,0.010101,0.0194
-0.34825,0.010423,0.019655
-0.35245,0.010744,0.019916
-0.35658,0.011075,0.020173
-0.36068,0.011405,0.020435
-0.36481,0.011732,0.020686
-0.36892,0.01206,0.020935
-0.37305,0.012386,0.021186
-0.37717,0.01272,0.021447
-0.38128,0.013099,0.021709
-0.38529,0.013487,0.021963
-0.38929,0.013879,0.022217
-0.39333,0.014279,0.022476
-0.39736,0.014676,0.022739
-0.40139,0.015086,0.023
-0.40537,0.01551,0.023256
-0.40935,0.015952,0.023516
-0.41334,0.016405,0.02378
-0.41733,0.016878,0.02404
-0.42131,0.017372,0.024296
-0.42525,0.017875,0.02455
-0.42923,0.018356,0.024808
-0.43316,0.018824,0.025065
-0.43711,0.019354,0.025322
-0.4411,0.019899,0.025564
-0.44508,0.020456,0.025806
-0.44906,0.020977,0.026045
-0.45301,0.021506,0.026285
-0.45702,0.022077,0.026528
-0.46098,0.022649,0.026765
-0.46486,0.02318,0.026999
-0.46873,0.023735,0.027241
-0.47259,0.024283,0.027484
-0.47647,0.024864,0.027726
-0.48034,0.025439,0.027977
-0.48426,0.026003,0.02823
-0.48811,0.026563,0.028478
-0.49195,0.027156,0.028734
-0.49573,0.027743,0.028993
-0.49949,0.028323,0.029254
-0.50324,0.028853,0.029509
-0.50698,0.029381,0.02976
-0.51071,0.029909,0.030023
-0.5144,0.030426,0.030287
-0.51803,0.030943,0.030553
-0.52159,0.031444,0.030815
-0.52511,0.031944,0.031079
-0.5286,0.032487,0.031343
-0.53208,0.03301,0.03161
-0.53555,0.033487,0.031877
-0.53897,0.033964,0.032143
-0.5423,0.034483,0.032408
-0.54554,0.035,0.032681
-0.54874,0.035517,0.032952
-0.5519,0.03599,0.033224
-0.555,0.036463,0.033494
-0.5581,0.036935,0.033771
-0.56109,0.037428,0.034049
-0.56402,0.037917,0.034341
-0.56693,0.03838,0.034631
-0.56978,0.03884,0.034921
-0.57259,0.039295,0.035201
-0.57527,0.039744,0.035475
-0.57798,0.040186,0.03576
-0.58058,0.040619,0.036047
-0.58307,0.041087,0.036335
-0.58551,0.041545,0.036612
-0.5879,0.041995,0.03689
-0.59028,0.042392,0.037153
-0.59261,0.042783,0.037423
-0.5949,0.043215,0.037697
-0.59715,0.043639,0.037961
-0.59931,0.044103,0.038223
-0.60143,0.044564,0.038479
-0.60352,0.045026,0.038731
-0.60557,0.045447,0.038969
-0.60755,0.045876,0.039214
-0.60955,0.046359,0.039466
-0.61149,0.046853,0.03971
-0.61337,0.047318,0.039954
-0.61523,0.047754,0.04019
-0.61706,0.048206,0.040419
-0.61887,0.048715,0.040633
-0.62062,0.049239,0.040834
-0.62239,0.049733,0.041043
-0.62413,0.050241,0.041247
-0.62581,0.050807,0.041453
-0.62746,0.051385,0.041648
-0.6291,0.051976,0.04184
-0.63069,0.052577,0.042006
-0.63227,0.053193,0.042171
-0.63383,0.05378,0.042335
-0.63533,0.054425,0.042489
-0.6368,0.055127,0.042649
-0.63823,0.055797,0.042805
-0.63962,0.05648,0.042959
-0.64099,0.057131,0.043103
-0.64231,0.05784,0.043247
-0.6436,0.058605,0.043387
-0.64477,0.05934,0.043521
-0.6459,0.060085,0.043666
-0.64707,0.060879,0.04381
-0.6482,0.061683,0.043951
-0.64926,0.062541,0.044089
-0.65024,0.063368,0.044225
-0.65121,0.064168,0.044362
-0.65206,0.064981,0.044498
-0.65283,0.065849,0.044634
-0.65354,0.066683,0.044762
-0.6542,0.067524,0.044891
-0.6548,0.068373,0.045014
-0.65532,0.069274,0.045147
-0.65582,0.07018,0.045281
-0.65624,0.07109,0.045407
-0.65655,0.071964,0.045544
-0.65684,0.072844,0.045681
-0.65706,0.073726,0.045819
-0.65719,0.074613,0.045946
-0.65725,0.075454,0.046074
-0.65728,0.076331,0.046209
-0.65721,0.077245,0.046345
-0.65703,0.078152,0.046496
-0.65684,0.079008,0.046647
-0.65659,0.079854,0.0468
-0.65629,0.080689,0.046946
-0.65592,0.081556,0.047094
-0.65551,0.082412,0.047243
-0.655,0.083258,0.047386
-0.65441,0.084094,0.047538
-0.65379,0.084923,0.047677
-0.65312,0.085744,0.047816
-0.65245,0.086557,0.04794
-0.65173,0.087363,0.048076
-0.65097,0.088165,0.04821
-0.65009,0.088963,0.048334
-0.64908,0.089758,0.048462
-0.64809,0.090508,0.048587
-0.64706,0.091253,0.048707
-0.646,0.091994,0.048807
-0.64484,0.092778,0.048918
-0.64364,0.093603,0.049031
-0.64239,0.094379,0.049135
-0.64105,0.095156,0.049241
-0.6397,0.095888,0.049341
-0.6383,0.096619,0.049436
-0.63688,0.097347,0.049533
-0.63542,0.098119,0.049634
-0.63387,0.098891,0.049732
-0.63222,0.099618,0.049814
-0.63051,0.10034,0.049894
-0.62874,0.10111,0.049966
-0.62693,0.10189,0.050038
-0.62506,0.10266,0.050094
-0.62314,0.10339,0.050158
-0.62117,0.10413,0.050222
-0.61911,0.10491,0.05027
-0.61699,0.10569,0.050317
-0.61482,0.10643,0.050362
-0.61259,0.10718,0.050403
-0.61032,0.10793,0.050433
-0.60801,0.10868,0.050483
-0.60565,0.10948,0.050543
-0.60323,0.11031,0.050598
-0.60077,0.11116,0.05065
-0.59822,0.11197,0.050693
-0.59563,0.11278,0.050734
-0.59299,0.1136,0.050772
-0.59031,0.11448,0.050818
-0.58755,0.11537,0.050864
-0.58476,0.11623,0.050912
-0.58188,0.11711,0.050962
-0.57898,0.11801,0.050999
-0.57603,0.11892,0.051039
-0.57299,0.11985,0.051067
-0.56994,0.12075,0.0511
-0.56684,0.12171,0.051141
-0.56367,0.12273,0.051183
-0.56044,0.12376,0.051224
-0.55721,0.12476,0.051267
-0.55394,0.12578,0.05131
-0.55057,0.12677,0.051347
-0.54716,0.12777,0.051391
-0.5437,0.12878,0.051449
-0.54014,0.1298,0.051506
-0.5365,0.13083,0.051564
-0.53284,0.1319,0.051614
-0.52912,0.13297,0.051663
-0.52534,0.13403,0.051703
-0.52154,0.13509,0.051757
-0.51766,0.1362,0.051814
-0.5137,0.13726,0.051865
-0.50969,0.13832,0.051916
-0.50567,0.13937,0.05196
-0.5016,0.14042,0.052003
-0.49743,0.14145,0.052029
-0.49321,0.14247,0.052061
-0.48896,0.14348,0.052092
-0.48466,0.14449,0.05212
-0.48032,0.14548,0.052145
-0.47594,0.1465,0.052157
-0.47152,0.14751,0.052163
-0.46702,0.14847,0.052163
-0.46245,0.14942,0.052173
-0.45785,0.15036,0.052183
-0.45322,0.15129,0.052186
-0.44855,0.15222,0.052183
-0.44389,0.15313,0.052174
-0.4392,0.15403,0.052158
-0.43444,0.15497,0.052131
-0.42966,0.1559,0.052113
-0.42485,0.15683,0.052099
-0.42002,0.15771,0.052075
-0.41517,0.15858,0.052049
-0.41028,0.15941,0.052017
-0.40538,0.16024,0.051985
-0.40043,0.16106,0.051937
-0.39542,0.16188,0.051884
-0.39035,0.16278,0.05183
-0.38529,0.16366,0.051775
-0.38021,0.16455,0.05172
-0.37511,0.16539,0.051651
-0.37002,0.16623,0.051579
-0.36491,0.16707,0.051505
-0.35976,0.16791,0.051443
-0.35451,0.16876,0.051392
-0.34923,0.16961,0.051337
-0.34393,0.17046,0.05128
-0.33859,0.17132,0.05122
-0.33327,0.17218,0.051149
-0.32787,0.17305,0.051077
-0.32244,0.17393,0.051011
-0.31697,0.17482,0.050951
-0.31147,0.17567,0.050874
-0.30593,0.17652,0.050797
-0.3003,0.17739,0.050713
-0.29468,0.17827,0.050628
-0.28898,0.17917,0.050548
-0.28325,0.18007,0.050468
-0.27743,0.18096,0.050386
-0.27161,0.18185,0.050302
-0.26574,0.18274,0.050218
-0.25988,0.18364,0.05012
-0.25397,0.18454,0.050023
-0.24799,0.18544,0.049925
-0.24201,0.18634,0.049841
-0.23598,0.18724,0.049764
-0.22992,0.1881,0.04968
-0.22383,0.18895,0.049595
-0.2177,0.18976,0.049496
-0.21155,0.19056,0.049398
-0.20536,0.19139,0.049306
-0.1992,0.19226,0.04922
-0.19298,0.19315,0.049142
-0.18676,0.19404,0.04905
-0.18052,0.19493,0.048957
-0.17433,0.19576,0.048864
-0.16814,0.19659,0.04877
-0.1619,0.19747,0.048684
-0.15569,0.19835,0.048606
-0.14949,0.19923,0.048522
-0.14333,0.20008,0.048437
-0.13719,0.20092,0.048353
-0.13099,0.20173,0.048263
-0.12481,0.20255,0.048167
-0.11865,0.20342,0.048073
-0.11258,0.2043,0.047995
-0.10648,0.20518,0.047912
-0.10041,0.20607,0.047828
-0.094357,0.20696,0.047746
-0.088334,0.20782,0.047664
-0.082381,0.20863,0.047583
-0.076408,0.2095,0.04751
-0.070503,0.2104,0.047438
-0.064623,0.21131,0.047366
-0.058763,0.21222,0.047287
-0.052926,0.21312,0.047208
-0.047068,0.21403,0.047123
-0.041278,0.21494,0.047029
-0.035463,0.2159,0.04695
-0.029712,0.21681,0.046876
-0.023979,0.21768,0.046793
-0.018264,0.21856,0.046701
-0.012564,0.21943,0.046607
-0.0068311,0.2203,0.046504
-0.0011567,0.2212,0.046394
0.004551,0.22215,0.04628
0.010217,0.22309,0.046178
0.015922,0.22403,0.046071
0.021576,0.22489,0.04596
0.02723,0.22575,0.045845
0.032918,0.22659,0.045716
0.038611,0.22746,0.045597
0.044323,0.22839,0.045484
0.050047,0.22931,0.045367
0.055788,0.23024,0.045248
0.061461,0.23112,0.045121
0.067152,0.23201,0.044993
0.072907,0.2329,0.044849
0.078679,0.2338,0.044706
0.084555,0.2347,0.044577
0.090411,0.2356,0.044446
0.096292,0.23651,0.044316
0.10216,0.23742,0.04418
0.10805,0.23834,0.044045
0.11401,0.23926,0.043896
0.11995,0.24017,0.043753
0.12596,0.24108,0.04362
0.13197,0.24197,0.043483
0.13801,0.24287,0.043346
0.14398,0.24377,0.043212
0.14996,0.24467,0.043079
0.156,0.24556,0.042931
0.16206,0.24643,0.042796
0.16822,0.24735,0.042671
0.17434,0.24826,0.042545
0.18046,0.24916,0.04242
0.18656,0.25005,0.042287
0.19265,0.25092,0.042155
0.19879,0.25179,0.042023
0.2049,0.2527,0.041906
0.21102,0.25356,0.041804
0.2171,0.25437,0.041697
0.22318,0.25518,0.041593
0.22924,0.25593,0.041482
0.23528,0.25667,0.041375
0.24132,0.25744,0.041258
0.24735,0.25824,0.041145
0.25335,0.25898,0.041049
0.25928,0.25966,0.040949
0.2652,0.26033,0.040853
0.27109,0.26101,0.040745
0.27696,0.26168,0.04064
0.28284,0.26232,0.040537
0.2886,0.26298,0.040443
0.29428,0.26363,0.040358
0.29993,0.26421,0.040274
0.30552,0.26477,0.04019
0.31107,0.26527,0.040099
0.31657,0.26575,0.040009
0.32204,0.26625,0.039941
0.32746,0.26678,0.039873
0.33276,0.26735,0.039806
0.33796,0.26785,0.039733
0.34309,0.26835,0.03966
0.34815,0.2688,0.039581
0.35313,0.26925,0.039504
0.35808,0.2697,0.039434
0.36291,0.27015,0.039374
0.36761,0.2706,0.039314
0.37218,0.27101,0.039242
0.37666,0.27142,0.03917
0.38106,0.27183,0.039093
0.38536,0.27225,0.039017
0.38962,0.27274,0.038954
0.39374,0.27323,0.038897
0.39775,0.27365,0.038837
0.40163,0.27404,0.038778
0.4054,0.27443,0.038719
0.40902,0.27481,0.03866
0.41253,0.27518,0.038602
0.41595,0.2756,0.038546
0.41924,0.27602,0.0385
0.42239,0.27643,0.038463
0.42542,0.27678,0.03842
0.42834,0.27711,0.038379
0.43115,0.27742,0.038332
0.43384,0.27775,0.03828
0.43644,0.27806,0.038238
0.43887,0.27836,0.038213
0.44121,0.27864,0.03819
0.44335,0.2789,0.038156
0.44538,0.27914,0.038125
0.44731,0.27936,0.038082
0.44916,0.27957,0.038041
0.45096,0.27976,0.038001
0.45261,0.27994,0.037977
0.4541,0.2801,0.037968
0.45545,0.28024,0.037951
0.4567,0.28036,0.037935
0.45783,0.28044,0.037897
0.45891,0.28051,0.037861
0.45996,0.28063,0.037839
0.46089,0.28075,0.037831
0.4617,0.28084,0.03783
0.46232,0.28087,0.037821
0.46288,0.2809,0.037812
0.46336,0.28087,0.037796
0.46378,0.28084,0.037782
0.46408,0.28085,0.037778
0.46427,0.28084,0.037774
0.4644,0.28084,0.037775
0.46446,0.28087,0.037762
0.46445,0.2809,0.037751
0.46437,0.28086,0.037734
0.46419,0.28083,0.037719
0.46392,0.2808,0.037703
0.46357,0.28071,0.037702
0.4631,0.28067,0.037701
0.46258,0.28067,0.037686
0.46199,0.28068,0.03767
0.46128,0.28064,0.037639
0.4605,0.28055,0.037627
0.45964,0.28051,0.037635
0.45867,0.28046,0.037641
0.45758,0.28042,0.037647
0.45646,0.28038,0.037645
0.45526,0.28034,0.037642
0.45397,0.28026,0.037641
0.45255,0.28022,0.037655
0.45101,0.28017,0.037679
0.44936,0.28009,0.037683
0.44761,0.28005,0.037684
0.44582,0.27997,0.037688
0.44394,0.27987,0.037696
0.44191,0.27973,0.037692
0.4398,0.27962,0.037699
0.4376,0.27946,0.037717
0.43526,0.27929,0.03773
0.43276,0.27914,0.037751
0.43022,0.27897,0.037773
0.42759,0.27879,0.037797
0.42482,0.27854,0.03781
0.42196,0.27832,0.037839
0.41899,0.27811,0.03788
0.41588,0.27781,0.03791
0.41264,0.27749,0.037949
0.40931,0.27722,0.037993
0.40588,0.27692,0.038039
0.40235,0.2766,0.038071
0.39875,0.27628,0.038106
0.39502,0.27594,0.038158
0.39118,0.27554,0.038211
0.38725,0.27512,0.038265
0.38327,0.27468,0.038312
0.37921,0.27423,0.038363
0.37498,0.27374,0.038394
0.37068,0.27325,0.038436
0.36632,0.27279,0.038493
0.36188,0.27231,0.038543
0.35732,0.27178,0.038585
0.35271,0.27125,0.038628
0.34803,0.2707,0.038669
0.34329,0.27014,0.0387
0.33849,0.26957,0.038744
0.33359,0.26898,0.038799
0.3286,0.26838,0.038852
0.32352,0.26778,0.038911
0.31844,0.26718,0.038954
0.3133,0.26656,0.038994
0.30812,0.26588,0.039032
0.30293,0.26523,0.03909
0.2977,0.26461,0.039149
0.29237,0.26392,0.039193
0.28696,0.26322,0.039238
0.28157,0.26252,0.039277
0.27616,0.26181,0.039317
0.27067,0.26105,0.039345
0.26515,0.26033,0.039382
0.25957,0.25959,0.039427
0.25401,0.2588,0.039466
0.24842,0.25804,0.039505
0.24281,0.25726,0.039543
0.23717,0.25647,0.039581
0.23148,0.25563,0.039604
0.22577,0.25483,0.039634
0.22002,0.25403,0.039677
0.21427,0.25322,0.039719
0.20849,0.25241,0.039767
0.20273,0.25155,0.039813
0.19695,0.25068,0.039858
0.19115,0.24981,0.039895
0.18538,0.24898,0.039947
0.17954,0.24815,0.040007
0.17369,0.24727,0.040046
0.16783,0.24639,0.040086
0.16204,0.2455,0.040135
0.15625,0.24461,0.040186
0.15041,0.24369,0.040218
0.14459,0.24281,0.040252
0.13873,0.24195,0.040293
0.1329,0.24109,0.040328
0.12708,0.24024,0.040363
0.12126,0.23933,0.040405
0.11546,0.23843,0.040446
0.10957,0.23748,0.040478
0.10375,0.23658,0.040525
0.097935,0.23572,0.040585
0.092121,0.2349,0.040635
0.086315,0.23404,0.040693
0.080572,0.23315,0.040744
0.074839,0.23226,0.040795
0.069071,0.23139,0.040832
0.063352,0.23055,0.040883
0.057645,0.22972,0.040942
0.051957,0.22887,0.040991
0.046192,0.22806,0.041041
0.040481,0.22727,0.041085
0.03478,0.22648,0.04113
0.029086,0.22561,0.041168
0.0234,0.22476,0.041222
0.01768,0.22395,0.041283
0.012005,0.22314,0.041329
0.0063346,0.22233,0.041372
0.00066385,0.22154,0.041416
-0.0050093,0.22074,0.041459
-0.010738,0.21991,0.04149
-0.016384,0.21912,0.041541
-0.022076,0.21836,0.041603
-0.027773,0.21755,0.04165
-0.033481,0.2167,0.041696
-0.039152,0.21589,0.041747
-0.04483,0.21507,0.041798
-0.050559,0.21424,0.041841
-0.056295,0.21341,0.041892
-0.062126,0.21261,0.04195
-0.067922,0.21181,0.041994
-0.07371,0.21094,0.042043
-0.079474,0.21006,0.042084
-0.085255,0.20916,0.042125
-0.091117,0.20827,0.042154
-0.096994,0.20742,0.042185
-0.10293,0.20656,0.042221
-0.10889,0.20565,0.042256
-0.11489,0.20473,0.04229
-0.12087,0.2038,0.042323
-0.12689,0.20287,0.042353
-0.13302,0.20193,0.042366
-0.13914,0.20102,0.04239
-0.14531,0.20011,0.042418
-0.15147,0.19919,0.042437
-0.15768,0.19828,0.042453
-0.16393,0.19733,0.042465
-0.17023,0.19637,0.042475
-0.1766,0.19537,0.042479
-0.18297,0.19441,0.042495
-0.18942,0.1935,0.042515
-0.19588,0.19259,0.042519
-0.20234,0.19164,0.042522
-0.2088,0.19069,0.042515
-0.21529,0.18975,0.042506
-0.22185,0.18881,0.042488
-0.22842,0.18788,0.042476
-0.23505,0.18695,0.04247
-0.24162,0.18603,0.042456
-0.24816,0.18507,0.04244
-0.25469,0.18412,0.042424
-0.26126,0.18316,0.042398
-0.26785,0.1822,0.042364
-0.2744,0.18127,0.042348
-0.28096,0.18038,0.042339
-0.28744,0.17945,0.042324
-0.2939,0.17852,0.04231
-0.30033,0.17759,0.042297
-0.30671,0.17665,0.042284
-0.31309,0.17571,0.042266
-0.31934,0.1748,0.042258
-0.32557,0.1739,0.042259
-0.33175,0.17294,0.042249
-0.33783,0.17195,0.042241
-0.34385,0.171,0.04223
-0.3498,0.17005,0.042221
-0.35573,0.16909,0.042207
-0.36155,0.16814,0.04221
-0.36733,0.16719,0.042221
-0.37303,0.16623,0.042227
-0.37866,0.16529,0.042238
-0.38412,0.16429,0.04225
-0.38951,0.1633,0.042264
-0.39485,0.16229,0.042271
-0.40012,0.16137,0.042288
-0.4053,0.16045,0.042313
-0.41038,0.15949,0.042333
-0.41538,0.15853,0.042347
-0.4203,0.15757,0.042366
-0.42516,0.15662,0.042385
-0.42998,0.15567,0.042405
-0.43468,0.15475,0.042437
-0.4393,0.15384,0.042474
-0.4438,0.15289,0.042498
-0.44828,0.15192,0.042518
-0.45269,0.15099,0.042536
-0.45704,0.15007,0.042554
-0.46132,0.14916,0.042563
-0.4655,0.14825,0.042577
-0.46967,0.14739,0.042603
-0.47369,0.14649,0.04262
-0.47771,0.14556,0.042627
-0.4817,0.14469,0.042626
-0.48565,0.14383,0.042622
-0.48956,0.14298,0.042607
-0.49337,0.14212,0.042599
-0.49717,0.14126,0.042592
-0.5009,0.14041,0.042572
-0.50456,0.13957,0.042555
-0.50818,0.13873,0.042532
-0.51177,0.13789,0.042503
-0.51539,0.13701,0.042469
-0.51889,0.13613,0.042446
-0.52237,0.13526,0.042413
-0.52583,0.13437,0.042369
-0.52925,0.13348,0.04233
-0.53263,0.13258,0.042287
-0.53598,0.13166,0.042244
-0.5393,0.13072,0.042193
-0.54256,0.12982,0.042142
-0.54585,0.12894,0.042093
-0.54906,0.128,0.042037
-0.55219,0.12704,0.041982
-0.55533,0.12611,0.041927
-0.55845,0.12517,0.041874
-0.56153,0.12417,0.041814
-0.56454,0.12317,0.041763
-0.56756,0.12215,0.041717
-0.57049,0.12112,0.041663
-0.57339,0.12009,0.041614
-0.57631,0.1191,0.041566
-0.57919,0.1181,0.041519
-0.58203,0.1171,0.041471
-0.5848,0.11611,0.041432
-0.58754,0.11512,0.041395
-0.59021,0.1141,0.041351
-0.59285,0.11309,0.041316
-0.59545,0.11209,0.041282
-0.59802,0.11109,0.041249
-0.60058,0.11011,0.041209
-0.60306,0.10913,0.041179
-0.60547,0.10817,0.041152
-0.6078,0.10722,0.041119
-0.61005,0.10627,0.04109
-0.61228,0.10538,0.041063
-0.61447,0.1045,0.041037
-0.61663,0.1036,0.041004
-0.61868,0.10272,0.040981
-0.62071,0.1019,0.040958
-0.62266,0.1011,0.040929
-0.62453,0.10032,0.040908
-0.62635,0.099543,0.040884
-0.62811,0.098789,0.04086
-0.6298,0.098011,0.040827
-0.6314,0.097258,0.040802
-0.63299,0.09652,0.04079
-0.63453,0.095801,0.040768
-0.63595,0.095098,0.04074
-0.6373,0.094408,0.040718
-0.6386,0.093729,0.040695
-0.63986,0.09306,0.040664
-0.64102,0.092398,0.040633
-0.64212,0.09174,0.0406
-0.64319,0.091089,0.04056
-0.64417,0.090438,0.040519
-0.64506,0.089823,0.040479
-0.64591,0.089206,0.040438
-0.64674,0.088587,0.040394
-0.64754,0.087969,0.040356
-0.64831,0.087306,0.040317
-0.649,0.086596,0.040262
-0.64961,0.085922,0.040204
-0.65013,0.085282,0.040151
-0.65062,0.084632,0.040095
-0.65106,0.083971,0.040029
-0.65145,0.0833,0.039967
-0.65185,0.082575,0.039918
-0.65218,0.081844,0.039861
-0.65241,0.081101,0.039794
-0.65264,0.080343,0.039717
-0.65283,0.079572,0.039639
-0.65301,0.078785,0.039551
-0.65311,0.078026,0.03946
-0.65313,0.077253,0.039374
-0.6531,0.076466,0.039291
-0.653,0.075667,0.039207
-0.65287,0.07486,0.039112
-0.65271,0.074043,0.039015
-0.6525,0.073175,0.038907
-0.65226,0.0723,0.038805
-0.65201,0.071461,0.038706
-0.65167,0.07057,0.038605
-0.6512,0.06967,0.038493
-0.65073,0.068762,0.03838
-0.65022,0.067846,0.038264
-0.64971,0.066921,0.038147
-0.64916,0.066032,0.038036
-0.64853,0.065094,0.037923
-0.64782,0.064151,0.037806
-0.64705,0.063247,0.037688
-0.64623,0.06234,0.037566
-0.64537,0.061432,0.037444
-0.64443,0.060481,0.037323
-0.64344,0.059533,0.037202
-0.64241,0.058632,0.037089
-0.64132,0.057734,0.036976
-0.64018,0.056842,0.036864
-0.63894,0.055913,0.036739
-0.63764,0.054993,0.036614
-0.63628,0.054126,0.03649
-0.63484,0.05327,0.036376
-0.63334,0.052427,0.036263
-0.6318,0.051595,0.03615
-0.6302,0.050734,0.036038
-0.62858,0.0499,0.035926
-0.62691,0.049083,0.035815
-0.62518,0.048322,0.035696
-0.62337,0.047608,0.035586
-0.62148,0.046873,0.035479
-0.61951,0.046116,0.035373
-0.61748,0.045421,0.035275
-0.61542,0.044746,0.035172
-0.61331,0.04409,0.035069
-0.61115,0.043409,0.034959
-0.60896,0.042792,0.034857
-0.60674,0.042239,0.034765
-0.60442,0.041708,0.034659
-0.60196,0.041199,0.034546
-0.59953,0.040711,0.034438
-0.59706,0.040248,0.03433
-0.59455,0.039763,0.034222
-0.59198,0.039302,0.034119
-0.58939,0.03887,0.034022
-0.58676,0.038462,0.033924
-0.5841,0.038074,0.033826
-0.58141,0.037751,0.03372
-0.57869,0.037445,0.033614
-0.57593,0.037114,0.033509
-0.57311,0.0368,0.033403
-0.57021,0.036508,0.033299
-0.56726,0.036271,0.033194
-0.56429,0.03604,0.033088
-0.56134,0.035776,0.032982
-0.55835,0.035521,0.032877
-0.55534,0.035249,0.032764
-0.5523,0.034979,0.032659
-0.54924,0.03473,0.032562
-0.54611,0.03452,0.032449
-0.54289,0.034304,0.032336
-0.53971,0.034082,0.03223
-0.53651,0.033854,0.032124
-0.53328,0.033597,0.03201
-0.53,0.033331,0.031904
-0.52665,0.033055,0.031797
-0.52332,0.032767,0.031682
-0.51991,0.032466,0.031573
-0.51651,0.03215,0.031463
-0.51309,0.031818,0.031352
-0.50965,0.031469,0.031233
-0.50617,0.031148,0.03112
-0.50268,0.030833,0.031006
-0.49912,0.03046,0.030884
-0.49549,0.03005,0.030761
-0.49192,0.029627,0.030645
-0.48832,0.029189,0.030527
-0.48471,0.028737,0.030408
-0.48103,0.02827,0.030289
-0.47728,0.027811,0.030168
-0.47354,0.027383,0.030046
-0.46977,0.026945,0.029924
-0.466,0.026435,0.029802
-0.4622,0.025918,0.02968
-0.45837,0.025396,0.029549
-0.45455,0.024913,0.029417
-0.45068,0.024421,0.029301
-0.44679,0.023884,0.029177
-0.44288,0.023355,0.029044
-0.43895,0.022826,0.028911
-0.43507,0.022344,0.028786
-0.43113,0.021855,0.028661
-0.4272,0.021328,0.028536
-0.42322,0.020818,0.028411
-0.41922,0.020314,0.028286
-0.41518,0.019816,0.028161
-0.41113,0.019369,0.028037
-0.40707,0.018933,0.027914
-0.40301,0.018501,0.027785
-0.39893,0.018042,0.027666
-0.39484,0.017591,0.027549
-0.39078,0.017195,0.027431
-0.38669,0.016823,0.027322
-0.3826,0.016423,0.027208
-0.37849,0.016037,0.027096
-0.37432,0.015654,0.026978
-0.37014,0.015328,0.02687
-0.3659,0.015017,0.026764
-0.36162,0.014674,0.026651
-0.35728,0.014355,0.02654
-0.35302,0.014047,0.026439
-0.34873,0.01375,0.026339
-0.34441,0.013447,0.02624
-0.34009,0.013199,0.026142
-0.33574,0.012962,0.026044
-0.33135,0.012729,0.025941
-0.32689,0.012506,0.025839
-0.3224,0.012292,0.025736
-0.31794,0.01204,0.025641
-0.31345,0.011785,0.025545
-0.30894,0.011579,0.025449
-0.30436,0.011374,0.025352
-0.29982,0.011164,0.025254
-0.29526,0.010959,0.025156
-0.29068,0.010761,0.025057
-0.28607,0.010564,0.024958
-0.28146,0.010365,0.024858
-0.27683,0.010188,0.024765
-0.27215,0.010014,0.024671
-0.26747,0.009818,0.02457
-0.26273,0.0096227,0.024469
-0.25803,0.0094275,0.024368
-0.25333,0.0092318,0.024267
-0.24863,0.0090319,0.024158
-0.24391,0.0088528,0.024055
-0.23918,0.0086733,0.02396
-0.23449,0.0084938,0.023865
-0.22976,0.00831,0.02377
-0.22509,0.0081274,0.023668
-0.22041,0.0079459,0.023568
-0.21575,0.007767,0.02346
-0.21109,0.0075898,0.02336
-0.20645,0.0074147,0.023268
-0.20181,0.0072191,0.023176
-0.19719,0.0070311,0.023085
-0.19264,0.006866,0.022995
-0.18812,0.0067022,0.022907
-0.18357,0.0065332,0.022814
-0.17905,0.0063664,0.022721
-0.17456,0.0062042,0.022638
-0.17015,0.0060217,0.022557
-0.16574,0.00584,0.022472
-0.16136,0.0056588,0.022388
-0.15702,0.0055,0.022307
-0.15271,0.0053409,0.022226
-0.14846,0.0051823,0.022156
-0.14428,0.0050208,0.022087
-0.14017,0.0048677,0.022005
-0.13606,0.00472,0.021924
-0.132,0.0045664,0.021851
-0.12799,0.0044147,0.02178
-0.12401,0.0042648,0.021708
-0.12011,0.0041283,0.021635
-0.11626,0.0039873,0.021562
-0.1125,0.0038383,0.021489
-0.10877,0.0037008,0.021414
-0.10513,0.0035661,0.021339
-0.10155,0.0034342,0.021263
-0.098018,0.0033047,0.021186
-0.094542,0.0031854,0.021114
-0.091117,0.0030631,0.02104
-0.087751,0.002948,0.020965
-0.084442,0.0028413,0.020889
-0.081194,0.0027273,0.020804
-0.078004,0.0026168,0.020718
-0.074863,0.0025084,0.020631
-0.071822,0.0024143,0.02055
-0.068834,0.0023267,0.020468
-0.065942,0.0022426,0.020385
-0.063107,0.0021628,0.0203
-0.060375,0.0020758,0.020216
-0.057699,0.0019924,0.020131
-0.055082,0.0019117,0.020047
-0.052522,0.0018474,0.019962
-0.050021,0.0017839,0.019886
-0.047578,0.0017217,0.019811
-0.045192,0.0016668,0.019729
-0.042911,0.0016117,0.01965
-0.040688,0.0015597,0.019573
-0.038525,0.0015075,0.019495
-0.036422,0.0014657,0.01942
-0.034376,0.0014235,0.01935
-0.032433,0.0013854,0.019283
-0.030549,0.001356,0.019212
-0.028719,0.0013269,0.019143
-0.026946,0.0013005,0.019075
-0.025229,0.0012705,0.019018
-0.023571,0.0012452,0.018962
-0.021971,0.0012224,0.018909
-0.020464,0.001199,0.018857
-0.019009,0.0011809,0.018807
-0.017651,0.0011639,0.018759
-0.016346,0.0011477,0.018712
-0.015094,0.0011331,0.018671
-0.013895,0.0011222,0.01864
-0.012751,0.0011104,0.018608
-0.011659,0.001099,0.018572
-0.010612,0.0010914,0.01853
-0.0096595,0.0010888,0.01849
-0.008758,0.0010867,0.018451
-0.0079107,0.001083,0.018414
-0.0071126,0.0010789,0.018385
-0.0063661,0.0010949,0.018356
-0.0056669,0.0011123,0.01832
-0.0050129,0.0011323,0.018284
-0.0044022,0.001149,0.018247
-0.0038322,0.0011697,0.018209
-0.003295,0.0011946,0.018168
-0.0028383,0.0012319,0.018132
-0.0024172,0.0012975,0.018095
-0.0020278,0.0013683,0.018047
-0.0016651,0.001448,0.017997
-0.0013752,0.0015391,0.017949
-0.001114,0.0016424,0.017898
-0.00087541,0.0017594,0.017843
-0.00066409,0.0018923,0.017785
-0.00047741,0.0020421,0.017724
-0.00026963,0.0022132,0.017659
-8.2811e-05,0.0024029,0.017584
4.4618e-05,0.0026084,0.017505
0.00015839,0.0028345,0.017422
0.00026651,0.0030598,0.017342
0.00036534,0.0033061,0.017259
0.00045721,0.0035948,0.017173
0.00054494,0.0039107,0.017083
0.00063888,0.0042466,0.016991
0.00071146,0.0045936,0.016896
0.00078674,0.00496,0.016798
0.0008665,0.0053896,0.016691
0.00094516,0.0058387,0.016582
0.0010316,0.0062636,0.016472
0.0011195,0.0067151,0.01636
0.0012098,0.0072299,0.016246
0.0013083,0.0077591,0.016131
0.0014176,0.008308,0.016015
0.0015453,0.008877,0.015897
0.0016765,0.0094677,0.015778
0.0018413,0.010078,0.015658
0.0020169,0.010706,0.015537
0.0021827,0.011355,0.015415
0.0023643,0.012023,0.015293
0.0025585,0.01271,0.01517
0.0027647,0.013415,0.015047
0.0029818,0.014138,0.014923
0.003232,0.014878,0.014807
0.0034926,0.015637,0.014683
0.0037645,0.016453,0.014552
0.0040454,0.017279,0.014429
0.0043376,0.018121,0.014307
0.004677,0.018925,0.014183
0.0050288,0.019746,0.014063
0.005402,0.020588,0.013939
0.00579,0.021443,0.013813
0.0061499,0.022351,0.013687
0.0065275,0.023261,0.013569
0.0069211,0.024179,0.013452
0.0073747,0.02506,0.013329
0.0078438,0.025954,0.013198
0.0083288,0.026852,0.013068
0.0088378,0.027752,0.012937
0.0093213,0.028697,0.012812
0.0098239,0.029637,0.012686
0.010344,0.030576,0.012557
0.010879,0.031513,0.012418
0.011428,0.032447,0.012274
0.012035,0.033382,0.012133
0.012653,0.034316,0.011991
0.01324,0.035248,0.011845
0.013829,0.036175,0.011703
0.014427,0.0371,0.011558
0.015074,0.03802,0.011402
0.01573,0.038941,0.011242
0.016391,0.039903,0.011079
0.017058,0.040845,0.010913
0.017773,0.041785,0.010744
0.018493,0.042725,0.010572
0.019218,0.043666,0.010397
0.019908,0.044567,0.010219
0.020602,0.04547,0.010038
0.021301,0.046417,0.0098563
0.022009,0.047343,0.0096713
0.022723,0.048272,0.0094806
0.023439,0.049202,0.0092881
0.024159,0.050133,0.0090937
0.024882,0.051066,0.0088966
0.025601,0.052001,0.0086981
0.026321,0.052937,0.0084975
0.02704,0.053875,0.0082952
0.027757,0.054816,0.0080922
0.028473,0.055758,0.0078955
0.029184,0.056703,0.0076981
0.029935,0.057651,0.0074991
0.030673,0.058623,0.0072929
0.031406,0.059598,0.0070863
0.032134,0.060554,0.0068796
0.03286,0.061515,0.0066731
0.033575,0.062479,0.0064667
0.034287,0.063447,0.0062605
0.034999,0.064464,0.0060534
0.035709,0.065439,0.0058541
0.036418,0.066416,0.0056556
0.037127,0.067441,0.0054581
0.037837,0.06847,0.0052609
0.038556,0.069462,0.0050653
0.039278,0.070459,0.0048715
0.040003,0.071461,0.0046782
0.040724,0.072467,0.004487
0.041495,0.073478,0.0042969
0.04225,0.074492,0.0041093
0.042967,0.075509,0.0039241
0.043715,0.076528,0.0037412
0.04447,0.077548,0.0035606
0.045234,0.078568,0.0033788
0.046006,0.07959,0.0031994
0.046788,0.080612,0.0030219
0.047556,0.081632,0.0028383
0.048376,0.08265,0.0026482
0.049202,0.083622,0.002466
0.050037,0.084588,0.0022835
0.050878,0.085543,0.0021003
0.051691,0.08654,0.0019176
0.052513,0.087572,0.0017329
0.053332,0.088587,0.0015512
0.054156,0.089596,0.0013669
0.055029,0.090555,0.0011798
0.055906,0.091507,0.00098984
0.056788,0.092407,0.00079684
0.057629,0.093344,0.00060814
0.058517,0.09432,0.00041657
0.059408,0.09529,0.00022246
0.060301,0.096256,2.6075e-05
0.061241,0.097175,-0.0001799
0.062188,0.098093,-0.00038808
0.063145,0.098966,-0.0005911
0.064113,0.099837,-0.00078847
0.065095,0.10075,-0.00099447
0.066046,0.10165,-0.0012087
0.067011,0.10255,-0.0014237
0.068035,0.10344,-0.0016394
0.069076,0.10433,-0.0018557
0.07018,0.10522,-0.0020801
0.071261,0.1061,-0.0022974
0.072318,0.10698,-0.0025152
0.073397,0.10781,-0.0027333
0.074496,0.10864,-0.0029516
0.075569,0.10945,-0.0031702
0.076656,0.11026,-0.0033888
0.077798,0.11106,-0.0036073
0.078994,0.11189,-0.0038251
0.080201,0.11272,-0.0040428
0.08142,0.11349,-0.004261
0.082649,0.11425,-0.0044787
0.083889,0.115,-0.0046922
0.08514,0.11573,-0.004905
0.086398,0.11645,-0.0051165
0.087667,0.11716,-0.0053254
0.088948,0.11789,-0.005533
0.090239,0.11861,-0.005738
0.091584,0.11927,-0.0059411
0.092938,0.11992,-0.0061424
0.094305,0.12056,-0.0063411
0.095683,0.12123,-0.0065444
0.097029,0.12188,-0.0067436
0.098387,0.12248,-0.0069327
0.099758,0.12308,-0.0071187
0.10114,0.12371,-0.0073095
0.10253,0.12433,-0.0074975
0.10393,0.12495,-0.0076828
0.10534,0.12552,-0.0078657
0.10675,0.12604,-0.0080454
0.10816,0.12661,-0.0082232
0.10958,0.12717,-0.0083994
0.11104,0.12772,-0.0085741
0.11251,0.12827,-0.0087467
0.11397,0.12882,-0.0089183
0.11539,0.12932,-0.0090891
0.11682,0.12982,-0.0092581
0.11824,0.13036,-0.0094194
0.11963,0.1309,-0.0095791
0.12103,0.13141,-0.0097404
0.12247,0.13192,-0.009901
0.12391,0.13243,-0.010061
0.12535,0.1329,-0.010225
0.12679,0.13337,-0.010384
0.12823,0.13384,-0.010542
0.12966,0.1343,-0.010699
0.13109,0.13479,-0.010855
0.13246,0.13528,-0.011003
0.13384,0.13576,-0.011148
0.13525,0.13619,-0.011299
0.13666,0.13661,-0.011449
0.13803,0.13703,-0.011589
0.13939,0.1374,-0.011726
0.14074,0.13779,-0.011861
0.14209,0.13818,-0.011994
0.14344,0.13855,-0.012124
0.14482,0.13886,-0.012251
0.1462,0.1392,-0.012374
0.14757,0.13953,-0.012495
0.14889,0.13979,-0.012612
0.15021,0.14004,-0.012733
0.15152,0.14027,-0.01285
0.15283,0.14048,-0.012965
0.15413,0.14066,-0.013069
0.15543,0.14087,-0.013179
0.15676,0.14105,-0.013286
0.15809,0.14116,-0.013385
0.15938,0.14126,-0.013482
0.16067,0.14134,-0.013578
0.16196,0.14139,-0.013673
0.16328,0.14142,-0.013776
0.16455,0.14143,-0.01387
0.16582,0.1414,-0.013961
0.16713,0.14135,-0.014051
0.16845,0.14128,-0.014132
0.16977,0.14119,-0.014214
0.1711,0.14107,-0.014294
0.17243,0.14094,-0.014373
0.17372,0.14079,-0.014452
0.17507,0.14063,-0.014529
0.17643,0.14044,-0.014604
0.1778,0.14025,-0.014678
0.17919,0.14004,-0.014749
0.18058,0.13982,-0.014819
0.18195,0.13959,-0.014887
0.18334,0.13936,-0.014952
0.18477,0.13912,-0.015015
0.18622,0.13883,-0.015075
0.18769,0.13854,-0.01514
0.18913,0.13829,-0.015203
0.19058,0.13803,-0.015264
0.19204,0.13778,-0.015322
0.19351,0.13748,-0.015372
0.19499,0.13719,-0.015421
0.19648,0.13695,-0.015476
0.19797,0.13666,-0.015529
0.19946,0.13634,-0.015574
0.20095,0.13601,-0.015618
0.20248,0.13568,-0.015661
0.204,0.1354,-0.015704
0.20549,0.13511,-0.015731
0.20697,0.13478,-0.015758
0.20848,0.13439,-0.01579
0.20994,0.134,-0.015821
0.21139,0.13359,-0.01585
0.21284,0.13321,-0.015876
0.21431,0.13286,-0.0159
0.21577,0.13248,-0.015922
0.21723,0.13204,-0.015948
0.21869,0.13153,-0.015977
0.22012,0.13101,-0.016003
0.22154,0.13047,-0.016026
0.22294,0.1299,-0.016043
0.22431,0.12933,-0.016053
0.22571,0.12873,-0.016069
0.2271,0.12809,-0.016084
0.22846,0.12743,-0.016099
0.22982,0.1267,-0.016115
0.23118,0.12593,-0.01613
0.2325,0.12513,-0.016137
0.23378,0.12433,-0.016136
0.23513,0.1235,-0.016128
0.23652,0.12263,-0.016126
0.23786,0.1217,-0.016132
0.2392,0.12069,-0.016136
0.24054,0.11965,-0.016138
0.24188,0.11858,-0.016133
0.24318,0.11751,-0.016125
0.24453,0.11642,-0.016124
0.24588,0.1153,-0.016121
0.2472,0.11416,-0.016117
0.24852,0.11299,-0.016104
0.24984,0.1118,-0.016089
0.2512,0.11057,-0.016069
0.25257,0.10933,-0.016054
0.25394,0.10806,-0.016037
0.25528,0.10679,-0.016018
0.25663,0.10545,-0.015996
0.258,0.1041,-0.015972
0.25939,0.10273,-0.015945
0.26078,0.10136,-0.015916
0.26215,0.099973,-0.015877
0.26352,0.098575,-0.015827
0.26489,0.097184,-0.015778
0.26632,0.095786,-0.015727
0.26775,0.094382,-0.01568
0.26918,0.092973,-0.015629
0.27057,0.091561,-0.015576
0.27198,0.090148,-0.015519
0.27342,0.088732,-0.015459
0.27482,0.087316,-0.015396
0.27623,0.085901,-0.01533
0.27759,0.084443,-0.015261
0.27895,0.082988,-0.015189
0.28035,0.081535,-0.015115
0.28178,0.080082,-0.015038
0.28321,0.078673,-0.014959
0.2846,0.077269,-0.014878
0.28598,0.075867,-0.014795
0.28735,0.074421,-0.014703
0.28871,0.072977,-0.014609
0.2901,0.071536,-0.014506
0.29149,0.070098,-0.0144
0.29288,0.068631,-0.0143
0.29425,0.067159,-0.014196
0.29562,0.065684,-0.014089
0.29699,0.064242,-0.01398
0.29836,0.062795,-0.013868
0.29973,0.06134,-0.013747
0.30106,0.05988,-0.013622
0.3024,0.058417,-0.013495
0.30377,0.056945,-0.013379
0.30515,0.055465,-0.013262
0.30648,0.054015,-0.013134
0.30782,0.052559,-0.013005
0.3092,0.051098,-0.012867
0.31059,0.049588,-0.012727
0.31194,0.048072,-0.012586
0.31329,0.04655,-0.012443
0.31464,0.045012,-0.012298
0.31597,0.043517,-0.012144
0.3173,0.042018,-0.011988
0.31868,0.040515,-0.011829
0.32007,0.039003,-0.011673
0.32146,0.03749,-0.011521
0.32281,0.035976,-0.011358
0.32412,0.03444,-0.011193
0.32544,0.032895,-0.011023
0.32675,0.031349,-0.01085
0.32808,0.029803,-0.010666
0.32943,0.028265,-0.010488
0.33079,0.026724,-0.010308
0.33206,0.025181,-0.010133
0.33332,0.023637,-0.0099559
0.33461,0.022136,-0.00977
0.33589,0.020636,-0.0095828
0.33715,0.019095,-0.009391
0.3384,0.017557,-0.0092059
0.33964,0.016024,-0.0090177
0.34081,0.014493,-0.0088217
0.342,0.012967,-0.0086258
0.34322,0.011432,-0.0084284
0.34443,0.0098995,-0.0082306
0.34559,0.0083672,-0.0080332
0.3467,0.006849,-0.0078371
0.34785,0.0052866,-0.0076412
0.34898,0.0037226,-0.0074446
0.35009,0.0021555,-0.0072476
0.3512,0.00062826,-0.0070502
0.35229,-0.00090389,-0.0068525
0.35333,-0.0024403,-0.0066545
0.35436,-0.0039821,-0.0064562
0.35542,-0.0055306,-0.0062567
0.35648,-0.0070845,-0.0060647
0.35749,-0.0086887,-0.0058726
0.35844,-0.0103,-0.0056812
0.35938,-0.011921,-0.0054909
0.36035,-0.013553,-0.0053011
0.36135,-0.015199,-0.0051129
0.36238,-0.016904,-0.0049255
0.36336,-0.018626,-0.0047405
0.36433,-0.020368,-0.0045577
0.36529,-0.022136,-0.0043774
0.3663,-0.023887,-0.0041995
0.36731,-0.025668,-0.0040232
0.36828,-0.027479,-0.0038497
0.36926,-0.029363,-0.0036772
0.37025,-0.031324,-0.0035074
0.37124,-0.03332,-0.0033403
0.37225,-0.035355,-0.0031758
0.37327,-0.03739,-0.0030137
0.37432,-0.03947,-0.00285
0.37534,-0.041594,-0.0026959
0.37641,-0.043807,-0.0025439
0.3775,-0.046036,-0.0023864
0.37857,-0.048312,-0.0022303
0.37966,-0.050635,-0.0020752
0.38076,-0.052996,-0.0019207
0.38188,-0.055404,-0.0017663
0.38302,-0.057851,-0.0016193
0.38421,-0.060337,-0.0014648
0.38541,-0.062867,-0.0013097
0.38661,-0.065433,-0.0011538
0.38783,-0.068077,-0.00099663
0.38908,-0.070742,-0.00083794
0.39033,-0.073438,-0.00067717
0.39156,-0.07616,-0.00052151
0.39279,-0.078907,-0.00036361
0.39406,-0.081673,-0.00020331
0.39531,-0.084462,-4.0627e-05
0.39656,-0.087257,0.00012434
0.39782,-0.090067,0.00029153
0.39912,-0.092884,0.00045342
0.40037,-0.095708,0.00061725
0.40167,-0.09858,0.00079002
0.40296,-0.10145,0.00097153
0.40421,-0.10428,0.0011546
0.40549,-0.10708,0.0013396
0.40676,-0.10986,0.0015265
0.40803,-0.11268,0.001723
0.40927,-0.11548,0.0019142
0.4105,-0.11826,0.0021078
0.4117,-0.12101,0.0023042
0.41289,-0.12374,0.0025106
0.41405,-0.12643,0.0027198
0.41521,-0.1291,0.0029324
0.4163,-0.13175,0.0031489
0.41738,-0.13431,0.0033656
0.41852,-0.13684,0.0035863
0.41963,-0.13933,0.0038082
0.42067,-0.14182,0.004034
0.42166,-0.14427,0.0042641
0.42261,-0.14668,0.004498
0.42355,-0.14901,0.0047286
0.42449,-0.1513,0.0049634
0.42541,-0.15362,0.0052005
0.42626,-0.15585,0.0054406
0.42705,-0.15802,0.0056832
0.42782,-0.16014,0.0059271
0.42855,-0.16223,0.0061719
0.42926,-0.16428,0.0064244
0.42998,-0.16629,0.0066769
0.43066,-0.16827,0.006929
0.43127,-0.17022,0.0071795
0.43187,-0.17217,0.0074315
0.43248,-0.17404,0.0076821
0.43307,-0.17589,0.0079315
0.43363,-0.17768,0.0081852
0.43412,-0.17945,0.0084368
0.43459,-0.18124,0.0086869
0.435,-0.18296,0.008935
0.43537,-0.18465,0.0091814
0.43574,-0.18633,0.0094268
0.43609,-0.18798,0.0096713
0.43647,-0.18963,0.0099082
0.43683,-0.19127,0.010143
0.43718,-0.19289,0.010377
0.43752,-0.19446,0.010607
0.43783,-0.19605,0.010835
0.43814,-0.19764,0.01106
0.43845,-0.19922,0.011283
0.43875,-0.20075,0.011503
0.43905,-0.20228,0.011716
0.43934,-0.20388,0.011933
0.4396,-0.20545,0.012145
0.43987,-0.20697,0.012354
0.44018,-0.20849,0.012559
0.4405,-0.21001,0.012759
0.44083,-0.21153,0.012956
0.44116,-0.21305,0.013149
0.44151,-0.21462,0.013345
0.44184,-0.2162,0.01353
0.44218,-0.21778,0.013705
0.44253,-0.21937,0.013876
0.44291,-0.22092,0.014044
0.44329,-0.22248,0.014208
0.44368,-0.22405,0.014368
0.44409,-0.22563,0.014525
0.44452,-0.22723,0.014679
0.44497,-0.22879,0.014821
0.44547,-0.23036,0.01496
0.44598,-0.23193,0.015096
0.44649,-0.23354,0.015226
0.44698,-0.23516,0.01536
0.44748,-0.23678,0.01549
0.44794,-0.23835,0.015609
0.44841,-0.23992,0.015731
0.44893,-0.24153,0.015849
0.44944,-0.24313,0.015963
0.44995,-0.24472,0.016074
0.45046,-0.24627,0.016175
0.45097,-0.2478,0.016279
0.45147,-0.24932,0.016381
0.45192,-0.25078,0.016472
0.45236,-0.25223,0.016554
0.45279,-0.25366,0.016633
0.45324,-0.2551,0.01671
0.45371,-0.25651,0.016783
0.45417,-0.25785,0.016853
0.45453,-0.25916,0.016919
0.45486,-0.26048,0.016982
0.45522,-0.26172,0.017042
0.45555,-0.26292,0.017098
0.45589,-0.26406,0.01715
0.4562,-0.26521,0.017206
0.4565,-0.26631,0.017256
0.45677,-0.26729,0.017304
0.45698,-0.26824,0.017353
0.4572,-0.26917,0.017399
0.4574,-0.27005,0.017444
0.45758,-0.27084,0.01748
0.45774,-0.27158,0.017508
0.45789,-0.27232,0.017542
0.45803,-0.273,0.017575
0.45812,-0.2736,0.017599
0.45819,-0.27412,0.01762
0.45824,-0.2746,0.01764
0.45826,-0.27502,0.017657
0.45829,-0.27542,0.017667
0.45835,-0.27583,0.017675
0.4584,-0.27614,0.017679
0.45843,-0.27642,0.01768
0.45843,-0.27663,0.01767
0.45843,-0.2768,0.017656
0.4584,-0.27693,0.017629
0.45831,-0.27701,0.017603
0.45821,-0.27707,0.01757
0.4581,-0.2771,0.01753
0.45791,-0.27709,0.01749
0.45772,-0.27702,0.017442
0.4575,-0.27692,0.017386
0.45722,-0.2768,0.017314
0.45691,-0.2767,0.017235
0.45661,-0.27658,0.017154
0.45627,-0.27635,0.017058
0.45584,-0.27606,0.016938
0.45537,-0.27579,0.016809
0.45485,-0.27549,0.01667
0.45428,-0.27518,0.016529
0.45366,-0.27485,0.016377
0.45293,-0.2745,0.016207
0.45215,-0.27408,0.016019
0.45126,-0.27364,0.015816
0.4503,-0.27317,0.015608
0.44926,-0.27268,0.015389
0.44815,-0.27216,0.015156
0.44697,-0.27161,0.014911
0.4457,-0.271,0.014652
0.44434,-0.27035,0.014381
0.44285,-0.26962,0.014096
0.44127,-0.26891,0.013808
0.43959,-0.26815,0.013508
0.43782,-0.26736,0.013198
0.43597,-0.26649,0.012878
0.43398,-0.26558,0.012549
0.4319,-0.26463,0.012212
0.42972,-0.26363,0.011868
0.42739,-0.26257,0.011505
0.42497,-0.26146,0.011136
0.42246,-0.26031,0.010762
0.41985,-0.2591,0.010384
0.4171,-0.25784,0.009994
0.41426,-0.25652,0.0095924
0.41133,-0.25515,0.0091868
0.40835,-0.25374,0.0087772
0.40528,-0.25227,0.0083637
0.40213,-0.25076,0.0079461
0.39886,-0.24917,0.0075247
0.39546,-0.24751,0.0070853
0.39197,-0.24586,0.0066415
0.38842,-0.24416,0.0061929
0.38477,-0.24235,0.005746
0.38105,-0.24049,0.0052933
0.37727,-0.23865,0.0048272
0.37341,-0.23678,0.0043556
0.36944,-0.23483,0.0038773
0.36541,-0.23285,0.0033948
0.36131,-0.23084,0.0029053
0.3572,-0.22874,0.002413
0.35303,-0.22661,0.0019134
0.34881,-0.22451,0.0013992
0.34455,-0.22242,0.00088585
0.34021,-0.22026,0.00035864
0.33583,-0.21804,-0.00018227
0.33141,-0.2158,-0.00072985
0.32697,-0.21355,-0.0012791
0.3225,-0.21128,-0.001835
0.31799,-0.20903,-0.0024022
0.31347,-0.20677,-0.0029754
0.30893,-0.20446,-0.0035621
0.30434,-0.20209,-0.0041553
0.29973,-0.19972,-0.0047551
0.29508,-0.19733,-0.0053621
0.29045,-0.19497,-0.0059688
0.28582,-0.19261,-0.0065893
0.2812,-0.19024,-0.0072083
0.27648,-0.18786,-0.0078338
0.27177,-0.18548,-0.0084648
0.26705,-0.1831,-0.0091008
0.26236,-0.18066,-0.0097456
0.25768,-0.17823,-0.010395
0.25296,-0.17579,-0.011059
0.24827,-0.17336,-0.011719
0.24358,-0.17092,-0.012391
0.23884,-0.16848,-0.013073
0.23409,-0.16604,-0.01376
0.22935,-0.16359,-0.014428
0.22459,-0.16114,-0.0151
0.21982,-0.15869,-0.015782
0.21504,-0.15623,-0.016474
0.21019,-0.15377,-0.017176
0.20538,-0.15131,-0.017872
0.20056,-0.14884,-0.01857
0.19574,-0.14633,-0.019259
0.1909,-0.14381,-0.01995
0.18602,-0.14128,-0.020656
0.18112,-0.13874,-0.021362
0.17617,-0.1362,-0.022067
0.1712,-0.13368,-0.022771
0.16621,-0.13115,-0.023475
0.16123,-0.12861,-0.02417
0.15623,-0.12607,-0.024865
0.1512,-0.12351,-0.025574
0.14615,-0.12094,-0.026281
0.14104,-0.11837,-0.026987
0.13594,-0.11578,-0.027692
0.13082,-0.11319,-0.028395
0.12563,-0.11056,-0.029092
0.12047,-0.10793,-0.029782
0.1153,-0.10529,-0.030485
0.1101,-0.10265,-0.031186
0.10485,-0.099987,-0.031887
0.099624,-0.09732,-0.032579
0.094386,-0.094643,-0.03327
0.08914,-0.091935,-0.033959
0.083886,-0.089262,-0.034639
0.078581,-0.086584,-0.035324
0.073269,-0.083897,-0.036007
0.067994,-0.0812,-0.036695
0.062776,-0.078508,-0.037368
0.05756,-0.075811,-0.038037
0.052305,-0.073077,-0.038697
0.047101,-0.070382,-0.03936
0.041869,-0.067709,-0.040027
0.036653,-0.064992,-0.040683
0.031461,-0.062278,-0.041333
0.026335,-0.059611,-0.04198
0.021236,-0.056951,-0.042622
0.016122,-0.054278,-0.043252
0.011044,-0.051663,-0.043886
0.0059535,-0.049065,-0.044531
0.00089324,-0.046438,-0.045164
-0.0041333,-0.043831,-0.045799
-0.0090849,-0.04129,-0.046423
-0.014007,-0.038774,-0.047044
-0.018956,-0.036283,-0.047652
-0.023848,-0.033856,-0.048254
-0.028704,-0.031419,-0.048866
-0.033518,-0.028988,-0.04947
-0.038356,-0.026635,-0.05008
-0.043173,-0.024365,-0.05068
-0.047974,-0.022134,-0.051278
-0.052759,-0.019903,-0.05186
-0.057494,-0.017715,-0.052439
-0.062311,-0.015527,-0.053038
-0.067126,-0.013382,-0.053629
-0.071898,-0.011323,-0.054217
-0.076591,-0.0093005,-0.054803
-0.081289,-0.0073156,-0.055389
-0.086037,-0.0053226,-0.055965
-0.090784,-0.0034163,-0.056544
-0.095585,-0.0015419,-0.057131
-0.10036,0.00031079,-0.057706
-0.10515,0.0021358,-0.058289
-0.10995,0.0039368,-0.058863
-0.11476,0.0057165,-0.059437
-0.11964,0.0075238,-0.059989
-0.1245,0.009272,-0.060548
-0.12937,0.011008,-0.061119
-0.13426,0.012737,-0.061681
-0.13917,0.014462,-0.062248
-0.14406,0.016188,-0.062806
-0.14897,0.017917,-0.063361
-0.1539,0.019699,-0.063899
-0.15882,0.021449,-0.064441
-0.16379,0.023257,-0.065
-0.16875,0.025083,-0.06554
-0.17371,0.026935,-0.066083
-0.17863,0.028816,-0.066622
-0.18356,0.030732,-0.067157
-0.18848,0.032686,-0.067672
-0.19339,0.034639,-0.068192
-0.19832,0.036636,-0.06873
-0.20324,0.038679,-0.069249
-0.20814,0.040769,-0.069759
-0.21297,0.042907,-0.070265
-0.21777,0.045093,-0.070769
-0.22255,0.047373,-0.071257
-0.22725,0.049672,-0.071749
-0.2319,0.051974,-0.072245
-0.23651,0.054324,-0.072724
-0.24107,0.056759,-0.073199
-0.24553,0.059232,-0.07367
-0.24993,0.061745,-0.074136
-0.25427,0.064298,-0.074584
-0.25854,0.066863,-0.075028
-0.26278,0.069458,-0.075487
-0.26689,0.072085,-0.075931
-0.27093,0.07469,-0.076376
-0.27492,0.07731,-0.076805
-0.27883,0.079942,-0.077227
-0.28267,0.082624,-0.077635
-0.28638,0.08527,-0.078042
-0.29002,0.08792,-0.078459
-0.29354,0.090579,-0.078862
-0.29696,0.093207,-0.079255
-0.30031,0.095813,-0.079644
-0.30358,0.098392,-0.080029
-0.30678,0.10099,-0.080388
-0.30986,0.10353,-0.08075
-0.31289,0.10602,-0.081121
-0.31581,0.10848,-0.081473
-0.31866,0.11085,-0.081816
-0.32145,0.11318,-0.082149
-0.32416,0.11545,-0.082477
-0.32681,0.11772,-0.082785
-0.32934,0.11994,-0.083099
-0.33185,0.12209,-0.083422
-0.33432,0.12416,-0.083727
-0.33669,0.12616,-0.084032
-0.33896,0.12814,-0.084321
-0.34118,0.13008,-0.084603
-0.34337,0.13196,-0.084871
-0.34551,0.13374,-0.085147
-0.34766,0.13548,-0.085431
-0.34968,0.13711,-0.085685
-0.35167,0.13866,-0.085926
-0.35367,0.14019,-0.086159
-0.35564,0.14168,-0.086385
-0.35753,0.14315,-0.086595
-0.35936,0.14453,-0.086805
-0.36117,0.14587,-0.087016
-0.36291,0.14715,-0.087212
-0.36467,0.1484,-0.087393
-0.36641,0.1496,-0.08756
-0.36813,0.15076,-0.087718
-0.36985,0.15188,-0.087858
-0.37149,0.15293,-0.08801
-0.37309,0.15398,-0.088164
-0.37467,0.15501,-0.088296
-0.37624,0.15598,-0.088415
-0.37779,0.15692,-0.088519
-0.37932,0.15785,-0.088615
-0.38083,0.15879,-0.0887
-0.3823,0.15968,-0.088791
-0.38381,0.16056,-0.088889
-0.38526,0.16138,-0.088958
-0.38661,0.16216,-0.089021
-0.38793,0.16292,-0.089069
-0.38924,0.16367,-0.089109
-0.39056,0.16446,-0.089135
-0.39186,0.16524,-0.08917
-0.39313,0.166,-0.089212
-0.39433,0.16676,-0.089226
-0.39545,0.16747,-0.089222
-0.39655,0.16817,-0.08922
-0.39761,0.16887,-0.089212
-0.39864,0.1696,-0.089179
-0.39962,0.17029,-0.089155
-0.40055,0.17096,-0.089131
-0.40143,0.17167,-0.089095
-0.40227,0.17233,-0.089047
-0.40306,0.17294,-0.088993
-0.40379,0.17354,-0.088934
-0.40446,0.17413,-0.088859
-0.40507,0.1747,-0.08879
-0.40564,0.17527,-0.08874
-0.40611,0.17582,-0.088662
-0.40648,0.17635,-0.088585
-0.40679,0.1769,-0.088495
-0.40704,0.17744,-0.088399
-0.40723,0.178,-0.088282
-0.40734,0.17849,-0.088166
-0.40735,0.17893,-0.088045
-0.40729,0.17934,-0.087902
-0.40715,0.17973,-0.087745
-0.40695,0.18012,-0.087585
-0.40668,0.18048,-0.087417
-0.40634,0.18087,-0.087226
-0.40592,0.18119,-0.087046
-0.40538,0.18144,-0.086864
-0.40473,0.18168,-0.08666
-0.40405,0.18184,-0.08646
-0.40329,0.18202,-0.086256
-0.40245,0.18218,-0.086043
-0.40149,0.1823,-0.085815
-0.40046,0.18235,-0.085594
-0.39939,0.18243,-0.085376
-0.39821,0.18247,-0.085138
-0.39692,0.18246,-0.084896
-0.39562,0.18242,-0.084645
-0.39426,0.18235,-0.084392
-0.39278,0.18225,-0.084123
-0.39125,0.18211,-0.08386
-0.38966,0.18194,-0.083597
-0.38796,0.18174,-0.083318
-0.38622,0.18146,-0.083025
-0.38442,0.18121,-0.082737
-0.38258,0.18093,-0.082449
-0.38063,0.18067,-0.082143
-0.3787,0.18035,-0.081843
-0.37677,0.17997,-0.081555
-0.3748,0.17958,-0.081254
-0.37275,0.17916,-0.080941
-0.37063,0.17874,-0.08063
-0.36848,0.1783,-0.080314
-0.36626,0.17785,-0.079983
-0.364,0.1774,-0.079658
-0.36176,0.17694,-0.079341
-0.35953,0.17642,-0.079007
-0.35723,0.17589,-0.078675
-0.3549,0.17539,-0.078342
-0.35256,0.17489,-0.078004
-0.35016,0.17438,-0.07764
-0.34776,0.17382,-0.077274
-0.34533,0.17321,-0.076919
-0.34285,0.1726,-0.076545
-0.34034,0.17197,-0.07616
-0.3379,0.17137,-0.075771
-0.33544,0.17077,-0.075378
-0.33292,0.17019,-0.074957
-0.33034,0.16956,-0.07454
-0.32774,0.16887,-0.074117
-0.32513,0.16817,-0.073674
-0.32245,0.16746,-0.073224
-0.3198,0.16677,-0.072779
-0.31712,0.16607,-0.072325
-0.31437,0.16531,-0.071845
-0.31158,0.16449,-0.071376
-0.30881,0.16369,-0.07091
-0.30602,0.16287,-0.070428
-0.30311,0.16199,-0.069938
-0.30016,0.16112,-0.069445
-0.29717,0.16024,-0.068944
-0.29415,0.15933,-0.068437
-0.29109,0.1584,-0.067935
-0.28799,0.1574,-0.067435
-0.28483,0.15637,-0.066907
-0.28156,0.15536,-0.066363
-0.27829,0.15432,-0.065809
-0.27497,0.15325,-0.065253
-0.27155,0.15216,-0.064673
-0.26808,0.151,-0.064108
-0.26455,0.14977,-0.06354
-0.261,0.14856,-0.062968
-0.25739,0.14736,-0.062384
-0.25373,0.14614,-0.061804
-0.25001,0.14489,-0.06122
-0.24619,0.14358,-0.060624
-0.24233,0.14221,-0.060037
-0.23841,0.14077,-0.059468
-0.23449,0.13935,-0.058888
-0.23053,0.1379,-0.058305
-0.22645,0.13648,-0.057704
-0.22232,0.13504,-0.057101
-0.21811,0.13362,-0.056486
-0.21391,0.13217,-0.055877
-0.20968,0.13063,-0.055259
-0.20537,0.12902,-0.05463
-0.20099,0.12743,-0.053991
-0.19661,0.12584,-0.053349
-0.19219,0.12423,-0.052704
-0.18771,0.12261,-0.052032
-0.18325,0.12097,-0.051369
-0.17875,0.11927,-0.050708
-0.17422,0.11755,-0.05004
-0.16964,0.11578,-0.049365
-0.16504,0.11402,-0.048696
-0.16041,0.11225,-0.04802
-0.15575,0.11046,-0.04733
-0.15112,0.1086,-0.046649
-0.14645,0.10672,-0.045971
-0.14172,0.10486,-0.045272
-0.13693,0.10297,-0.044568
-0.13217,0.10105,-0.043869
-0.1274,0.09911,-0.043167
-0.12262,0.097143,-0.042456
-0.11787,0.095154,-0.041752
-0.11307,0.093141,-0.041049
-0.10822,0.091105,-0.040332
-0.10336,0.089025,-0.039608
-0.098542,0.086925,-0.038878
-0.093715,0.084805,-0.038149
-0.088838,0.082667,-0.037413
-0.083999,0.080509,-0.036699
-0.079111,0.078317,-0.035978
-0.074221,0.076154,-0.035242
-0.069327,0.07397,-0.034498
-0.064429,0.071776,-0.03376
-0.059525,0.069573,-0.03302
-0.054616,0.067364,-0.032272
-0.049751,0.06511,-0.031545
-0.044837,0.062849,-0.030813
-0.039917,0.06063,-0.030077
-0.034949,0.058406,-0.029339
-0.030016,0.056182,-0.028597
-0.025078,0.053964,-0.027853
-0.020092,0.051753,-0.027111
-0.015144,0.049597,-0.026383
-0.010189,0.047422,-0.02565
-0.0051854,0.045221,-0.024904
-0.0001722,0.04306,-0.024155
0.0047655,0.040959,-0.023407
0.0097115,0.03888,-0.022659
0.01475,0.036826,-0.021909
0.019797,0.034798,-0.021159
0.02485,0.032778,-0.020405
0.029913,0.030835,-0.019644
0.035032,0.028927,-0.018876
0.040118,0.027013,-0.018124
0.04522,0.025136,-0.017371
0.050338,0.023297,-0.016618
0.055429,0.021496,-0.015887
0.060583,0.019686,-0.015156
0.065755,0.017955,-0.014426
0.070944,0.016259,-0.01369
0.07615,0.014551,-0.012966
0.081375,0.012872,-0.012245
0.086664,0.011218,-0.011521
0.091929,0.0096293,-0.01081
0.097258,0.0080601,-0.010097
0.10261,0.0065524,-0.0093669
0.10803,0.005062,-0.008642
0.11348,0.0035882,-0.0079211
0.11891,0.0021297,-0.007203
0.12435,0.00064493,-0.0064805
0.12979,-0.00086846,-0.0057684
0.1353,-0.0023777,-0.0050556
0.14085,-0.003798,-0.0043483
0.14643,-0.0052163,-0.0036472
0.152,-0.0066782,-0.0029524
0.15758,-0.0081429,-0.0022564
0.1632,-0.0096136,-0.0015594
0.16881,-0.011093,-0.00088417
0.17443,-0.012629,-0.00020226
0.18006,-0.014137,0.00048589
0.1857,-0.015664,0.0011722
0.19133,-0.017166,0.001856
0.19695,-0.018688,0.0025371
0.20261,-0.020277,0.003215
0.20824,-0.021887,0.0038819
0.2139,-0.023521,0.0045588
0.21952,-0.02518,0.0052389
0.22512,-0.026869,0.0059153
0.23065,-0.028587,0.0065877
0.23616,-0.030336,0.0072569
0.24167,-0.032159,0.0079305
0.24714,-0.034016,0.0085944
0.25258,-0.035867,0.009257
0.25794,-0.037754,0.0099187
0.26325,-0.039677,0.010579
0.26851,-0.041613,0.011232
0.27372,-0.043584,0.011884
0.27889,-0.045633,0.012529
0.28397,-0.047713,0.013168
0.28903,-0.049825,0.013813
0.29399,-0.05195,0.01445
0.29889,-0.054102,0.015085
0.30372,-0.056271,0.015711
0.3085,-0.058464,0.016333
0.31316,-0.060677,0.016952
0.31776,-0.062907,0.017562
0.32236,-0.065146,0.018171
0.32685,-0.067393,0.018773
0.33124,-0.069652,0.01937
0.33552,-0.071909,0.019959
0.33973,-0.074167,0.02054
0.3439,-0.076419,0.021106
0.34796,-0.078663,0.021668
0.35195,-0.080897,0.022236
0.35587,-0.083082,0.022792
0.35971,-0.085246,0.023332
0.36349,-0.087406,0.023861
0.36719,-0.089537,0.024382
0.37083,-0.091681,0.024895
0.37433,-0.093791,0.025396
0.37778,-0.09586,0.025888
0.38117,-0.097871,0.026366
0.38447,-0.099805,0.026837
0.38767,-0.1017,0.027293
0.3908,-0.10355,0.027739
0.3939,-0.10539,0.028168
0.39694,-0.10719,0.028587
0.39994,-0.10895,0.029006
0.40284,-0.11062,0.029415
0.40568,-0.11224,0.029821
0.40847,-0.11382,0.030209
0.4112,-0.11534,0.030588
0.41389,-0.11678,0.030957
0.41648,-0.11816,0.03131
0.41904,-0.1195,0.031654
0.42151,-0.12079,0.031982
0.4239,-0.12203,0.032293
0.42621,-0.12323,0.032595
0.42846,-0.12437,0.032887
0.43066,-0.12546,0.033169
0.43282,-0.12647,0.033435
0.43494,-0.12747,0.03369
0.43694,-0.12842,0.033933
0.43889,-0.12929,0.034151
0.44077,-0.13011,0.034365
0.44259,-0.13089,0.034567
0.44433,-0.13163,0.034756
0.44601,-0.13233,0.034933
0.44766,-0.13303,0.035105
0.44925,-0.13366,0.035256
0.45077,-0.13421,0.035388
0.45222,-0.13472,0.035507
0.45362,-0.13521,0.035613
0.45495,-0.13571,0.035714
0.45619,-0.13614,0.035802
0.45733,-0.1365,0.035878
0.45839,-0.13684,0.035928
0.45939,-0.13719,0.035965
0.46033,-0.13751,0.035991
0.46122,-0.13781,0.036005
0.46207,-0.1381,0.036001
0.46282,-0.13833,0.035979
0.46352,-0.13853,0.035945
0.46415,-0.13876,0.035899
0.46468,-0.13898,0.035833
0.46517,-0.13919,0.035757
0.46559,-0.13939,0.035668
0.46601,-0.13959,0.035567
0.46636,-0.13974,0.035462
0.46671,-0.13994,0.035337
0.46695,-0.14014,0.035194
0.46706,-0.14031,0.035039
0.46712,-0.14048,0.034872
0.46714,-0.14066,0.034695
0.4671,-0.14086,0.034506
0.46706,-0.14106,0.034305
0.46702,-0.14132,0.034102
0.46686,-0.1416,0.033883
0.46662,-0.1419,0.033646
0.46637,-0.14222,0.033399
0.46608,-0.14255,0.033143
0.46577,-0.14292,0.032872
0.46538,-0.14331,0.0326
0.46501,-0.14373,0.03232
0.4646,-0.14418,0.032018
0.46412,-0.14467,0.031702
0.46362,-0.14518,0.031385
0.4631,-0.14574,0.031062
0.46255,-0.14632,0.03073
0.46198,-0.14689,0.030392
0.46146,-0.14755,0.030039
0.46088,-0.14824,0.029681
0.46025,-0.14895,0.029316
0.45964,-0.14974,0.028943
0.45902,-0.15056,0.028563
0.45836,-0.15137,0.028177
0.45767,-0.15217,0.027794
0.45706,-0.15304,0.027404
0.45642,-0.15393,0.027
0.4557,-0.15484,0.026591
0.45499,-0.15578,0.02617
0.45427,-0.15673,0.025745
0.4536,-0.1577,0.025315
0.45293,-0.15873,0.02488
0.45225,-0.15982,0.024434
0.45156,-0.16091,0.023983
0.45087,-0.16198,0.023515
0.45022,-0.16306,0.02305
0.44957,-0.16415,0.02258
0.44892,-0.16531,0.022103
0.44827,-0.16649,0.02162
0.44765,-0.16767,0.021131
0.44704,-0.16881,0.020635
0.44644,-0.16997,0.020134
0.44585,-0.17117,0.019641
0.44527,-0.17239,0.019142
0.44472,-0.17363,0.018638
0.44419,-0.17487,0.01813
0.44368,-0.17613,0.017619
0.44316,-0.17735,0.017097
0.4426,-0.17862,0.01657
0.44207,-0.17995,0.016049
0.44156,-0.18128,0.015526
0.44111,-0.18263,0.015002
0.44067,-0.18395,0.014471
0.44024,-0.18527,0.013928
0.43986,-0.18666,0.013386
0.43949,-0.18805,0.012843
0.43913,-0.18941,0.0123
0.43878,-0.19079,0.011756
0.43841,-0.19218,0.011203
0.43804,-0.19358,0.010656
0.4377,-0.19503,0.010101
0.43738,-0.19648,0.0095437
0.43703,-0.19795,0.0089764
0.43675,-0.19944,0.0084142
0.43647,-0.20094,0.0078486
0.43619,-0.20244,0.007279
0.43588,-0.20396,0.0067049
0.43556,-0.20549,0.0061268
0.43519,-0.20698,0.005551
0.43483,-0.20848,0.0049698
0.43454,-0.21004,0.0043835
0.43425,-0.2116,0.0037924
0.43394,-0.21317,0.0031969
0.43362,-0.21475,0.0025967
0.4333,-0.21638,0.0019846
0.43293,-0.21797,0.0013607
0.4325,-0.21953,0.00071688
0.4321,-0.22109,7.512e-05
0.43169,-0.22266,-0.00057289
0.43123,-0.22427,-0.001221
0.43074,-0.22589,-0.0018691
0.43026,-0.22754,-0.0025312
0.42972,-0.22919,-0.0032002
0.42915,-0.23085,-0.0038836
0.42859,-0.2325,-0.0045669
0.428,-0.23416,-0.0052572
0.42737,-0.23579,-0.0059471
0.42673,-0.23742,-0.0066434
0.42606,-0.23911,-0.0073542
0.42531,-0.24076,-0.0080633
0.42447,-0.24241,-0.0087842
0.42365,-0.24407,-0.0095094
0.42279,-0.24573,-0.010239
0.42192,-0.24738,-0.010958
0.42104,-0.24907,-0.011681
0.42013,-0.25079,-0.012419
0.4191,-0.25247,-0.013158
0.41804,-0.25419,-0.013898
0.41703,-0.25592,-0.014638
0.416,-0.25765,-0.015378
0.4149,-0.25935,-0.016118
0.41374,-0.26105,-0.016856
0.41259,-0.2628,-0.017607
0.41142,-0.26451,-0.018349
0.41018,-0.26618,-0.019088
0.40893,-0.26789,-0.019814
0.40765,-0.26961,-0.020537
0.4064,-0.27136,-0.021256
0.40514,-0.27306,-0.021969
0.40388,-0.27475,-0.022685
0.40258,-0.27645,-0.023395
0.40128,-0.27815,-0.0241
0.39997,-0.27984,-0.0248
0.39866,-0.28151,-0.025494
0.3973,-0.28317,-0.026174
0.39594,-0.28482,-0.026847
0.39458,-0.28651,-0.027522
0.39323,-0.28818,-0.02819
0.39189,-0.2898,-0.028867
0.3906,-0.29137,-0.029535
0.38931,-0.29292,-0.030199
0.38804,-0.29445,-0.030849
0.38673,-0.29597,-0.031496
0.38544,-0.29746,-0.032148
0.38416,-0.29894,-0.032785
0.3829,-0.30043,-0.033427
0.38165,-0.3019,-0.034067
0.38042,-0.30335,-0.034706
0.37922,-0.30474,-0.035337
0.37806,-0.30609,-0.03596
0.37687,-0.30751,-0.036584
0.37567,-0.30887,-0.0372
0.3745,-0.31017,-0.037824
0.37337,-0.31145,-0.038439
0.37225,-0.31271,-0.039053
0.37114,-0.31389,-0.039658
0.37004,-0.31506,-0.040262
0.36896,-0.31629,-0.04087
0.36789,-0.31751,-0.041476
0.36679,-0.31867,-0.042094
0.36568,-0.3198,-0.042709
0.36458,-0.32092,-0.043322
0.36349,-0.32204,-0.043927
0.3624,-0.32315,-0.044532
0.36134,-0.32432,-0.045141
0.36027,-0.32545,-0.045742
0.35915,-0.32653,-0.046351
0.35806,-0.32766,-0.046945
0.35696,-0.32879,-0.047539
0.35584,-0.32988,-0.048124
0.35475,-0.33093,-0.048714
0.35364,-0.33203,-0.049304
0.35249,-0.33309,-0.049886
0.35131,-0.33415,-0.050471
0.35012,-0.33522,-0.051048
0.34892,-0.33629,-0.051622
0.34766,-0.33738,-0.05218
0.34639,-0.33851,-0.052742
0.34511,-0.33964,-0.053315
0.34379,-0.34072,-0.053874
0.34244,-0.34181,-0.054436
0.34113,-0.3429,-0.054987
0.33979,-0.34399,-0.055531
0.33844,-0.34507,-0.056071
0.33705,-0.34618,-0.056618
0.33568,-0.34732,-0.057175
0.3343,-0.34844,-0.057715
0.33287,-0.34955,-0.058251
0.33142,-0.35063,-0.058785
0.32996,-0.3517,-0.059317
0.32849,-0.35272,-0.059832
0.32705,-0.35377,-0.060346
0.32561,-0.35482,-0.060867
0.32413,-0.35582,-0.061373
0.32261,-0.35685,-0.06187
0.32114,-0.35792,-0.062367
0.31968,-0.35898,-0.062861
0.31827,-0.35999,-0.063338
0.31682,-0.36094,-0.063813
0.31534,-0.36192,-0.064296
0.31387,-0.36289,-0.064766
0.31241,-0.36385,-0.065229
0.31096,-0.36475,-0.065701
0.30952,-0.36563,-0.066165
0.30813,-0.3665,-0.066621
0.3068,-0.36735,-0.067078
0.30549,-0.36824,-0.067529
0.30419,-0.36905,-0.067966
0.30291,-0.36984,-0.068396
0.30156,-0.37064,-0.068819
0.30023,-0.37143,-0.069236
0.29897,-0.37215,-0.069634
0.29772,-0.37285,-0.070034
0.2965,-0.37354,-0.070444
0.2953,-0.3742,-0.070841
0.29411,-0.37484,-0.071234
0.29295,-0.37541,-0.071601
0.2918,-0.37596,-0.071964
0.29063,-0.37653,-0.072322
0.28947,-0.37711,-0.072684
0.28832,-0.37763,-0.073042
0.28723,-0.37803,-0.073395
0.28614,-0.37841,-0.073744
0.28505,-0.37884,-0.074073
0.28397,-0.37924,-0.074398
0.28289,-0.37956,-0.074709
0.28181,-0.3799,-0.075022
0.28074,-0.38027,-0.075338
0.27967,-0.38053,-0.07564
0.27859,-0.38076,-0.075935
0.27756,-0.38098,-0.076208
0.27653,-0.38118,-0.076474
0.27549,-0.38136,-0.076737
0.27444,-0.38151,-0.076996
0.27335,-0.38164,-0.077268
0.27222,-0.38168,-0.077525
0.27108,-0.3817,-0.077774
0.26997,-0.38173,-0.078005
0.26885,-0.38173,-0.078228
0.26772,-0.38177,-0.078446
0.26659,-0.38183,-0.078667
0.26539,-0.38181,-0.078873
0.26417,-0.38174,-0.079075
0.26294,-0.38166,-0.079275
0.26174,-0.38154,-0.079447
0.26053,-0.3814,-0.079617
0.25925,-0.38125,-0.079779
0.25798,-0.38109,-0.079951
0.2567,-0.3809,-0.080119
0.25539,-0.38069,-0.080269
0.25405,-0.38046,-0.080415
0.2527,-0.38026,-0.080549
0.25133,-0.38004,-0.080676
0.24995,-0.37981,-0.080813
0.24854,-0.37956,-0.080943
0.24712,-0.37925,-0.081086
0.24564,-0.37889,-0.081208
0.24415,-0.37852,-0.081322
0.24268,-0.37813,-0.081415
0.2412,-0.37772,-0.081501
0.23971,-0.37728,-0.081587
0.2382,-0.37687,-0.08168
0.23665,-0.37645,-0.081761
0.23509,-0.376,-0.081829
0.23352,-0.37553,-0.081892
0.23199,-0.37496,-0.081935
0.23045,-0.37437,-0.081974
0.22891,-0.37379,-0.082
0.22733,-0.37323,-0.082036
0.22574,-0.37261,-0.082075
0.22421,-0.37194,-0.082096
0.22268,-0.37123,-0.082112
0.22116,-0.3705,-0.082116
0.21964,-0.36979,-0.082098
0.21813,-0.36905,-0.082096
0.21658,-0.36829,-0.082087
0.21501,-0.3675,-0.082085
0.21344,-0.36664,-0.082076
0.21188,-0.36576,-0.082061
0.21036,-0.36485,-0.082033
0.20894,-0.36392,-0.081986
0.20749,-0.36297,-0.081921
0.206,-0.36203,-0.081864
0.20448,-0.36108,-0.081796
0.20297,-0.3601,-0.081707
0.20146,-0.35911,-0.081612
0.19995,-0.35805,-0.081493
0.19843,-0.35698,-0.081382
0.19692,-0.35591,-0.081263
0.19545,-0.35479,-0.081135
0.19401,-0.35365,-0.081012
0.19257,-0.35254,-0.080878
0.19113,-0.35143,-0.080735
0.18968,-0.3503,-0.080589
0.18823,-0.34912,-0.080441
0.18678,-0.34793,-0.080293
0.18533,-0.34679,-0.080149
0.18385,-0.34564,-0.080007
0.18236,-0.34443,-0.079854
0.18088,-0.34321,-0.079702
0.1794,-0.34195,-0.079544
0.17793,-0.34073,-0.079389
0.17645,-0.33949,-0.079225
0.17497,-0.33825,-0.079059
0.1735,-0.33701,-0.078886
0.17207,-0.33575,-0.078696
0.17064,-0.33449,-0.078511
0.16917,-0.33318,-0.078308
0.16771,-0.33187,-0.078107
0.16629,-0.33054,-0.077912
0.16487,-0.32916,-0.077713
0.16342,-0.3278,-0.077523
0.16202,-0.32648,-0.077337
0.16063,-0.32514,-0.077144
0.15929,-0.32374,-0.07694
0.15792,-0.32236,-0.076748
0.15655,-0.32096,-0.07656
0.15523,-0.31954,-0.07637
0.15389,-0.31815,-0.076173
0.15256,-0.31676,-0.075973
0.15126,-0.31536,-0.075769
0.14993,-0.31387,-0.075556
0.14862,-0.31234,-0.075344
0.14732,-0.3108,-0.075116
0.14603,-0.30924,-0.074871
0.14475,-0.30767,-0.074619
0.14348,-0.30613,-0.074345
0.14222,-0.30457,-0.074069
0.14096,-0.30297,-0.073775
0.1397,-0.30134,-0.073489
0.13848,-0.29973,-0.073197
0.13726,-0.29812,-0.072889
0.13604,-0.29648,-0.072579
0.13486,-0.29483,-0.072266
0.13367,-0.29316,-0.07194
0.13249,-0.29143,-0.071608
0.13131,-0.28972,-0.071286
0.13013,-0.28801,-0.070959
0.12897,-0.28624,-0.070631
0.12776,-0.28445,-0.070286
0.12657,-0.28269,-0.069925
0.12538,-0.28092,-0.069558
0.1242,-0.27914,-0.06918
0.12303,-0.27736,-0.068805
0.12182,-0.27556,-0.06842
0.12062,-0.27376,-0.068011
0.11942,-0.27192,-0.067586
0.11827,-0.27007,-0.067145
0.11712,-0.26822,-0.066699
0.11598,-0.26636,-0.06624
0.1148,-0.2645,-0.065783
0.1136,-0.2626,-0.065318
0.11243,-0.26069,-0.064859
0.11127,-0.25878,-0.06439
0.11018,-0.2569,-0.063941
0.1091,-0.25502,-0.063484
0.10797,-0.25312,-0.063004
0.10685,-0.25127,-0.062534
0.10573,-0.24941,-0.062066
0.10462,-0.24755,-0.061593
0.10347,-0.24564,-0.061125
0.10228,-0.24373,-0.060642
0.1011,-0.24182,-0.060159
0.099962,-0.23987,-0.059656
0.098826,-0.23792,-0.059149
0.097644,-0.23602,-0.058643
0.096458,-0.23411,-0.058132
0.095265,-0.23221,-0.057623
0.094152,-0.2303,-0.057099
0.093032,-0.22839,-0.056575
0.091905,-0.22639,-0.056043
0.090773,-0.22444,-0.055516
0.089635,-0.22252,-0.054984
0.088495,-0.2206,-0.054462
0.087313,-0.21863,-0.053944
0.086129,-0.21666,-0.053436
0.084945,-0.21469,-0.052924
0.083803,-0.2127,-0.052401
0.082705,-0.21075,-0.051897
0.081568,-0.20879,-0.0514
0.080393,-0.20683,-0.050897
0.079224,-0.20486,-0.050396
0.078104,-0.20289,-0.049884
0.076992,-0.2009,-0.049375
0.075886,-0.19882,-0.048855
0.074747,-0.19678,-0.048341
0.073617,-0.19473,-0.047824
0.072499,-0.19268,-0.047299
0.071387,-0.19062,-0.046777
0.070324,-0.18851,-0.046257
0.069271,-0.18638,-0.045737
0.068226,-0.18423,-0.045217
0.067235,-0.18215,-0.044701
0.066257,-0.18005,-0.044183
0.065297,-0.17794,-0.043677
0.064357,-0.17583,-0.043168
0.063441,-0.17366,-0.042672
0.062549,-0.17148,-0.042174
0.061684,-0.16929,-0.041659
0.060845,-0.16714,-0.041157
0.060037,-0.16498,-0.040655
0.059216,-0.16278,-0.040153
0.058424,-0.16057,-0.039652
0.057615,-0.15836,-0.039144
0.056831,-0.15614,-0.038637
0.05607,-0.15388,-0.038125
0.055328,-0.15166,-0.037608
0.054601,-0.14948,-0.037092
0.053882,-0.1473,-0.036569
0.05317,-0.14512,-0.036045
0.052549,-0.1429,-0.035521
0.051931,-0.14069,-0.034995
0.051269,-0.13848,-0.034467
0.050607,-0.13628,-0.033942
0.049943,-0.13408,-0.033414
0.04932,-0.13188,-0.03289
0.048694,-0.12969,-0.032363
0.048065,-0.12756,-0.031846
0.047432,-0.12543,-0.031328
0.046796,-0.12331,-0.0308
0.046146,-0.12121,-0.030279
0.04549,-0.11909,-0.029766
0.044843,-0.11702,-0.029253
0.044192,-0.11496,-0.028741
0.043515,-0.11292,-0.028233
0.042788,-0.11086,-0.027706
0.042053,-0.10882,-0.027176
0.041352,-0.1068,-0.026664
0.040664,-0.1048,-0.026156
0.039964,-0.1028,-0.025645
0.039254,-0.10082,-0.025137
0.038581,-0.098901,-0.024619
0.037903,-0.096993,-0.024103
0.037223,-0.095055,-0.023591
0.036497,-0.093173,-0.023102
0.035748,-0.091305,-0.022614
0.035046,-0.089406,-0.02213
0.034347,-0.087517,-0.021648
0.033653,-0.085635,-0.02116
0.032921,-0.08376,-0.020683
0.032187,-0.081889,-0.020215
0.031458,-0.080109,-0.019758
0.030727,-0.078332,-0.019297
0.030001,-0.076522,-0.018841
0.029278,-0.074716,-0.018389
0.028596,-0.072956,-0.017933
0.027917,-0.071202,-0.017482
0.027237,-0.069428,-0.017035
0.026517,-0.067665,-0.0166
0.025795,-0.065911,-0.01617
0.025118,-0.064165,-0.015736
0.024442,-0.062427,-0.015306
0.023776,-0.060695,-0.014879
0.023112,-0.058925,-0.014456
0.022455,-0.057156,-0.014032
0.021801,-0.055483,-0.013626
0.021148,-0.053814,-0.013228
0.020498,-0.05215,-0.012839
0.019853,-0.050493,-0.012454
0.019211,-0.048845,-0.012069
0.018574,-0.047205,-0.011688
0.017943,-0.045575,-0.011312
0.017318,-0.043957,-0.010941
0.016698,-0.04235,-0.010575
0.016086,-0.040755,-0.010214
0.015479,-0.039174,-0.0098589
0.014875,-0.037606,-0.0095088
0.014278,-0.036095,-0.0091554
0.013687,-0.034601,-0.0088068
0.013101,-0.033125,-0.0084777
0.01252,-0.031669,-0.0081532
0.011944,-0.030236,-0.0078333
0.011372,-0.028826,-0.0075183
0.010804,-0.027441,-0.007208
0.010286,-0.026084,-0.0069033
0.0097745,-0.024755,-0.0066033
0.0092699,-0.023496,-0.0063147
0.0087746,-0.022268,-0.0060311
0.0082904,-0.021028,-0.0057529
0.0078185,-0.019821,-0.0054801
0.00736,-0.018647,-0.0052127
0.0068711,-0.01755,-0.0049585
0.0063949,-0.016487,-0.0047104
0.0059756,-0.015458,-0.0044684
0.0055697,-0.014465,-0.0042329
0.0051785,-0.01351,-0.0040046
0.0048021,-0.012591,-0.0037831
0.0044411,-0.011708,-0.0035688
0.0040957,-0.010861,-0.0033613
0.0037664,-0.010049,-0.0031609
0.0034531,-0.0092712,-0.002975
0.0031561,-0.0085265,-0.0027964
0.0028752,-0.007859,-0.0026179
0.0026103,-0.0072246,-0.0024465
0.0023609,-0.0066234,-0.002282
0.002149,-0.0060545,-0.0021237
0.001953,-0.005518,-0.0019716
0.0017739,-0.0050136,-0.0018327
0.0016111,-0.0045399,-0.0016996
0.0014419,-0.0040961,-0.0015719
0.0012875,-0.0036804,-0.0014495
0.0011466,-0.0032913,-0.0013321
