-0.050185,-0.048988,-0.092132
-0.050012,-0.059485,-0.078658
-0.050648,-0.05541,-0.051827
-0.052085,-0.065843,-0.037458
-0.054325,-0.075615,-0.022387
-0.057399,-0.06613,-0.0011318
-0.061208,-0.07384,0.015117
-0.054664,-0.068692,0.031943
-0.059658,-0.072518,0.049216
-0.05593,-0.085069,0.059338
-0.06099,-0.084368,0.076887
-0.065723,-0.08175,0.094109
-0.073421,-0.088307,0.10342
-0.077463,-0.082186,0.11937
-0.086765,-0.082139,0.12866
-0.090343,-0.073613,0.14218
-0.11595,-0.07152,0.15227
-0.11988,-0.061541,0.16248
-0.1247,-0.0512,0.17082
-0.13103,-0.047782,0.18464
-0.13752,-0.037173,0.18928
-0.15524,-0.027094,0.19785
-0.16354,-0.017075,0.19926
-0.17295,-0.0074823,0.20479
-0.18351,0.0015705,0.20347
-0.1951,0.010015,0.20099
-0.20803,0.023586,0.20121
-0.2214,0.030742,0.19662
-0.22418,0.040404,0.18737
-0.23866,0.04648,0.18102
-0.26425,0.056079,0.17003
-0.27891,0.061173,0.16183
-0.29386,0.065843,0.1527
-0.30539,0.073403,0.138
-0.32045,0.077204,0.12714
-0.36082,0.086414,0.1136
-0.37594,0.089599,0.10104
-0.40333,0.09271,0.087718
-0.41969,0.097906,0.08704
-0.43737,0.10074,0.073436
-0.46573,0.10332,0.06281
-0.48439,0.10594,0.072084
-0.515,0.10833,0.062805
-0.5382,0.10977,0.066973
-0.56267,0.10652,0.060257
-0.58727,0.10915,0.060395
-0.61209,0.11046,0.05873
-0.62691,0.10799,0.061551
-0.64858,0.11739,0.051398
-0.68517,0.11448,0.058565
-0.7076,0.10597,0.041113
-0.73247,0.10507,0.048752
-0.75098,0.088934,0.030513
-0.77423,0.085664,0.03782
-0.79637,0.078746,0.042718
-0.81711,0.072786,0.033627
-0.85855,0.06365,0.039876
-0.88522,0.055086,0.037132
-0.90319,0.045183,0.038398
-0.92158,0.052422,0.042039
-0.93845,0.041277,0.04043
-0.96579,0.029951,0.037439
-0.99448,0.037294,0.05957
-1.0101,0.028841,0.053753
-1.026,0.030963,0.066745
-1.0418,0.023517,0.063644
-1.0607,0.021114,0.06895
-1.0755,0.017036,0.067664
-1.1007,0.023099,0.067376
-1.1009,0.022779,0.064224
-1.103,0.024799,0.069411
-1.1038,0.0062919,0.058444
-1.1138,0.011123,0.060873
-1.1321,0.00189,0.050288
-1.1383,0.0078306,0.052466
-1.1536,0.014038,0.056149
-1.1567,0.0016333,0.052003
-1.1598,-0.00024031,0.051159
-1.172,-0.0069782,0.051545
-1.1724,-0.00418,0.051331
-1.1814,0.006926,0.056276
-1.1812,0.0072891,0.055339
-1.1918,0.0047456,0.055948
-1.188,0.014154,0.062042
-1.1989,0.010898,0.060833
-1.1934,0.015466,0.065462
-1.1938,0.012327,0.064918
-1.1703,0.01627,0.068423
-1.17,0.013077,0.068862
-1.1713,0.012408,0.070001
-1.169,0.016841,0.064013
-1.177,0.018596,0.067434
-1.1638,0.017405,0.063548
-1.1605,0.016726,0.065274
-1.1528,0.021906,0.061044
-1.1483,0.022946,0.062352
-1.1477,0.025243,0.063646
-1.1418,0.022363,0.060439
-1.1466,0.025986,0.058718
-1.1523,0.027182,0.062236
-1.1473,0.03193,0.061581
-1.1321,0.033031,0.064386
-1.128,0.038384,0.063258
-1.1352,0.038138,0.061422
-1.1357,0.040249,0.064763
-1.1223,0.051146,0.063942
-1.0951,0.050094,0.064503
-1.0927,0.054483,0.063434
-1.0982,0.058272,0.064303
-1.0943,0.061748,0.06363
-1.1019,0.064652,0.063257
-1.088,0.067276,0.060266
-1.0841,0.069403,0.063916
-1.0697,0.070898,0.062254
-1.065,0.071775,0.062607
-1.0579,0.077474,0.061236
-1.0525,0.077637,0.061974
-1.0471,0.077532,0.064711
-1.0521,0.080513,0.063819
-1.0485,0.080133,0.065039
-1.032,0.082824,0.064328
-1.0266,0.082339,0.065488
-1.0324,0.081901,0.062922
-1.0274,0.081883,0.062095
-1.033,0.08151,0.062796
-1.0292,0.083598,0.065154
-1.0268,0.094656,0.065469
-1.0026,0.096929,0.063671
-1.0008,0.098124,0.063446
-1.0088,0.099955,0.064721
-1.0076,0.099246,0.065872
-1.0074,0.10245,0.065078
-0.99588,0.10615,0.064151
-0.99645,0.1104,0.065039
-0.9968,0.11328,0.065905
-0.99698,0.11826,0.064993
-0.9958,0.12343,0.064093
-0.9841,0.12571,0.063359
-0.99499,0.12023,0.064628
-0.98362,0.11704,0.064216
-0.98648,0.13259,0.064247
-0.99647,0.13613,0.06044
-0.99555,0.13923,0.060401
-0.99666,0.13033,0.059824
-0.98582,0.13223,0.059916
-1.0027,0.14288,0.060885
-0.99156,0.14293,0.059139
-0.96857,0.13275,0.058672
-0.96675,0.13884,0.060528
-0.96516,0.13693,0.060638
-0.97118,0.14523,0.060629
-0.96802,0.1438,0.062711
-0.97876,0.14108,0.06325
-0.96384,0.13994,0.061806
-0.96026,0.14825,0.064149
-0.94454,0.14676,0.064666
-0.93932,0.14504,0.065296
-0.93816,0.13249,0.063795
-0.93364,0.13198,0.062775
-0.93226,0.13195,0.065571
-0.92338,0.12929,0.066034
-0.90683,0.12924,0.066691
-0.88957,0.12519,0.065416
-0.88177,0.125,0.065852
-0.87301,0.13581,0.066173
-0.86783,0.13057,0.066668
-0.86834,0.11945,0.066747
-0.85409,0.11916,0.066495
-0.83229,0.12976,0.066362
-0.81111,0.12938,0.068092
-0.79981,0.12919,0.067917
-0.78931,0.1183,0.067826
-0.77604,0.11822,0.067584
-0.77419,0.1179,0.069243
-0.74924,0.12315,0.069581
-0.7309,0.12232,0.072877
-0.72789,0.11585,0.072432
-0.71366,0.11485,0.072733
-0.70278,0.11377,0.069791
-0.66853,0.11228,0.068656
-0.67671,0.11046,0.07113
-0.65103,0.10845,0.071715
-0.62356,0.11693,0.072182
-0.60998,0.1145,0.069103
-0.59661,0.11255,0.069603
-0.59462,0.099258,0.065656
-0.58232,0.097739,0.067676
-0.5728,0.10784,0.068332
-0.56152,0.10613,0.066059
-0.54092,0.11592,0.06537
-0.53018,0.1152,0.064235
-0.52206,0.11548,0.062934
-0.5125,0.10538,0.059364
-0.49433,0.10717,0.061251
-0.50175,0.12073,0.06312
-0.48534,0.12358,0.061078
-0.46961,0.11625,0.060962
-0.46395,0.10911,0.058988
-0.45862,0.11287,0.057177
-0.45208,0.12733,0.05357
-0.43718,0.13095,0.050226
-0.44164,0.12347,0.052323
-0.43565,0.12704,0.05088
-0.41982,0.1414,0.051566
-0.4138,0.14449,0.048682
-0.40827,0.14773,0.047925
-0.39831,0.15048,0.041542
-0.39392,0.15396,0.041202
-0.39169,0.14679,0.041009
-0.37409,0.16113,0.038642
-0.36804,0.17559,0.039964
-0.35666,0.16753,0.039068
-0.34871,0.17072,0.038422
-0.34121,0.1628,0.035978
-0.33064,0.17722,0.035892
-0.32164,0.1911,0.035187
-0.29424,0.18392,0.033514
-0.28161,0.1862,0.03626
-0.29293,0.19837,0.035976
-0.28169,0.20117,0.035292
-0.26533,0.21437,0.034325
-0.24577,0.20676,0.034068
-0.24082,0.20013,0.034283
-0.21487,0.20314,0.033939
-0.19118,0.21702,0.033905
-0.17788,0.20839,0.032123
-0.16429,0.21047,0.032296
-0.15038,0.21218,0.030694
-0.13072,0.22516,0.033213
-0.12468,0.22643,0.033458
-0.1035,0.22766,0.031679
-0.078313,0.21853,0.034037
-0.071923,0.21981,0.034302
-0.055657,0.22068,0.034679
-0.032324,0.2216,0.031635
-0.016669,0.21019,0.032008
-0.0074019,0.21929,0.033764
0.018199,0.22864,0.033963
0.044984,0.22679,0.037722
0.047991,0.2139,0.03789
0.062449,0.21153,0.038109
0.076269,0.20876,0.03658
0.091148,0.21673,0.036851
0.10298,0.21405,0.037299
0.12656,0.21138,0.03576
0.14809,0.20915,0.038008
0.1553,0.20722,0.034787
0.1663,0.20525,0.034818
0.16753,0.20323,0.030828
0.18061,0.20156,0.034009
0.18928,0.20047,0.033606
0.22044,0.19952,0.031094
0.25225,0.19872,0.032017
0.24754,0.1873,0.031172
0.25709,0.18645,0.029994
0.26729,0.1853,0.024956
0.28882,0.19588,0.027854
0.29927,0.2063,0.028277
0.31316,0.19402,0.026004
0.33549,0.19413,0.026451
0.33726,0.18302,0.025008
0.35028,0.18279,0.02369
0.35398,0.18201,0.024212
0.36493,0.19291,0.025217
0.38756,0.1931,0.024659
0.41422,0.18174,0.020341
0.42724,0.18159,0.020059
0.44088,0.19261,0.018002
0.45404,0.19283,0.017887
0.46677,0.19353,0.014152
0.4787,0.18324,0.016068
0.49316,0.1834,0.015887
0.51624,0.19513,0.012096
0.5295,0.19598,0.011753
0.54309,0.18581,0.011155
0.55594,0.18654,0.010367
0.56905,0.18695,0.007506
0.57722,0.18781,0.012307
0.58942,0.1989,0.014962
0.60478,0.20983,0.013787
0.61574,0.21102,0.013073
0.6376,0.20173,0.010661
0.64768,0.20373,0.010233
0.6597,0.20528,0.0096873
0.6703,0.21894,0.011346
0.68847,0.22306,0.011685
0.69809,0.2157,0.011941
0.71909,0.21949,0.01237
0.72708,0.22376,0.0093858
0.73722,0.22786,0.010029
0.75845,0.23212,0.007016
0.76395,0.22589,0.0080417
0.77469,0.24065,0.01044
0.79274,0.25413,0.010316
0.80641,0.25738,0.010431
0.8072,0.25043,0.010689
0.81942,0.25434,0.010821
0.84056,0.24777,0.0092388
0.85284,0.25097,0.01102
0.8666,0.25281,0.014372
0.8883,0.25488,0.014361
0.91124,0.25616,0.014409
0.91511,0.26742,0.012397
0.92813,0.26766,0.012409
0.9451,0.26604,0.010032
0.95094,0.2651,0.013506
0.97068,0.27719,0.014157
0.98998,0.26572,0.012719
1.003,0.26442,0.012806
1.005,0.26264,0.010899
1.0174,0.26084,0.010782
1.0421,0.25779,0.0065797
1.0535,0.25552,0.0080763
1.0631,0.2538,0.0077484
1.0746,0.25097,0.0069763
1.085,0.24811,0.0060949
1.0963,0.25559,0.0029637
1.1052,0.25274,0.0016391
1.1246,0.23931,8.7254e-05
1.1422,0.2373,0.0022617
1.1497,0.23554,0.0025567
1.1589,0.23304,0.00081773
1.1676,0.23065,-0.00078701
1.1643,0.22823,-0.0023264
1.1717,0.2259,-0.0037859
1.1894,0.23481,-0.006936
1.1954,0.23297,-0.0043521
1.2019,0.23139,-0.0034912
1.2082,0.21928,-0.0060617
1.2138,0.21844,-0.0064892
1.2205,0.20782,-0.0080124
1.225,0.20694,-0.0080533
1.238,0.20569,-0.011882
1.2518,0.20451,-0.013394
1.2689,0.22375,-0.013553
1.2642,0.22191,-0.013614
1.27,0.22101,-0.013661
1.2761,0.21,-0.017468
1.2721,0.21009,-0.017856
1.2786,0.21038,-0.018479
1.2854,0.21087,-0.015574
1.3139,0.21123,-0.012827
1.3189,0.21253,-0.013559
1.326,0.21366,-0.014317
1.3342,0.21421,-0.015148
1.3313,0.21557,-0.017613
1.3497,0.21828,-0.017891
1.3577,0.21992,-0.016513
1.3667,0.22115,-0.015156
1.3754,0.21165,-0.019146
1.3847,0.2127,-0.019409
1.4073,0.21896,-0.020892
1.4063,0.21905,-0.021159
1.4248,0.22487,-0.020025
1.4325,0.22553,-0.019973
1.4542,0.22325,-0.020653
1.456,0.22256,-0.021009
1.4667,0.22259,-0.021055
1.4654,0.22445,-0.024309
1.4755,0.22442,-0.024368
1.496,0.22492,-0.024442
1.4942,0.22486,-0.020966
1.5079,0.22532,-0.019175
1.516,0.21396,-0.021171
1.5231,0.21345,-0.021182
1.5314,0.20201,-0.024676
1.5372,0.20039,-0.024645
1.5468,0.20853,-0.022942
1.5421,0.21594,-0.021414
1.5545,0.22418,-0.019606
1.5555,0.22254,-0.023104
1.5577,0.22088,-0.023142
1.5485,0.20869,-0.023273
1.5486,0.20817,-0.023357
1.5586,0.21839,-0.021718
1.5528,0.22016,-0.019363
1.5502,0.22154,-0.020986
1.5397,0.21014,-0.02132
1.535,0.21176,-0.021001
1.5512,0.20227,-0.022523
1.5445,0.20422,-0.023939
1.5386,0.21728,-0.023566
1.5194,0.21951,-0.019366
1.524,0.2212,-0.020905
1.5187,0.22199,-0.020827
1.5123,0.2237,-0.020566
1.5058,0.21349,-0.020508
1.4883,0.20421,-0.02024
1.4932,0.21565,-0.018262
1.4761,0.22665,-0.018127
1.4701,0.22703,-0.017899
1.4651,0.22657,-0.019756
1.4591,0.22675,-0.019649
1.4645,0.22716,-0.021425
1.4476,0.2276,-0.023321
1.4536,0.23921,-0.019885
1.4379,0.22842,-0.018481
1.4332,0.21762,-0.020747
1.4287,0.21808,-0.02295
1.425,0.21782,-0.023489
1.4333,0.21778,-0.025889
1.4186,0.22649,-0.027348
1.4269,0.23614,-0.028467
1.4164,0.23554,-0.02564
1.4264,0.23554,-0.02679
1.4136,0.21446,-0.02766
1.4136,0.21403,-0.028798
1.4218,0.20973,-0.032252
1.4234,0.21942,-0.029641
1.428,0.23161,-0.02841
1.4311,0.23087,-0.029161
1.4352,0.23057,-0.029725
1.4182,0.22108,-0.031777
1.4227,0.22174,-0.032085
1.4389,0.22313,-0.03588
1.4429,0.2248,-0.035805
1.4689,0.22507,-0.032322
1.464,0.22507,-0.032654
1.4702,0.2264,-0.032535
1.466,0.22846,-0.034019
1.4732,0.22989,-0.033728
1.4903,0.23042,-0.037225
1.4842,0.22611,-0.035622
1.5043,0.22875,-0.033254
1.5023,0.22366,-0.034368
1.509,0.22384,-0.034155
1.4918,0.22525,-0.033511
1.4969,0.22456,-0.033328
1.51,0.22211,-0.037041
1.513,0.21875,-0.033626
1.5401,0.23005,-0.031383
1.5302,0.2272,-0.031393
1.5309,0.22493,-0.031257
1.5238,0.22104,-0.033228
1.5235,0.21895,-0.033135
1.5342,0.21738,-0.033038
1.5293,0.22682,-0.02924
1.5278,0.21476,-0.025323
1.5213,0.20316,-0.026743
1.5188,0.20187,-0.026183
1.5154,0.18742,-0.027571
1.5117,0.18466,-0.026744
1.5102,0.19357,-0.029301
1.5059,0.20061,-0.028394
1.5,0.18496,-0.023976
1.4841,0.17046,-0.024915
1.4785,0.16578,-0.024116
1.4734,0.17178,-0.026986
1.4666,0.16605,-0.02624
1.4701,0.16013,-0.025699
1.4401,0.16582,-0.023405
1.4209,0.16125,-0.021206
1.4106,0.14477,-0.021136
1.3994,0.14019,-0.020967
1.3877,0.12496,-0.022645
1.3738,0.12041,-0.022532
1.3682,0.12562,-0.017085
1.3533,0.13309,-0.016919
1.327,0.14074,-0.016749
1.2998,0.12692,-0.01837
1.2825,0.12495,-0.01811
1.2641,0.11237,-0.019739
1.2453,0.1119,-0.019448
1.2376,0.11218,-0.017294
1.2066,0.11229,-0.015196
1.175,0.11272,-0.01484
1.1431,0.10224,-0.018168
1.1214,0.10291,-0.017796
1.0986,0.10358,-0.019311
1.0754,0.10435,-0.019037
1.0653,0.12191,-0.015878
1.0297,0.12202,-0.01405
1.0032,0.10637,-0.015076
0.9684,0.09698,-0.014801
0.94399,0.097399,-0.014599
0.90353,0.094466,-0.014746
0.87827,0.093257,-0.014531
0.85578,0.10392,-0.014081
0.82214,0.10477,-0.011485
0.7865,0.10306,-0.0091371
0.75761,0.086637,-0.01085
0.73073,0.082964,-0.010293
0.70141,0.077268,-0.011695
0.67359,0.082854,-0.01304
0.64849,0.07921,-0.010511
0.60995,0.073778,-0.0063384
0.58346,0.069088,-0.0056364
0.53542,0.065178,-0.008478
0.50805,0.060504,-0.0077634
0.48081,0.056238,-0.010778
0.46411,0.051658,-0.01028
0.44832,0.047494,-0.0099643
0.41262,0.044632,-0.0059312
0.37413,0.039476,-0.0023058
0.33709,0.034722,-0.004255
0.31341,0.031775,-0.0041
0.28139,0.019415,-0.0093091
0.27078,0.017432,-0.0091586
0.26256,0.030129,-0.0055334
0.23289,0.029012,-0.0018834
0.20054,0.02286,-0.00022116
0.15696,0.0079671,-0.0023643
0.1387,0.0064355,-0.0022365
0.12004,-0.006549,-0.0039013
0.10396,-0.0071597,-0.003433
0.076285,0.0020432,-0.0011713
0.047047,-0.0011152,-0.00084639
0.033449,-0.00086301,5.4805e-05
0.01535,0.007833,-0.0031605
-0.0024691,0.0062653,-0.0026925
-0.020576,-0.0089302,-0.0043225
-0.046466,-0.0078275,-0.0037613
-0.067755,-0.007981,-0.0038674
-0.087373,-0.020951,-0.00031061
-0.11545,-0.010639,-0.00021635
-0.1312,0.00054257,-0.0037825
-0.14844,0.0004343,-0.0039256
-0.17697,-0.010287,-0.0079677
-0.19556,-0.021478,-0.0029522
-0.21423,-0.010983,0.0020025
-0.24323,-0.010881,0.0015691
-0.2715,-0.0096953,0.0014727
-0.28032,-0.010102,-0.00055821
-0.29975,-0.0099696,-0.00056269
-0.32294,-0.021043,-0.00034186
-0.35503,-0.010386,0.0036019
-0.38361,-0.010553,0.0058217
-0.41412,-0.020597,0.0011257
-0.43584,-0.0095042,0.00019559
-0.44819,-0.021785,0.0010462
-0.4713,-0.023096,0.001936
-0.50586,-0.036247,-0.0009533
-0.52891,-0.027254,0.0017224
-0.54991,-0.039077,0.0045519
-0.58516,-0.042685,0.0032181
-0.62277,-0.03786,0.0052047
-0.63517,-0.04217,0.0056287
-0.65907,-0.04705,0.0059671
-0.69235,-0.061056,0.0031609
-0.7155,-0.055127,0.0071441
-0.74053,-0.051943,0.01041
-0.77754,-0.074547,0.0075658
-0.81171,-0.080099,0.009657
-0.83292,-0.069086,0.011042
-0.85687,-0.07453,0.011364
-0.88103,-0.079622,0.0080505
-0.90017,-0.081374,0.0088477
-0.93405,-0.084535,0.013011
-0.95994,-0.10028,0.013201
-0.98251,-0.10527,0.013365
-0.99484,-0.10887,0.011959
-1.0155,-0.11139,0.01253
-1.057,-0.12264,0.0078754
-1.0733,-0.12366,0.010361
-1.0914,-0.11528,0.014336
-1.1105,-0.11893,0.012478
-1.1381,-0.13223,0.010666
-1.1543,-0.13455,0.010549
-1.1698,-0.13688,0.010271
-1.1849,-0.13984,0.0078862
-1.1994,-0.14272,0.010968
-1.2243,-0.14659,0.013784
-1.2483,-0.14944,0.013091
-1.2711,-0.15008,0.014752
-1.2702,-0.15151,0.010714
-1.2828,-0.15453,0.010198
-1.2955,-0.16976,0.0094868
-1.2982,-0.163,0.014538
-1.3083,-0.15397,0.014654
-1.3314,-0.17227,0.011015
-1.3519,-0.17595,0.011163
-1.347,-0.17448,0.0097499
-1.3548,-0.17729,0.010131
-1.3725,-0.19005,0.0069851
-1.3784,-0.18121,0.0092523
-1.3955,-0.18422,0.011297
-1.3908,-0.19819,0.0095999
-1.3957,-0.18955,0.009799
-1.4044,-0.19509,0.0094751
-1.4086,-0.19759,0.0094692
-1.4234,-0.21043,0.0057375
-1.4264,-0.19822,0.007531
-1.4375,-0.20087,0.010699
-1.4372,-0.20244,0.010488
-1.4469,-0.20304,0.011979
-1.4398,-0.21515,0.01158
-1.4436,-0.21625,0.011303
-1.4504,-0.21755,0.0092643
-1.4423,-0.20742,0.012989
-1.4614,-0.20863,0.014937
-1.4627,-0.21948,0.0097842
-1.4651,-0.2201,0.010128
-1.4467,-0.22179,0.012223
-1.4482,-0.22263,0.012649
-1.4585,-0.23098,0.0080897
-1.4547,-0.22072,0.0084565
-1.4665,-0.21392,0.010218
-1.4571,-0.21416,0.0087481
-1.4553,-0.21447,0.0087416
-1.4538,-0.22593,0.010426
-1.4513,-0.22591,0.010241
-1.4706,-0.23692,0.0081342
-1.4563,-0.22565,0.011587
-1.4537,-0.21458,0.015041
-1.4536,-0.20511,0.012661
-1.4514,-0.21522,0.014335
-1.4356,-0.2225,0.012775
-1.4333,-0.22096,0.012841
-1.442,-0.21934,0.0093247
-1.4297,-0.20892,0.012663
-1.4267,-0.20735,0.014779
-1.4221,-0.21401,0.012095
-1.4413,-0.20082,0.012536
-1.4278,-0.19928,0.010966
-1.4253,-0.19696,0.011241
-1.4233,-0.2164,0.0095992
-1.4215,-0.21381,0.013484
-1.4301,-0.20242,0.015184
-1.4187,-0.2016,0.011526
-1.4176,-0.20169,0.01078
-1.4177,-0.19894,0.011047
-1.4183,-0.19867,0.010828
-1.4323,-0.20782,0.0077561
-1.4115,-0.19927,0.012555
-1.4229,-0.18947,0.015716
-1.4242,-0.2013,0.011627
-1.4269,-0.21271,0.011427
-1.4178,-0.20306,0.012959
-1.4196,-0.20474,0.01273
-1.4323,-0.20672,0.010725
-1.4338,-0.20833,0.012617
-1.4578,-0.1998,0.014489
-1.4491,-0.20085,0.011117
-1.4469,-0.21694,0.012234
-1.4411,-0.2211,0.010116
-1.4452,-0.22315,0.010238
-1.4655,-0.22253,0.0074395
-1.4693,-0.21256,0.0076425
-1.4839,-0.2152,0.0091138
-1.4902,-0.22885,0.0086371
-1.4993,-0.22965,0.0085024
-1.4956,-0.23086,0.0081576
-1.5038,-0.23282,0.007617
-1.5328,-0.23552,0.0031562
-1.5313,-0.22717,0.0060301
-1.541,-0.22857,0.007107
-1.54,-0.22864,0.0045909
-1.5533,-0.22763,0.0040628
-1.5637,-0.23881,0.0031767
-1.5741,-0.2387,0.0022945
-1.593,-0.25058,0.0011484
-1.592,-0.23996,0.0039404
-1.613,-0.22878,0.0051184
-1.615,-0.2275,0.00098276
-1.6137,-0.23731,0.00057404
-1.6161,-0.23661,-0.0018045
-1.6231,-0.23543,-0.002228
-1.64,-0.23422,-0.0044795
-1.6412,-0.23301,-0.0030171
-1.6575,-0.23135,-0.0014042
-1.6434,-0.22978,-0.0035322
-1.6333,-0.23987,-0.003882
-1.633,-0.23911,-0.0041753
-1.6421,-0.2391,-0.0063641
-1.6496,-0.23957,-0.0085985
-1.6356,-0.23292,-0.0038362
-1.6406,-0.22301,-0.0022407
-1.6212,-0.2318,-0.0037485
-1.6147,-0.2325,-0.0035785
-1.6058,-0.23351,-0.0033711
-1.5958,-0.23469,-0.003061
-1.5954,-0.23608,-0.0045416
-1.5613,-0.22603,-0.0021442
-1.559,-0.2265,0.0003724
-1.5449,-0.23785,-0.0026289
-1.5197,-0.2489,-0.0018189
-1.5044,-0.23774,-0.002897
-1.4883,-0.23784,-0.0022315
-1.4828,-0.23787,-0.0034986
-1.4543,-0.23806,0.00071506
-1.4443,-0.23889,0.0028187
-1.4268,-0.23858,0.0015367
-1.4059,-0.2367,0.0026574
-1.3659,-0.24822,0.0030801
-1.3476,-0.24883,0.0035526
-1.3354,-0.25098,0.0017792
-1.3163,-0.22993,0.0040474
-1.2965,-0.23059,0.0062359
-1.2678,-0.24042,0.0050543
-1.2499,-0.24012,0.0036313
-1.2319,-0.23904,0.0046671
-1.2133,-0.23871,0.0048664
-1.2063,-0.23817,0.0049951
-1.1757,-0.22818,0.0078186
-1.1533,-0.22799,0.0093928
-1.1264,-0.23663,0.0059522
-1.1196,-0.24391,0.004867
-1.1026,-0.23188,0.0046532
-1.0874,-0.23009,0.0044949
-1.0697,-0.22894,0.0020981
-1.0451,-0.22706,0.003559
-1.0414,-0.21454,0.0066207
-1.0069,-0.22358,0.0042062
-1.0041,-0.23314,0.0016271
-0.99779,-0.21715,-7.0062e-05
-0.98662,-0.21547,-0.0009741
-0.97781,-0.21354,-0.0038005
-0.95233,-0.21486,-0.0020998
-0.9498,-0.21417,-0.0018089
-0.93208,-0.21206,-0.0047953
-0.91521,-0.21054,-0.0042271
-0.90569,-0.21057,-0.0058879
-0.89842,-0.20975,-0.0072397
-0.90354,-0.21994,-0.0084521
-0.87608,-0.21909,-0.0057454
-0.8707,-0.21942,-0.0083855
-0.86379,-0.22057,-0.010922
-0.85504,-0.22272,-0.0098003
-0.84509,-0.22662,-0.010574
-0.83802,-0.22993,-0.010871
-0.83052,-0.23397,-0.012865
-0.81485,-0.2263,-0.012596
-0.82098,-0.21929,-0.012313
-0.80228,-0.23471,-0.013982
-0.78335,-0.23907,-0.013781
-0.78611,-0.23232,-0.013608
-0.77852,-0.2357,-0.013354
-0.77127,-0.24947,-0.014932
-0.75251,-0.25186,-0.012832
-0.75354,-0.25403,-0.011552
-0.7326,-0.25656,-0.013306
-0.72593,-0.25833,-0.012253
-0.7286,-0.24851,-0.012047
-0.72035,-0.24911,-0.01187
-0.7103,-0.24927,-0.011842
-0.69202,-0.24829,-0.0097559
-0.68613,-0.24649,-0.0093928
-0.66777,-0.25534,-0.010917
-0.65989,-0.25307,-0.0087718
-0.65002,-0.25112,-0.008603
-0.64123,-0.2486,-0.0082486
-0.63969,-0.24643,-0.0099099
-0.62015,-0.2435,-0.0075343
-0.60383,-0.24018,-0.0067896
-0.58305,-0.23729,-0.0081258
-0.56033,-0.23736,-0.0072907
-0.55929,-0.22334,-0.0068929
-0.54689,-0.2199,-0.006483
-0.53895,-0.22378,-0.0080826
-0.51397,-0.21992,-0.0059028
-0.50814,-0.2052,-0.0057605
-0.48541,-0.20037,-0.0071433
-0.46788,-0.19623,-0.0053205
-0.45542,-0.1934,-0.0059767
-0.43937,-0.18847,-0.0060791
-0.42261,-0.19451,-0.0081566
-0.3999,-0.18839,-0.0061746
-0.39951,-0.18435,-0.0031683
-0.38461,-0.17992,-0.0052749
-0.35359,-0.1756,-0.0070526
-0.33816,-0.1726,-0.0055601
-0.32425,-0.16982,-0.0057969
-0.31467,-0.16718,-0.0076315
-0.29036,-0.16551,-0.0078414
-0.27548,-0.16454,-0.0081924
-0.26857,-0.16266,-0.0099368
-0.24383,-0.16273,-0.010451
-0.22285,-0.15385,-0.009777
-0.21127,-0.15412,-0.010298
-0.20788,-0.15475,-0.011013
-0.19987,-0.15452,-0.009463
-0.19276,-0.16571,-0.0097608
-0.17301,-0.17752,-0.01389
-0.15163,-0.16859,-0.014532
-0.1318,-0.15994,-0.013271
-0.12157,-0.16253,-0.013937
-0.10964,-0.1652,-0.016526
-0.097562,-0.16789,-0.015411
-0.10041,-0.18108,-0.012187
-0.083229,-0.18277,-0.014303
-0.057916,-0.18588,-0.016811
-0.056594,-0.18937,-0.019169
-0.046228,-0.19288,-0.019628
-0.046211,-0.19673,-0.022024
-0.024219,-0.18976,-0.022714
-0.0048703,-0.19325,-0.021547
0.0062278,-0.19675,-0.020582
0.02444,-0.19955,-0.021173
0.032381,-0.20193,-0.023613
0.042243,-0.20417,-0.024322
0.051522,-0.21707,-0.026852
0.0612,-0.21876,-0.025695
0.061055,-0.20957,-0.024592
0.084621,-0.22289,-0.0254
0.11802,-0.22497,-0.027883
0.11691,-0.22698,-0.028366
0.12756,-0.2291,-0.02885
0.12686,-0.23121,-0.02928
0.13799,-0.22212,-0.027837
0.15844,-0.23455,-0.028065
0.17784,-0.23572,-0.029266
0.19147,-0.226,-0.029548
0.20451,-0.22683,-0.030458
0.21601,-0.22712,-0.030505
0.23599,-0.23773,-0.030364
0.24592,-0.23691,-0.030216
0.2574,-0.22516,-0.028238
0.27201,-0.22449,-0.028213
0.28506,-0.22303,-0.027957
0.31093,-0.23226,-0.031442
0.32445,-0.23004,-0.031123
0.33987,-0.21687,-0.030949
0.36192,-0.21393,-0.028638
0.37511,-0.21081,-0.028246
0.3838,-0.20795,-0.028202
0.40057,-0.21528,-0.02796
0.40398,-0.20834,-0.028009
0.41863,-0.20439,-0.0277
0.43266,-0.1903,-0.029838
0.45081,-0.1784,-0.027594
0.47324,-0.18364,-0.026746
0.49371,-0.18943,-0.026392
0.50644,-0.17367,-0.024393
0.51595,-0.16875,-0.025936
0.5271,-0.164,-0.025738
0.53907,-0.17027,-0.02747
0.54866,-0.15432,-0.025403
0.55474,-0.13823,-0.023175
0.57993,-0.1326,-0.026369
0.61424,-0.12734,-0.02836
0.60738,-0.12199,-0.026923
0.6168,-0.11574,-0.027063
0.62882,-0.12124,-0.026997
0.64229,-0.11517,-0.025646
0.6486,-0.10804,-0.024324
0.65623,-0.10216,-0.024446
0.66584,-0.096937,-0.024608
0.67218,-0.080848,-0.026381
0.68057,-0.076305,-0.026411
0.6887,-0.082885,-0.026451
0.70448,-0.07843,-0.026312
0.72644,-0.073094,-0.026126
0.73764,-0.05916,-0.026325
0.74176,-0.057723,-0.026475
0.73828,-0.065949,-0.026416
0.74598,-0.063853,-0.026376
0.75331,-0.068027,-0.028192
0.75878,-0.067383,-0.026224
0.76501,-0.062319,-0.024312
0.78496,-0.052606,-0.028169
0.80365,-0.054008,-0.02835
0.7951,-0.055289,-0.026403
0.80095,-0.056994,-0.026518
0.80532,-0.064338,-0.028396
0.82093,-0.066449,-0.026615
0.83715,-0.069007,-0.026681
0.83296,-0.072007,-0.028701
0.8522,-0.07533,-0.027221
0.8493,-0.079089,-0.027577
0.85537,-0.082995,-0.0278
0.86132,-0.087164,-0.029842
0.86836,-0.08031,-0.028248
0.87326,-0.078644,-0.028365
0.89001,-0.093315,-0.030418
0.90846,-0.10238,-0.030767
0.89203,-0.10581,-0.029174
0.89869,-0.1094,-0.029485
0.90275,-0.11303,-0.029604
0.92049,-0.11674,-0.029891
0.93864,-0.11481,-0.03018
0.93479,-0.10704,-0.030423
0.94091,-0.10944,-0.030574
0.94402,-0.12764,-0.030527
0.94977,-0.12918,-0.030599
0.95797,-0.13059,-0.032676
0.95482,-0.12076,-0.032882
0.96728,-0.123,-0.029047
0.97231,-0.13419,-0.031076
0.97784,-0.13231,-0.033161
0.9813,-0.13219,-0.033241
0.97189,-0.12053,-0.031392
0.9829,-0.12217,-0.031257
0.98299,-0.13167,-0.031185
0.99581,-0.12745,-0.031213
0.99873,-0.12612,-0.031254
1.0118,-0.12457,-0.031234
1.0121,-0.11155,-0.031001
1.0141,-0.10911,-0.030794
1.016,-0.10795,-0.03233
1.019,-0.11489,-0.02961
1.0226,-0.11261,-0.029244
1.0164,-0.099165,-0.02947
1.0208,-0.092801,-0.027227
1.0238,-0.10009,-0.02857
1.0277,-0.096506,-0.028098
1.0425,-0.095864,-0.029461
1.0452,-0.081381,-0.027046
1.0599,-0.07782,-0.026477
1.0682,-0.08565,-0.028079
1.0853,-0.07982,-0.02774
1.0662,-0.07686,-0.025366
1.0725,-0.074468,-0.025039
1.0783,-0.075719,-0.024654
1.082,-0.061793,-0.024651
1.0878,-0.059312,-0.024335
1.0972,-0.058421,-0.025723
1.1147,-0.055559,-0.025655
1.1206,-0.053611,-0.025633
1.1163,-0.063005,-0.023859
1.1227,-0.063636,-0.023996
1.128,-0.051682,-0.024059
1.1447,-0.051202,-0.024204
1.135,-0.052347,-0.024512
1.1389,-0.051366,-0.024552
1.1466,-0.049405,-0.024546
1.1502,-0.04928,-0.024728
1.1543,-0.049851,-0.025087
1.157,-0.044289,-0.023393
1.1693,-0.043514,-0.023317
1.1713,-0.048897,-0.025239
1.1844,-0.048829,-0.025321
1.1737,-0.048785,-0.025272
1.1754,-0.04892,-0.025331
1.177,-0.049996,-0.027254
1.1797,-0.044762,-0.02555
1.1812,-0.044886,-0.023805
1.1716,-0.044875,-0.023856
1.1829,-0.045932,-0.023753
1.1691,-0.045664,-0.02532
1.1682,-0.045379,-0.025207
1.1663,-0.044706,-0.026916
1.1641,-0.044305,-0.024981
1.1611,-0.043774,-0.023041
1.1588,-0.048899,-0.022977
1.1545,-0.047014,-0.022758
1.1379,-0.041275,-0.022398
1.1318,-0.040948,-0.022002
1.1359,-0.042235,-0.023459
1.1305,-0.041701,-0.02314
1.1225,-0.040564,-0.020746
1.1021,-0.045614,-0.020205
1.104,-0.045435,-0.021401
1.0946,-0.045299,-0.020873
1.0853,-0.039689,-0.020381
1.0761,-0.039795,-0.020056
1.0641,-0.039644,-0.017561
1.044,-0.040371,-0.017142
1.0265,-0.038279,-0.020639
1.0273,-0.03693,-0.020287
1.015,-0.038378,-0.01809
1.0044,-0.037938,-0.017973
0.99384,-0.037471,-0.017935
0.97427,-0.034137,-0.018137
0.96329,-0.035245,-0.018294
0.94005,-0.037253,-0.018378
0.93355,-0.034364,-0.018544
0.90874,-0.033668,-0.01872
0.8953,-0.03298,-0.01906
0.88304,-0.032392,-0.019377
0.86922,-0.029813,-0.018003
0.85622,-0.030579,-0.018415
0.84147,-0.028777,-0.018761
0.82712,-0.026661,-0.019048
0.81198,-0.028504,-0.02115
0.79746,-0.027622,-0.021464
0.78526,-0.027106,-0.021758
0.76042,-0.023515,-0.020247
0.74704,-0.02192,-0.020585
0.72296,-0.021011,-0.020869
0.70857,-0.019957,-0.021072
0.68318,-0.021749,-0.02113
0.66883,-0.020843,-0.021171
0.65439,-0.020189,-0.0211
0.64003,-0.016069,-0.021081
0.62527,-0.01587,-0.019084
0.61066,-0.015544,-0.018867
0.59652,-0.013722,-0.020338
0.57034,-0.013795,-0.019799
0.55564,-0.012981,-0.019263
0.54082,-0.013051,-0.019498
0.52572,-0.010458,-0.018816
0.51135,-0.010542,-0.017363
0.48575,-0.009537,-0.016688
0.47114,-0.0073552,-0.017882
0.45745,-0.0072666,-0.017351
0.44323,-0.0065929,-0.016777
0.42926,-0.0075173,-0.014435
0.41464,-0.0063127,-0.013795
0.39985,-0.0056911,-0.013372
0.37678,-0.0058688,-0.013056
0.36372,-0.0045182,-0.012504
0.33954,-0.0042515,-0.012012
0.32633,-0.0040439,-0.011555
0.31302,-0.0036651,-0.010296
0.29956,-0.0027175,-0.007943
0.2862,-0.0029426,-0.0078025
0.27277,-0.0028662,-0.0089755
0.26185,-0.0018904,-0.010578
0.23814,-0.00064854,-0.010068
0.22538,-0.00052773,-0.0096402
0.21181,-0.00092465,-0.0093505
0.19953,-0.0010191,-0.0073209
0.18664,0.0040002,-0.0071657
0.17478,0.0043419,-0.0089288
0.1635,0.0049992,-0.009034
0.15267,0.0041804,-0.009222
0.14252,0.0051693,-0.0095678
0.1343,0.0062426,-0.010249
0.11416,0.0093025,-0.0088953
0.10529,0.016405,-0.0092985
0.09735,0.017713,-0.011928
0.090668,0.019925,-0.012709
0.072467,0.022764,-0.011865
0.065318,0.025836,-0.012757
0.059639,0.029242,-0.013723
0.05283,0.033237,-0.014501
0.04667,0.037431,-0.015336
0.051944,0.042775,-0.01615
0.046706,0.047426,-0.018856
0.031857,0.05138,-0.01979
0.028443,0.056524,-0.02071
0.02703,0.056331,-0.019855
0.024707,0.061567,-0.020784
0.022967,0.072189,-0.021615
0.021933,0.078972,-0.022358
0.023484,0.083971,-0.023109
0.018146,0.086752,-0.023819
0.018819,0.091607,-0.024386
0.01994,0.10739,-0.026725
0.019664,0.11228,-0.027229
0.021609,0.10622,-0.027648
0.021978,0.11286,-0.028006
0.022586,0.12871,-0.0284
0.024613,0.1323,-0.028762
0.027324,0.13721,-0.029105
0.031927,0.14226,-0.029415
0.032796,0.14766,-0.029762
0.041209,0.15259,-0.030078
0.043883,0.15697,-0.030256
0.041466,0.16219,-0.030417
0.045392,0.16704,-0.030547
0.04854,0.17182,-0.030681
0.05157,0.17618,-0.030835
0.05427,0.18071,-0.030945
0.062559,0.18511,-0.029032
0.065142,0.18961,-0.030866
0.067959,0.20407,-0.032706
0.070239,0.20663,-0.030754
0.073041,0.21029,-0.030627
0.084856,0.20101,-0.030965
0.087944,0.20539,-0.029943
0.093303,0.21045,-0.031032
0.096995,0.21384,-0.031631
0.08999,0.227,-0.031448
0.094393,0.22745,-0.029425
0.098399,0.22937,-0.029238
0.11339,0.22032,-0.030878
0.11728,0.22351,-0.032581
0.12126,0.22448,-0.032609
0.12724,0.22501,-0.032722
0.12087,0.23617,-0.03119
0.12566,0.23502,-0.031695
0.12997,0.23481,-0.03219
0.1338,0.23418,-0.034622
0.13731,0.23363,-0.036115
0.15166,0.23364,-0.035089
0.15464,0.23351,-0.035602
0.14665,0.23315,-0.036603
0.14732,0.23169,-0.035383
0.14943,0.23112,-0.036323
0.16185,0.23023,-0.039062
0.16396,0.23013,-0.039878
0.16509,0.2406,-0.040689
0.16684,0.23529,-0.041499
0.17879,0.23503,-0.042287
0.17989,0.23502,-0.043019
0.18141,0.23531,-0.043751
0.1725,0.22514,-0.044618
0.1733,0.22579,-0.045066
0.17494,0.23684,-0.045497
0.17696,0.23157,-0.046257
0.17859,0.23211,-0.04767
0.17892,0.23252,-0.048145
0.17995,0.23289,-0.048577
0.18068,0.23321,-0.049297
0.17989,0.23367,-0.049623
0.18003,0.23411,-0.050145
0.1797,0.23449,-0.050563
0.17924,0.23511,-0.050747
0.17893,0.23567,-0.049178
0.17776,0.23617,-0.049347
0.18766,0.23699,-0.049758
0.1847,0.24309,-0.051565
0.18313,0.2436,-0.05164
0.18211,0.23902,-0.05167
0.18137,0.24019,-0.051638
0.17873,0.24114,-0.051591
0.17816,0.24202,-0.05155
0.1778,0.25408,-0.051772
0.17756,0.24379,-0.049826
0.17727,0.24421,-0.049625
0.1773,0.2562,-0.049388
0.1775,0.25748,-0.049288
0.17976,0.2479,-0.048901
0.18039,0.24927,-0.048462
0.18123,0.25047,-0.048321
0.18044,0.25156,-0.04779
0.19272,0.25257,-0.047536
0.18859,0.25361,-0.046895
0.17933,0.25434,-0.046293
0.1869,0.2547,-0.045735
0.18896,0.25508,-0.045137
0.19089,0.25499,-0.045466
0.19307,0.25527,-0.044852
0.19549,0.2556,-0.044367
0.19201,0.25503,-0.045906
0.2049,0.25461,-0.047528
0.20663,0.2429,-0.045546
0.20858,0.24143,-0.045619
0.21029,0.23879,-0.045809
0.20337,0.24935,-0.045674
0.20531,0.25803,-0.046173
0.20477,0.25371,-0.045417
0.20617,0.25229,-0.046079
0.21823,0.23966,-0.046764
0.21933,0.23805,-0.047498
0.2203,0.22501,-0.048252
0.21021,0.23427,-0.047174
0.22206,0.2438,-0.047894
0.22275,0.24255,-0.048528
0.22322,0.24151,-0.049095
0.23521,0.22989,-0.051494
0.23675,0.22938,-0.052045
0.23921,0.21816,-0.050755
0.24205,0.21781,-0.049344
0.24535,0.2278,-0.051498
0.23775,0.22608,-0.053569
0.24122,0.22469,-0.053743
0.25603,0.2234,-0.053924
0.26025,0.2223,-0.054078
0.27602,0.22133,-0.056082
0.27015,0.22067,-0.054334
0.26444,0.21986,-0.054443
0.26976,0.20776,-0.054539
0.27463,0.20613,-0.054581
0.26816,0.20441,-0.054628
0.27189,0.20233,-0.054654
0.28554,0.19963,-0.054636
0.29881,0.2078,-0.054441
0.30191,0.20599,-0.05444
0.30472,0.19286,-0.054532
0.30734,0.19014,-0.054435
0.30991,0.18695,-0.053378
0.31262,0.18375,-0.053185
0.31461,0.17962,-0.052873
0.31732,0.17609,-0.052246
0.32016,0.18358,-0.051881
0.32266,0.17994,-0.051273
0.33624,0.16578,-0.050759
0.33872,0.16253,-0.050327
0.34162,0.15936,-0.049688
0.34451,0.16686,-0.050823
0.33649,0.1636,-0.04978
0.33955,0.15013,-0.047275
0.34264,0.1483,-0.04651
0.34577,0.15773,-0.047699
0.34787,0.1557,-0.046991
0.34982,0.15446,-0.046335
0.35135,0.14262,-0.045726
0.35261,0.13081,-0.04492
0.35374,0.14104,-0.044447
0.3546,0.14025,-0.044065
0.36545,0.13876,-0.043657
0.36574,0.13792,-0.043147
0.36617,0.13717,-0.042906
0.35565,0.12544,-0.042715
0.35612,0.12472,-0.04223
0.3568,0.13516,-0.040338
0.34519,0.13391,-0.039927
0.35156,0.12839,-0.040331
0.36087,0.12738,-0.040144
0.35915,0.12639,-0.039925
0.3607,0.11866,-0.040971
0.35938,0.1178,-0.039791
0.35913,0.1171,-0.039609
0.35785,0.11492,-0.039321
0.35644,0.12351,-0.038989
0.34461,0.1215,-0.036807
0.34367,0.11977,-0.036408
0.35361,0.10719,-0.037793
0.35291,0.10624,-0.037319
0.34083,0.10445,-0.034946
0.33993,0.091166,-0.034413
0.33888,0.099403,-0.033821
0.33742,0.095785,-0.033153
0.33601,0.092406,-0.032454
0.34542,0.077755,-0.031701
0.34417,0.085507,-0.030932
0.34311,0.081847,-0.030115
0.33089,0.06664,-0.029253
0.32961,0.062059,-0.030231
0.32846,0.057259,-0.029401
0.32703,0.05183,-0.02864
0.32568,0.046136,-0.026118
0.32372,0.050905,-0.027365
0.33305,0.045116,-0.02686
0.33152,0.02822,-0.024551
0.32355,0.025021,-0.024433
0.32291,0.019076,-0.024037
0.32231,0.012988,-0.023667
0.3288,0.0082014,-0.025731
0.31734,0.002251,-0.023592
0.31782,-0.0069963,-0.022608
0.32882,-0.012531,-0.02245
0.32882,-0.018197,-0.02042
0.33004,-0.023115,-0.020308
0.33152,-0.028124,-0.020119
0.33291,-0.033219,-0.019841
0.32432,-0.037432,-0.019574
0.33765,-0.041506,-0.019244
0.33938,-0.045904,-0.018811
0.34257,-0.04908,-0.018412
0.34569,-0.052098,-0.017946
0.34918,-0.054702,-0.017441
0.34191,-0.056842,-0.016905
0.34648,-0.057824,-0.016397
0.35886,-0.060322,-0.015661
0.36224,-0.07255,-0.015026
0.36724,-0.072876,-0.016317
0.35968,-0.062798,-0.015702
0.36291,-0.063143,-0.015174
0.36485,-0.063477,-0.014659
0.36754,-0.073785,-0.012434
0.37119,-0.072445,-0.012169
0.37258,-0.06087,-0.01366
0.3724,-0.07143,-0.013316
0.37225,-0.082023,-0.011212
0.37218,-0.081592,-0.011026
0.38181,-0.082079,-0.010799
0.38107,-0.071432,-0.010652
0.37103,-0.07126,-0.0069161
0.36972,-0.083418,-0.0066831
0.3781,-0.096421,-0.0081171
0.36556,-0.098295,-0.0076974
0.3631,-0.10172,-0.0071719
0.36064,-0.094991,-0.0066162
0.36872,-0.088838,-0.0059971
0.36605,-0.093631,-0.0053376
0.36277,-0.11023,-0.0064715
0.36724,-0.12795,-0.0074435
0.35726,-0.12943,-0.0063527
0.3552,-0.13604,-0.0059233
0.34759,-0.1416,-0.0040788
0.34254,-0.14245,-0.0025123
0.35052,-0.15051,-0.0040215
0.34758,-0.15905,-0.0036775
0.3412,-0.16474,-0.0039299
0.34044,-0.18328,-0.0038787
0.33912,-0.19152,-0.0038637
0.33103,-0.20229,-0.0016087
0.31845,-0.19965,0.00018259
0.33805,-0.2079,0.0020716
0.34731,-0.21556,0.00032967
0.33531,-0.23386,-0.0012894
0.33485,-0.25225,-0.0010071
0.33472,-0.26004,-0.0007092
0.33521,-0.26817,0.0014389
0.32462,-0.26531,0.0017959
0.33787,-0.27293,0.00030504
0.33828,-0.2807,0.00080347
0.32839,-0.28514,0.0009377
0.32966,-0.29186,0.0032946
0.33077,-0.29801,0.0038555
0.3407,-0.30676,0.0049136
0.34171,-0.31172,0.0036991
0.34412,-0.31574,0.0042625
0.33469,-0.31928,0.0048347
0.336,-0.33329,0.0053809
0.34432,-0.33861,0.0061979
0.34583,-0.34107,0.0066742
0.34766,-0.34342,0.0071069
0.3423,-0.34698,0.0099586
0.34326,-0.34927,0.012358
0.3435,-0.34782,0.012199
0.35577,-0.3496,0.012912
0.35693,-0.35092,0.0118
0.3579,-0.3522,0.012603
0.34912,-0.35303,0.013367
0.35086,-0.35336,0.014129
0.3611,-0.35396,0.014981
0.35063,-0.35404,0.01576
0.35102,-0.35374,0.016513
0.34053,-0.36438,0.017234
0.33997,-0.36376,0.017932
0.34942,-0.36338,0.018604
0.35886,-0.36323,0.019228
0.35706,-0.35223,0.019818
0.34695,-0.3509,0.020197
0.34541,-0.35052,0.020665
0.34198,-0.36161,0.023052
0.34004,-0.36088,0.02352
0.34874,-0.36026,0.025868
0.34757,-0.35946,0.026354
0.3459,-0.36677,0.025147
0.34276,-0.36801,0.025976
0.34175,-0.36882,0.026671
0.34318,-0.36045,0.027245
0.34292,-0.36166,0.027923
0.34229,-0.36391,0.03046
0.33241,-0.36502,0.031086
0.33425,-0.36565,0.031785
0.34381,-0.36812,0.028899
0.34462,-0.36986,0.02948
0.33351,-0.36264,0.031816
0.33438,-0.36383,0.032259
0.34534,-0.36541,0.034509
0.34567,-0.37734,0.034923
0.33736,-0.37919,0.035331
0.33818,-0.38042,0.035798
0.339,-0.38456,0.036283
0.33251,-0.37362,0.03842
0.33245,-0.37476,0.039059
0.34382,-0.37567,0.03978
0.34887,-0.37801,0.039039
0.3473,-0.37847,0.037987
0.33697,-0.37839,0.040568
0.32608,-0.38405,0.041329
0.32989,-0.38622,0.042542
0.32849,-0.38642,0.04331
0.33254,-0.38645,0.045983
0.33744,-0.38457,0.044391
0.34074,-0.3853,0.04504
0.31702,-0.38564,0.043789
0.31442,-0.38608,0.044258
0.32239,-0.37532,0.046477
0.31946,-0.37503,0.046781
0.31601,-0.38528,0.047954
0.31283,-0.38432,0.046275
0.30948,-0.38329,0.047052
0.29334,-0.38276,0.049001
0.29787,-0.38158,0.048968
0.30488,-0.38369,0.049364
0.3014,-0.38313,0.04944
0.28999,-0.38307,0.04935
0.27808,-0.37956,0.049025
0.2867,-0.39061,0.048987
0.28243,-0.391,0.049144
0.27905,-0.39176,0.049256
0.27629,-0.38181,0.049346
0.27368,-0.38304,0.049431
0.25898,-0.38409,0.049503
0.25645,-0.38546,0.049574
0.26659,-0.38712,0.049875
0.26451,-0.38848,0.047998
0.2515,-0.40105,0.048009
0.23781,-0.40287,0.047848
0.23504,-0.40515,0.04759
0.24329,-0.40806,0.047434
0.24983,-0.41152,0.047066
0.25718,-0.42622,0.046843
0.24546,-0.43047,0.046254
0.24243,-0.43559,0.045699
0.2411,-0.44187,0.045085
0.25061,-0.43774,0.044471
0.25292,-0.44536,0.044074
0.24334,-0.45266,0.043369
0.2446,-0.4711,0.043135
0.24735,-0.49026,0.042435
0.24846,-0.49884,0.041767
0.25182,-0.50896,0.041138
0.25604,-0.50862,0.040529
0.26098,-0.5199,0.040908
0.25444,-0.53123,0.038526
0.26832,-0.55315,0.038
0.27254,-0.55717,0.039386
0.2673,-0.56919,0.03903
0.27171,-0.58073,0.038765
0.27484,-0.59003,0.038637
0.28085,-0.60201,0.038605
0.28507,-0.61186,0.036743
0.29762,-0.62158,0.038626
0.2991,-0.63231,0.038765
0.30218,-0.64151,0.038979
0.30501,-0.66103,0.039294
0.31023,-0.66637,0.039671
0.31365,-0.67407,0.040194
0.30635,-0.68045,0.038913
0.30787,-0.6866,0.039477
0.31939,-0.69158,0.040074
0.31156,-0.69724,0.040671
0.31325,-0.69883,0.041241
0.31433,-0.7023,0.041799
0.32483,-0.70442,0.040472
0.3127,-0.70599,0.040957
0.32389,-0.71805,0.043193
0.3238,-0.71797,0.045377
0.31152,-0.70638,0.045773
0.32037,-0.69938,0.046234
0.3188,-0.69675,0.046726
0.31755,-0.7042,0.049134
0.30983,-0.69983,0.0478
0.30738,-0.69441,0.048405
0.29971,-0.68829,0.049095
0.29566,-0.6815,0.051588
0.29211,-0.67468,0.052318
0.28801,-0.66743,0.053144
0.27414,-0.66063,0.054123
0.26938,-0.64144,0.054174
0.28473,-0.6322,0.055169
0.27885,-0.6227,0.055483
0.26015,-0.62288,0.056454
0.24569,-0.61282,0.057515
0.23895,-0.60251,0.058494
0.23386,-0.58232,0.057643
0.2347,-0.57183,0.058701
0.231,-0.57985,0.059262
0.21157,-0.55845,0.060029
0.19909,-0.54076,0.060652
0.19145,-0.53113,0.060985
0.18332,-0.52159,0.061188
0.17568,-0.51261,0.063135
0.17987,-0.5038,0.06311
0.17205,-0.49506,0.063027
0.15201,-0.48654,0.062638
0.14919,-0.48698,0.062991
0.1533,-0.46862,0.062646
0.14731,-0.46185,0.062362
0.13896,-0.448,0.063408
0.1229,-0.44199,0.062907
0.11683,-0.44646,0.062533
0.10241,-0.43022,0.062012
0.094818,-0.42338,0.061616
0.091441,-0.41895,0.061356
0.086659,-0.41452,0.061125
0.096747,-0.4126,0.059213
0.09005,-0.4084,0.058685
0.086722,-0.40568,0.058394
0.083516,-0.39177,0.057527
0.078752,-0.39905,0.056983
0.078063,-0.39701,0.056412
0.076268,-0.39497,0.05575
0.075549,-0.38264,0.05502
0.074374,-0.38124,0.053254
0.073576,-0.40168,0.054127
0.064621,-0.39048,0.053138
0.066698,-0.38006,0.052172
0.077754,-0.3799,0.051148
0.07978,-0.38032,0.050143
0.082833,-0.38106,0.049168
0.083837,-0.38083,0.048183
0.086897,-0.39216,0.049078
0.081537,-0.39379,0.046347
0.085193,-0.39515,0.043634
0.089147,-0.39728,0.042799
0.093256,-0.38875,0.041943
0.094813,-0.38984,0.040977
0.098071,-0.39214,0.040081
0.10338,-0.39573,0.039264
0.10734,-0.39835,0.038381
0.11213,-0.39061,0.035702
0.12482,-0.39196,0.034764
0.1279,-0.39321,0.033786
0.12804,-0.40304,0.032653
0.12129,-0.40377,0.033481
0.12515,-0.40452,0.032512
0.11532,-0.3928,0.029654
0.11741,-0.3924,0.03052
0.12889,-0.4021,0.029523
0.12901,-0.40065,0.028599
0.12816,-0.39876,0.027731
0.127,-0.38559,0.025056
0.1266,-0.38358,0.026152
0.12528,-0.38061,0.025418
0.11198,-0.36575,0.02291
0.11028,-0.36172,0.020464
0.10678,-0.35626,0.019792
0.11345,-0.36086,0.019065
0.11812,-0.35297,0.018234
0.11487,-0.33512,0.017471
0.088852,-0.32746,0.016657
0.082741,-0.3293,0.015759
0.089811,-0.30965,0.014933
0.084163,-0.29972,0.014047
0.085095,-0.28662,0.012988
0.077486,-0.28596,0.013937
0.074919,-0.27494,0.012507
0.066451,-0.2456,0.012008
0.052993,-0.23699,0.012254
0.053726,-0.23284,0.011603
0.049837,-0.22088,0.011216
0.045451,-0.19751,0.0090584
0.041387,-0.18522,0.0069365
0.037442,-0.18359,0.0084651
0.034737,-0.17161,0.0081693
0.022664,-0.14989,0.0061028
0.015548,-0.13018,0.0052607
0.012567,-0.11844,0.0048967
0.0072118,-0.10533,0.0043937
0.0068902,-0.10113,0.0024989
0.013807,-0.1005,0.0018299
0.012014,-0.07943,0.0011263
0.0087124,-0.069014,0.00022732
0.0011495,-0.05185,-0.0024081
-0.0012638,-0.042649,-0.0035513
-0.0061785,-0.032237,-0.006775
-0.023554,-0.021696,-0.0065602
-0.024689,-0.014757,-0.0081698
-0.029053,-0.0067212,-0.0099851
-0.045436,0.0011929,-0.010081
-0.048403,0.018068,-0.012015
-0.053927,0.024624,-0.01402
-0.070849,0.030698,-0.017864
-0.078754,0.025793,-0.019917
-0.075272,0.030196,-0.020131
-0.083877,0.056516,-0.024075
-0.10632,0.073234,-0.029958
-0.11847,0.067957,-0.032252
-0.13048,0.073182,-0.034661
-0.1413,0.077204,-0.035322
-0.15532,0.082727,-0.037961
-0.18211,0.088885,-0.042484
-0.19645,0.10497,-0.047031
-0.22313,0.11054,-0.050815
-0.23982,0.11649,-0.051904
-0.25802,0.12295,-0.054917
-0.27803,0.13021,-0.058268
-0.2959,0.13575,-0.06123
-0.31701,0.15403,-0.064684
-0.34033,0.16266,-0.067782
-0.37187,0.1809,-0.071075
-0.39611,0.17948,-0.072175
-0.41897,0.18842,-0.074915
-0.44265,0.198,-0.077581
-0.46298,0.21705,-0.079856
-0.49666,0.22708,-0.082284
-0.52119,0.2389,-0.084266
-0.54484,0.25065,-0.08599
-0.5814,0.26407,-0.090787
-0.60508,0.27667,-0.092182
-0.62873,0.28945,-0.093468
-0.65197,0.30221,-0.09461
-0.68623,0.31513,-0.097511
-0.71044,0.32878,-0.10039
-0.73375,0.3418,-0.1014
-0.74521,0.35418,-0.1024
-0.76707,0.36618,-0.10337
-0.78706,0.37724,-0.10439
-0.8177,0.39952,-0.10537
-0.851,0.41315,-0.10984
-0.87016,0.41352,-0.11095
-0.88764,0.42364,-0.11216
-0.91322,0.45385,-0.11173
-0.92946,0.4634,-0.11317
-0.94462,0.46157,-0.11653
-0.96642,0.46814,-0.1179
-0.99169,0.48726,-0.11958
-1.0088,0.49491,-0.12062
-1.0232,0.5025,-0.12237
-1.0289,0.52427,-0.12309
-1.0422,0.5314,-0.12489
-1.0541,0.52707,-0.12855
-1.0649,0.5223,-0.12835
-1.0867,0.53921,-0.1318
-1.0956,0.55485,-0.13523
-1.1045,0.5598,-0.13689
-1.1102,0.56265,-0.13733
-1.1171,0.56676,-0.13898
-1.1275,0.56286,-0.14178
-1.1302,0.56487,-0.14331
-1.1344,0.57853,-0.14668
-1.1483,0.59156,-0.14829
-1.1508,0.59397,-0.14995
-1.1634,0.5962,-0.15175
-1.1569,0.58956,-0.15167
-1.1581,0.59188,-0.15513
-1.156,0.5922,-0.15476
-1.1777,0.59327,-0.15637
-1.1795,0.59549,-0.15775
-1.1801,0.59629,-0.15899
-1.1704,0.60891,-0.16121
-1.1712,0.60921,-0.16231
-1.181,0.60762,-0.16597
-1.1713,0.60853,-0.16508
-1.172,0.6091,-0.16788
-1.1853,0.61066,-0.17067
-1.1867,0.61152,-0.17168
-1.1874,0.61164,-0.16706
-1.1893,0.61218,-0.16794
-1.1916,0.61272,-0.17053
-1.1964,0.61467,-0.17302
-1.2109,0.61558,-0.17538
-1.202,0.61555,-0.17405
-1.2061,0.61648,-0.17458
-1.2052,0.62872,-0.17233
-1.2093,0.63003,-0.17268
-1.2208,0.63196,-0.17652
-1.2243,0.63379,-0.17631
-1.2381,0.63672,-0.17633
-1.2427,0.62853,-0.17597
-1.2483,0.63156,-0.176
-1.2444,0.63497,-0.17385
-1.2504,0.63738,-0.17374
-1.2565,0.63967,-0.17722
-1.262,0.64162,-0.17684
-1.2789,0.64368,-0.17652
-1.2744,0.64614,-0.17605
-1.28,0.6479,-0.17586
-1.2967,0.65699,-0.17411
-1.2896,0.65791,-0.17252
-1.2941,0.65955,-0.17577
-1.2986,0.66157,-0.17543
-1.3136,0.66449,-0.17517
-1.3064,0.66687,-0.17305
-1.3094,0.66913,-0.17277
-1.3114,0.67703,-0.17213
-1.3136,0.66838,-0.1699
-1.3262,0.66938,-0.17133
-1.3282,0.67185,-0.17074
-1.3186,0.67419,-0.17217
-1.3046,0.6731,-0.16806
-1.304,0.67413,-0.16736
-1.3136,0.68356,-0.16495
-1.3011,0.67385,-0.16584
-1.3081,0.66824,-0.16674
-1.3039,0.67917,-0.16391
-1.298,0.67844,-0.16263
-1.2816,0.66677,-0.16155
-1.2747,0.66504,-0.16048
-1.2785,0.66826,-0.1577
-1.2696,0.65363,-0.15847
-1.2726,0.64969,-0.16118
-1.2651,0.65668,-0.15818
-1.2566,0.65173,-0.15879
-1.2379,0.63518,-0.15607
-1.2305,0.62912,-0.15529
-1.2372,0.62271,-0.15187
-1.2231,0.60681,-0.15068
-1.2139,0.60909,-0.15284
-1.2035,0.60791,-0.15099
-1.2095,0.58807,-0.15243
-1.2042,0.56766,-0.1501
-1.2002,0.55762,-0.14963
-1.1964,0.55779,-0.14527
-1.1836,0.54701,-0.14475
-1.2044,0.54701,-0.14995
-1.2036,0.53614,-0.14759
-1.1931,0.51484,-0.1471
-1.1731,0.50562,-0.14658
-1.1747,0.49622,-0.1463
-1.187,0.49823,-0.14416
-1.1867,0.47659,-0.14478
-1.2003,0.46861,-0.14661
-1.1938,0.46316,-0.14387
-1.1966,0.45626,-0.14556
-1.2001,0.45025,-0.14356
-1.2039,0.44491,-0.14346
-1.2204,0.45183,-0.13809
-1.2138,0.43705,-0.13978
-1.2172,0.43393,-0.1428
-1.2224,0.43219,-0.14043
-1.2281,0.43143,-0.14184
-1.2222,0.43135,-0.13944
-1.227,0.43232,-0.13874
-1.2323,0.44564,-0.13451
-1.2306,0.43747,-0.13543
-1.2435,0.45185,-0.13972
-1.2385,0.45667,-0.13499
-1.2402,0.46288,-0.13576
-1.2318,0.47029,-0.13475
-1.2315,0.47897,-0.13374
-1.2296,0.48859,-0.12896
-1.227,0.48822,-0.12987
-1.2342,0.49928,-0.13447
-1.2297,0.51078,-0.1299
-1.2245,0.5225,-0.12727
-1.2076,0.53443,-0.12666
-1.2008,0.54647,-0.126
-1.1943,0.57003,-0.12195
-1.174,0.57459,-0.12289
-1.1642,0.57563,-0.12413
-1.1531,0.58736,-0.11981
-1.1396,0.60891,-0.11869
-1.1148,0.61832,-0.11769
-1.0997,0.62821,-0.11659
-1.0844,0.63809,-0.11195
-1.0674,0.64122,-0.11091
-1.0594,0.64878,-0.11479
-1.029,0.65677,-0.11115
-1.0083,0.65128,-0.1111
-0.99865,0.65514,-0.10731
-0.97835,0.65801,-0.1055
-0.9588,0.6705,-0.10194
-0.92749,0.66141,-0.10176
-0.91045,0.66245,-0.10428
-0.8797,0.66469,-0.10077
-0.85605,0.65698,-0.098335
-0.83695,0.65153,-0.097248
-0.81738,0.64484,-0.09603
-0.79971,0.64879,-0.089796
-0.76923,0.63449,-0.090504
-0.75944,0.62418,-0.092823
-0.7294,0.61405,-0.088063
-0.71282,0.59303,-0.085695
-0.69571,0.58166,-0.083135
-0.67863,0.56932,-0.08205
-0.66205,0.56714,-0.077052
-0.63248,0.55327,-0.078465
-0.62874,0.53977,-0.08076
-0.61728,0.5152,-0.076341
-0.59153,0.50026,-0.076132
-0.56785,0.49706,-0.072351
-0.55616,0.48321,-0.070532
-0.54542,0.47003,-0.066909
-0.53554,0.44603,-0.068971
-0.5376,0.43358,-0.071069
-0.50557,0.40958,-0.063564
-0.49705,0.38574,-0.060055
-0.49989,0.38384,-0.058321
-0.49253,0.37092,-0.056504
-0.47342,0.36854,-0.052419
-0.45686,0.34512,-0.052484
-0.45265,0.33371,-0.052802
-0.43542,0.32201,-0.048991
-0.44037,0.31094,-0.045302
-0.43453,0.30059,-0.041658
-0.4287,0.29089,-0.039693
-0.42957,0.28009,-0.03486
-0.41196,0.26031,-0.038027
-0.39908,0.26459,-0.038452
-0.39545,0.25766,-0.033088
-0.39311,0.24148,-0.029865
-0.38755,0.23582,-0.025931
-0.38252,0.23091,-0.023882
-0.37546,0.23679,-0.021322
-0.36966,0.22182,-0.022689
-0.37676,0.2193,-0.024552
-0.36237,0.20626,-0.017367
-0.33619,0.19313,-0.015603
-0.33154,0.1909,-0.011948
-0.32623,0.18845,-0.010181
-0.33084,0.19665,-0.0064754
-0.32499,0.19426,-0.0086574
-0.317,0.19126,-0.010506
-0.29939,0.18938,-0.0036125
-0.28215,0.17724,0.0011528
-0.27422,0.17575,0.00054281
-0.26526,0.17407,0.0017961
-0.25704,0.18411,0.0082764
-0.2453,0.17071,0.0061009
-0.23242,0.16794,0.0058569
-0.2203,0.17712,0.0090994
-0.20879,0.16507,0.01213
-0.197,0.15295,0.013294
-0.18389,0.15095,0.014795
-0.16706,0.14684,0.018897
-0.15234,0.1432,0.017097
-0.14247,0.14119,0.012445
-0.11788,0.13715,0.019554
-0.092414,0.13241,0.019292
-0.0783,0.13885,0.022517
-0.063021,0.13411,0.023953
-0.045548,0.13972,0.029412
-0.028936,0.12412,0.028996
-0.0026884,0.10955,0.030046
0.01699,0.10237,0.035773
0.034778,0.097612,0.039245
0.048854,0.096092,0.040085
0.067019,0.091044,0.042008
0.085127,0.097018,0.047792
0.1049,0.080062,0.044837
0.13497,0.063238,0.045494
0.16232,0.058609,0.051131
0.17047,0.041462,0.049999
0.19115,0.045336,0.050977
0.20993,0.038475,0.053247
0.23908,0.031405,0.0571
0.25704,0.012721,0.05515
0.26714,0.018879,0.054447
0.29647,0.0099776,0.059467
0.32096,-0.0016761,0.060519
0.32533,-0.0095257,0.062711
0.34172,-0.018035,0.063241
0.36839,-0.026425,0.067311
0.38357,-0.034718,0.065741
0.39775,-0.042545,0.065813
0.42336,-0.05037,0.069753
0.43579,-0.067997,0.073349
0.44921,-0.063677,0.071786
0.46161,-0.069726,0.072114
0.48575,-0.064807,0.07657
0.48411,-0.079976,0.074992
0.48242,-0.094676,0.071949
0.49312,-0.099104,0.075181
0.51232,-0.10284,0.078277
0.53022,-0.10621,0.077703
0.53656,-0.10935,0.079112
0.55407,-0.11261,0.082622
0.56608,-0.11332,0.081443
0.5602,-0.11519,0.079216
0.55796,-0.12961,0.083314
0.57415,-0.13207,0.083115
0.58129,-0.12446,0.083295
0.58543,-0.12639,0.084543
0.59987,-0.12763,0.091016
0.60159,-0.13922,0.091506
0.60564,-0.15192,0.088715
0.62179,-0.15421,0.093488
0.62684,-0.15682,0.096276
0.61,-0.14877,0.097264
0.61457,-0.15176,0.098248
0.63084,-0.14446,0.10513
0.6455,-0.15835,0.10435
0.64956,-0.17211,0.10565
0.65296,-0.17468,0.11068
0.6685,-0.17791,0.11249
0.66418,-0.17129,0.11128
0.67005,-0.17507,0.11367
0.68741,-0.18991,0.11995
0.69557,-0.20571,0.11727
0.69276,-0.20007,0.11639
0.69874,-0.20454,0.12044
0.72793,-0.22071,0.12265
0.73711,-0.21586,0.12319
0.7464,-0.22182,0.12517
0.75625,-0.22764,0.12678
0.76365,-0.23216,0.12566
0.77543,-0.24948,0.12489
0.79132,-0.25742,0.13188
0.81545,-0.25335,0.13622
0.81735,-0.26009,0.13846
0.83084,-0.26672,0.1389
0.8557,-0.27321,0.14496
0.86811,-0.28977,0.14145
0.88221,-0.30688,0.14197
0.88716,-0.30315,0.14303
0.90191,-0.299,0.14586
0.91585,-0.30534,0.14495
0.92957,-0.31125,0.14605
0.95391,-0.32773,0.14912
0.96679,-0.34402,0.14666
0.97915,-0.36043,0.14225
0.97901,-0.35467,0.14498
0.98992,-0.36071,0.14586
1.0215,-0.35539,0.15011
1.0311,-0.36099,0.15079
1.0521,-0.35601,0.15367
1.0506,-0.3606,0.15245
1.059,-0.38539,0.15444
1.0756,-0.40338,0.15719
1.0951,-0.39638,0.15972
1.0966,-0.39773,0.16041
1.1049,-0.40197,0.16135
1.1187,-0.40619,0.16805
1.1154,-0.41017,0.16563
1.1256,-0.42497,0.16527
1.1324,-0.42889,0.16697
1.1438,-0.44434,0.16887
1.1508,-0.4383,0.16722
1.1565,-0.44315,0.16902
1.1652,-0.44818,0.17257
1.1578,-0.46404,0.17017
1.1675,-0.47007,0.16963
1.1831,-0.46598,0.17474
1.1975,-0.47254,0.17588
1.1895,-0.47885,0.17482
1.1928,-0.48525,0.17545
1.1957,-0.49158,0.17774
1.1866,-0.49733,0.17591
1.1996,-0.50318,0.17579
1.213,-0.50916,0.1794
1.2147,-0.52001,0.18099
1.2052,-0.52494,0.18247
1.2068,-0.52989,0.18228
1.2192,-0.53463,0.18401
1.2097,-0.53951,0.17852
1.2219,-0.54796,0.18024
1.2226,-0.5407,0.18393
1.2235,-0.54605,0.18596
1.2245,-0.54861,0.18443
1.2259,-0.55064,0.18499
1.2272,-0.55226,0.18698
1.2165,-0.56361,0.18197
1.2285,-0.5651,0.18294
1.2298,-0.5549,0.18382
1.2422,-0.556,0.18455
1.2331,-0.55581,0.18546
1.2344,-0.55456,0.18613
1.2466,-0.55277,0.18538
1.2369,-0.53901,0.18208
1.2388,-0.54381,0.1832
1.2509,-0.55014,0.18668
1.2533,-0.54035,0.18707
1.2344,-0.52511,0.18711
1.2365,-0.51971,0.18692
1.2598,-0.51358,0.18761
1.2617,-0.50704,0.18746
1.2633,-0.50508,0.18856
1.2655,-0.48575,0.19013
1.2798,-0.47699,0.19192
1.2716,-0.47848,0.18809
1.2754,-0.46914,0.18819
1.2796,-0.45978,0.18834
1.2727,-0.45037,0.18283
1.2885,-0.45231,0.18271
1.293,-0.43277,0.18253
1.2972,-0.4241,0.18384
1.3015,-0.42692,0.18117
1.3062,-0.41977,0.18023
1.3223,-0.41363,0.18098
1.3162,-0.39709,0.17781
1.3324,-0.39228,0.17823
1.338,-0.37693,0.18244
1.3548,-0.3726,0.18121
1.3615,-0.36845,0.18022
1.358,-0.36464,0.17954
1.3617,-0.37119,0.1806
1.3578,-0.37835,0.17804
1.3796,-0.37732,0.17821
1.3871,-0.35507,0.17683
1.395,-0.35457,0.17527
1.3908,-0.36547,0.1737
1.3972,-0.36617,0.174
1.4031,-0.36767,0.17426
1.4027,-0.36992,0.1688
1.4067,-0.38401,0.17048
1.4072,-0.37696,0.17204
1.4098,-0.38166,0.17159
1.4059,-0.3755,0.17095
1.4055,-0.38065,0.17026
1.4151,-0.39707,0.16948
1.409,-0.40268,0.16672
1.4146,-0.4083,0.16924
1.4043,-0.41491,0.17002
1.4002,-0.42224,0.16909
1.383,-0.4295,0.16809
1.3758,-0.43718,0.1673
1.3776,-0.45589,0.16841
1.3687,-0.46425,0.16598
1.3606,-0.46256,0.16566
1.3396,-0.47191,0.16541
1.3266,-0.48058,0.16508
1.3155,-0.48411,0.16312
1.3036,-0.49273,0.16311
1.2923,-0.51218,0.16138
1.268,-0.52,0.15955
1.2662,-0.528,0.16133
1.2402,-0.53124,0.15925
1.2245,-0.53803,0.15881
1.209,-0.54236,0.1564
1.1931,-0.54816,0.15565
1.1662,-0.55335,0.15472
1.15,-0.55753,0.15232
1.1499,-0.55962,0.15235
1.122,-0.56177,0.1506
1.0979,-0.5647,0.14916
1.0694,-0.56439,0.1473
1.0517,-0.56434,0.14532
1.0435,-0.56297,0.14131
1.0146,-0.561,0.14053
0.99811,-0.55862,0.14212
0.97952,-0.54625,0.13896
0.96121,-0.54092,0.13493
0.94361,-0.54011,0.13235
0.92639,-0.53282,0.13025
0.91054,-0.53595,0.12824
0.87255,-0.52731,0.12526
0.86393,-0.5174,0.12297
0.84832,-0.50284,0.11956
0.82518,-0.4834,0.11776
0.79854,-0.47336,0.11379
0.7831,-0.46268,0.11161
0.77461,-0.46118,0.10722
0.7594,-0.44968,0.10489
0.75119,-0.44026,0.10474
0.72536,-0.41763,0.10222
0.70919,-0.40509,0.10139
0.69641,-0.39334,0.097101
0.68418,-0.38154,0.09472
0.67072,-0.35824,0.092245
0.64845,-0.34635,0.088108
0.64023,-0.3349,0.086065
0.61859,-0.32258,0.081945
0.59735,-0.3103,0.07783
0.57546,-0.29797,0.075494
0.56367,-0.28573,0.073073
0.55004,-0.2734,0.070507
0.54098,-0.2512,0.066371
0.52845,-0.25055,0.063807
0.49968,-0.23808,0.060846
0.48706,-0.21649,0.054495
0.47074,-0.20559,0.053443
0.45466,-0.1951,0.050479
0.4361,-0.18436,0.047305
0.41938,-0.17462,0.044211
0.41301,-0.17629,0.042908
0.39647,-0.15657,0.037923
0.37991,-0.13731,0.032916
0.36376,-0.12945,0.029734
0.34886,-0.12189,0.026549
0.33423,-0.12547,0.02517
0.30953,-0.10733,0.022018
0.28562,-0.089668,0.018997
0.26357,-0.083667,0.012446
0.24962,-0.087822,0.009423
0.23533,-0.081243,0.0064044
0.22212,-0.075546,0.003516
0.21222,-0.07155,-0.00093999
0.18882,-0.056097,-0.0055443
0.17392,-0.051166,-0.008509
0.15915,-0.057911,-0.01151
0.13227,-0.053935,-0.016414
0.12083,-0.052149,-0.019177
0.10663,-0.050539,-0.022181
0.10373,-0.049938,-0.025179
0.088272,-0.038391,-0.026414
0.086405,-0.04985,-0.031108
0.061051,-0.050228,-0.0359
0.027407,-0.041058,-0.038733
0.01571,-0.0433,-0.041572
0.0033184,-0.045664,-0.044435
-0.0089301,-0.048359,-0.04725
-0.010151,-0.051196,-0.050025
-0.010955,-0.065226,-0.050867
-0.038395,-0.070427,-0.054847
-0.060286,-0.074543,-0.059147
-0.062653,-0.078568,-0.061749
-0.07168,-0.084304,-0.063965
-0.078878,-0.091108,-0.06788
-0.096589,-0.098313,-0.067953
-0.0937,-0.10545,-0.069851
-0.10265,-0.11268,-0.075498
-0.11933,-0.12104,-0.079156
-0.12471,-0.1295,-0.079117
-0.12988,-0.13812,-0.080937
-0.13701,-0.1459,-0.082811
-0.14201,-0.14322,-0.084626
-0.13235,-0.1633,-0.088115
-0.14331,-0.1721,-0.089553
-0.15872,-0.17894,-0.09129
-0.15307,-0.19662,-0.093241
-0.15448,-0.20458,-0.094916
-0.16466,-0.20243,-0.096522
-0.17234,-0.20044,-0.095952
-0.15258,-0.2178,-0.097413
-0.15968,-0.22196,-0.10104
-0.18029,-0.22838,-0.10225
-0.17784,-0.23426,-0.10512
-0.17851,-0.23868,-0.10634
-0.16864,-0.24237,-0.10755
-0.16774,-0.25733,-0.10856
-0.16943,-0.27121,-0.11157
-0.17254,-0.27386,-0.11291
-0.17294,-0.26645,-0.11686
-0.16237,-0.26991,-0.11626
-0.16183,-0.27319,-0.11754
-0.16378,-0.29084,-0.11934
-0.16096,-0.29415,-0.12063
-0.15527,-0.29402,-0.12233
-0.15348,-0.28595,-0.12388
-0.1498,-0.28902,-0.12539
-0.14825,-0.30214,-0.12327
-0.144,-0.30486,-0.12459
-0.13842,-0.30808,-0.12605
-0.13129,-0.31145,-0.12691
-0.12683,-0.31373,-0.12793
-0.13183,-0.30534,-0.13047
-0.13792,-0.31817,-0.1317
-0.1327,-0.33129,-0.13033
-0.12852,-0.3337,-0.13069
-0.11275,-0.33728,-0.13092
-0.10929,-0.32945,-0.13283
-0.10811,-0.33162,-0.13563
-0.094477,-0.34573,-0.13565
-0.0918,-0.34912,-0.13574
-0.090471,-0.34051,-0.13576
-0.087538,-0.34375,-0.13596
-0.092463,-0.34846,-0.13811
-0.093129,-0.34998,-0.13679
-0.083916,-0.36099,-0.13888
-0.080669,-0.3637,-0.13925
-0.086643,-0.36809,-0.14182
-0.071883,-0.37129,-0.14056
-0.070342,-0.3739,-0.1414
-0.067806,-0.37727,-0.14241
-0.077964,-0.37999,-0.14351
-0.080671,-0.38075,-0.14453
-0.092578,-0.37226,-0.14395
-0.090846,-0.37638,-0.14531
-0.071587,-0.38908,-0.14657
-0.073502,-0.3911,-0.14777
-0.076986,-0.39214,-0.14888
-0.079184,-0.39402,-0.15003
-0.080402,-0.40749,-0.15303
-0.093401,-0.3984,-0.15599
-0.10728,-0.38913,-0.16094
-0.098941,-0.39075,-0.16044
-0.10287,-0.39144,-0.162
-0.11584,-0.4044,-0.16204
-0.12203,-0.40368,-0.16202
-0.11839,-0.41319,-0.16552
-0.13538,-0.41335,-0.16725
-0.14301,-0.41338,-0.17085
-0.14023,-0.41394,-0.17081
-0.14807,-0.41514,-0.17259
-0.15612,-0.4056,-0.17248
-0.1616,-0.40829,-0.17408
-0.16692,-0.42288,-0.17768
-0.18822,-0.41241,-0.1773
-0.2096,-0.41214,-0.18022
-0.20498,-0.41434,-0.1813
-0.21341,-0.41557,-0.18235
-0.21954,-0.4121,-0.17986
-0.21848,-0.42339,-0.18065
-0.22849,-0.42902,-0.18455
-0.25667,-0.41964,-0.1848
-0.26462,-0.43145,-0.18495
-0.252,-0.43156,-0.18504
-0.25897,-0.43274,-0.18496
-0.27447,-0.42464,-0.18494
-0.29121,-0.42615,-0.18461
-0.28736,-0.4373,-0.18776
-0.29214,-0.42767,-0.18539
-0.30867,-0.41711,-0.18485
-0.31367,-0.42853,-0.18147
-0.31859,-0.42862,-0.18073
-0.31312,-0.4388,-0.17975
-0.31439,-0.42357,-0.17825
-0.31689,-0.42349,-0.17907
-0.32322,-0.42549,-0.17754
-0.32529,-0.42379,-0.17623
-0.32703,-0.42163,-0.17489
-0.32765,-0.4194,-0.17352
-0.34083,-0.41486,-0.17
-0.34127,-0.41164,-0.16825
-0.33879,-0.4214,-0.1688
-0.337,-0.41891,-0.16703
-0.33608,-0.40512,-0.16917
-0.32312,-0.39151,-0.16709
-0.32101,-0.38809,-0.1658
-0.31775,-0.38375,-0.16266
-0.32692,-0.3784,-0.16168
-0.32387,-0.3737,-0.1629
-0.31903,-0.36879,-0.15938
-0.31587,-0.37342,-0.16053
-0.31231,-0.36719,-0.16002
-0.30609,-0.36257,-0.15973
-0.30204,-0.34603,-0.15776
-0.29015,-0.33852,-0.1558
-0.29664,-0.3549,-0.15579
-0.2993,-0.3405,-0.154
-0.29385,-0.32582,-0.156
-0.28265,-0.3188,-0.15385
-0.27915,-0.31393,-0.15361
-0.27685,-0.29693,-0.15125
-0.27468,-0.2914,-0.15081
-0.272,-0.30814,-0.15209
-0.26582,-0.30534,-0.15161
-0.27534,-0.28903,-0.15447
-0.27639,-0.28342,-0.15369
-0.27547,-0.27986,-0.15316
-0.27321,-0.27913,-0.15137
-0.27253,-0.27713,-0.15112
-0.26517,-0.29431,-0.1523
-0.26821,-0.28092,-0.15023
-0.28007,-0.27092,-0.15232
-0.27191,-0.28185,-0.1485
-0.27487,-0.28279,-0.14839
-0.27873,-0.27269,-0.14622
-0.27326,-0.26204,-0.14775
-0.27695,-0.27428,-0.14739
-0.28925,-0.26629,-0.14539
-0.29418,-0.26564,-0.14646
-0.29709,-0.2672,-0.14414
-0.30066,-0.26804,-0.14353
-0.31367,-0.27072,-0.13949
-0.3177,-0.28223,-0.14046
-0.32202,-0.2833,-0.14319
-0.32971,-0.2709,-0.13994
-0.33562,-0.27094,-0.14051
-0.32829,-0.2726,-0.13753
-0.33415,-0.2722,-0.13616
-0.33952,-0.2719,-0.13484
-0.34733,-0.27558,-0.13691
-0.34206,-0.28504,-0.13928
-0.34439,-0.27972,-0.13483
-0.35875,-0.27992,-0.13412
-0.36178,-0.26847,-0.13346
-0.36452,-0.26772,-0.13298
-0.36722,-0.25507,-0.12886
-0.35951,-0.26331,-0.12848
-0.36021,-0.26169,-0.13016
-0.36995,-0.24967,-0.12639
-0.37993,-0.25883,-0.12445
-0.36768,-0.26715,-0.12412
-0.36625,-0.26458,-0.12362
-0.35312,-0.25142,-0.11928
-0.36098,-0.23879,-0.11852
-0.37013,-0.24577,-0.12085
-0.36821,-0.24172,-0.11747
-0.36537,-0.23854,-0.11586
-0.36232,-0.22483,-0.11791
-0.3599,-0.22126,-0.11602
-0.34719,-0.21643,-0.11398
-0.33138,-0.21399,-0.11431
-0.3275,-0.2209,-0.11278
-0.32523,-0.20288,-0.1091
-0.32037,-0.19735,-0.10759
-0.33783,-0.20145,-0.10578
-0.33223,-0.19607,-0.10427
-0.31543,-0.18085,-0.099354
-0.31097,-0.17604,-0.10003
-0.30581,-0.17121,-0.10253
-0.30073,-0.16537,-0.099253
-0.296,-0.15994,-0.098198
-0.29112,-0.14344,-0.091716
-0.28665,-0.13729,-0.090768
-0.29354,-0.14163,-0.089709
-0.29006,-0.14593,-0.090452
-0.28715,-0.12886,-0.089367
-0.27379,-0.10066,-0.088311
-0.27167,-0.094001,-0.08731
-0.27143,-0.10735,-0.082309
-0.2701,-0.10019,-0.081193
-0.27073,-0.079905,-0.077613
-0.26924,-0.08559,-0.078267
-0.26796,-0.092467,-0.078985
-0.26826,-0.064506,-0.075506
-0.26911,-0.058674,-0.073772
-0.2579,-0.054589,-0.068414
-0.2587,-0.049521,-0.066293
-0.25928,-0.044752,-0.06583
-0.262,-0.037583,-0.064774
-0.27303,-0.03388,-0.068049
-0.28267,-0.0096517,-0.064266
-0.28418,-0.0044874,-0.06212
-0.27734,-0.0071933,-0.057729
-0.27979,-0.0015265,-0.055918
-0.28193,-0.0079953,-0.054537
-0.2843,-0.014727,-0.055135
-0.30031,0.0035333,-0.051421
-0.30338,0.017334,-0.050683
-0.30791,0.020845,-0.049988
-0.29899,0.030869,-0.042972
-0.30442,0.034297,-0.042462
-0.31973,0.035839,-0.040436
-0.31582,0.041819,-0.043084
-0.32215,0.047649,-0.042028
-0.32765,0.052217,-0.03748
-0.33269,0.056535,-0.036546
-0.33818,0.051135,-0.033286
-0.34288,0.05551,-0.031859
-0.34625,0.057376,-0.034335
-0.3508,0.061365,-0.032417
-0.35537,0.076738,-0.035848
-0.36975,0.090252,-0.030404
-0.37374,0.093898,-0.028601
-0.36653,0.097803,-0.023241
-0.36999,0.1024,-0.021516
-0.37364,0.10859,-0.021306
-0.3757,0.10205,-0.023451
-0.38872,0.10697,-0.020135
-0.39044,0.1117,-0.016964
-0.39216,0.11623,-0.015724
-0.38284,0.14322,-0.010847
-0.38376,0.14823,-0.0097652
-0.38496,0.14447,-0.0064181
-0.39627,0.13935,-0.0089312
-0.39562,0.15449,-0.0098984
-0.38339,0.16983,-0.005227
-0.38264,0.17587,-0.0039998
-0.38125,0.1822,-0.00090093
-0.37981,0.17835,0.0043605
-0.37765,0.18521,0.00057154
-0.38548,0.19064,0.0022216
-0.39413,0.19706,0.0004501
-0.39234,0.2147,0.0022976
-0.3906,0.22073,0.0037945
-0.37879,0.22754,0.0070989
-0.35449,0.23239,0.011693
-0.36276,0.23746,0.016302
-0.37185,0.23335,0.014024
-0.38056,0.23889,0.017128
-0.37886,0.24402,0.022255
-0.37757,0.24807,0.023799
-0.37773,0.26417,0.029636
-0.37784,0.26705,0.027889
-0.37785,0.2677,0.029624
-0.36811,0.28145,0.031971
-0.3588,0.2848,0.030852
-0.3602,0.27655,0.033379
-0.36136,0.2792,0.035881
-0.36227,0.28176,0.036508
-0.36271,0.29501,0.036891
-0.36272,0.29724,0.03697
-0.36083,0.28595,0.0362
-0.37105,0.28751,0.035373
-0.37141,0.30193,0.038158
-0.37059,0.30335,0.038188
-0.36973,0.3155,0.039466
-0.36945,0.30641,0.03863
-0.3692,0.30833,0.041114
-0.36897,0.30998,0.041398
-0.36869,0.31123,0.043325
-0.35782,0.31356,0.047481
-0.35727,0.31521,0.046229
-0.36721,0.32736,0.050795
-0.36572,0.3284,0.050188
-0.35422,0.33172,0.048754
-0.3539,0.34697,0.049814
-0.3636,0.33967,0.047371
-0.34934,0.32995,0.046505
-0.34743,0.3341,0.048442
-0.33459,0.35005,0.050835
-0.34429,0.34493,0.048028
-0.34232,0.35015,0.047004
-0.32918,0.3556,0.047588
-0.33589,0.34718,0.04908
-0.33069,0.34816,0.050073
-0.32646,0.3503,0.051116
-0.33243,0.37171,0.053109
-0.32763,0.38274,0.053186
-0.32406,0.38478,0.056977
-0.32211,0.3895,0.061055
-0.31985,0.39342,0.063049
-0.3173,0.3848,0.068551
-0.31597,0.3885,0.06912
-0.31471,0.40191,0.073456
-0.31517,0.40695,0.07133
-0.3049,0.40114,0.073221
-0.30507,0.40464,0.076897
-0.30572,0.40866,0.07743
-0.29541,0.41312,0.078413
-0.29567,0.41731,0.081434
-0.29577,0.43301,0.082929
-0.29535,0.42619,0.080647
-0.29395,0.42917,0.081611
-0.2915,0.44198,0.082046
-0.30073,0.44606,0.086251
-0.29918,0.43979,0.090212
-0.29699,0.44279,0.091729
-0.2946,0.44463,0.094605
-0.2927,0.44693,0.09368
-0.30214,0.44913,0.09625
-0.3005,0.44995,0.10216
-0.29961,0.46137,0.10622
-0.28799,0.46141,0.11042
-0.28784,0.46196,0.11138
-0.28491,0.46581,0.11477
-0.29589,0.46574,0.11438
-0.29972,0.47448,0.11615
-0.29045,0.47667,0.1149
-0.29177,0.47819,0.11718
-0.27088,0.46922,0.11211
-0.27145,0.47146,0.11431
-0.28229,0.47392,0.12
-0.28064,0.46309,0.11756
-0.2791,0.46367,0.11687
-0.27834,0.46645,0.11829
-0.28751,0.47783,0.11704
-0.29664,0.47721,0.12085
-0.29557,0.47685,0.1207
-0.28401,0.48712,0.12571
-0.28402,0.48663,0.12688
-0.29563,0.47616,0.1264
-0.29652,0.47654,0.12775
-0.2981,0.47677,0.12734
-0.27815,0.47724,0.13088
-0.28012,0.47731,0.13089
-0.28167,0.49923,0.13302
-0.28311,0.48881,0.13188
-0.28454,0.47969,0.13305
-0.28491,0.48023,0.13036
-0.29561,0.49091,0.12945
-0.29584,0.49236,0.12701
-0.29601,0.49387,0.12803
-0.28549,0.49632,0.13086
-0.27454,0.48796,0.12598
-0.28434,0.48945,0.12421
-0.2936,0.49042,0.12572
-0.29232,0.49221,0.12522
-0.27995,0.49417,0.12818
-0.2782,0.49605,0.12722
-0.27636,0.52062,0.13
-0.28472,0.51033,0.12855
-0.28245,0.51184,0.12908
-0.27969,0.51236,0.13125
-0.27795,0.51472,0.13047
-0.26558,0.52903,0.13016
-0.26347,0.53236,0.12994
-0.26108,0.5363,0.13001
-0.24792,0.52033,0.12902
-0.24434,0.52408,0.12958
-0.23999,0.52718,0.12649
-0.23502,0.52994,0.1272
-0.2291,0.5424,0.12395
-0.22294,0.5444,0.12452
-0.21627,0.54637,0.12865
-0.20967,0.53841,0.12554
-0.20214,0.53958,0.12564
-0.20529,0.5508,0.12542
-0.19791,0.55163,0.12522
-0.20237,0.55374,0.12708
-0.19594,0.5545,0.1267
-0.19023,0.56553,0.12793
-0.18538,0.55451,0.12923
-0.18189,0.54424,0.12898
-0.17961,0.54503,0.13086
-0.17814,0.54474,0.13094
-0.15507,0.55454,0.13107
-0.15466,0.55334,0.13148
-0.16534,0.55189,0.13204
-0.16558,0.55134,0.13113
-0.16615,0.5503,0.13205
-0.15565,0.54846,0.13098
-0.15645,0.54707,0.13189
-0.15733,0.5346,0.12904
-0.15815,0.5325,0.12968
-0.15893,0.52977,0.13196
-0.16274,0.52333,0.13012
-0.16377,0.53075,0.12834
-0.16181,0.51854,0.12832
-0.16284,0.51401,0.12785
-0.16934,0.509,0.12706
-0.18162,0.51488,0.13168
-0.18381,0.51022,0.13266
-0.17511,0.50551,0.12794
-0.17215,0.50145,0.12695
-0.17497,0.49831,0.12791
-0.17742,0.49489,0.12689
-0.1682,0.48034,0.12959
-0.16957,0.47701,0.12881
-0.17012,0.48457,0.12821
-0.18152,0.47049,0.12226
-0.18709,0.46714,0.12177
-0.1755,0.47468,0.12112
-0.17471,0.47213,0.12056
-0.17355,0.4705,0.1219
-0.18307,0.46886,0.11939
-0.1835,0.46768,0.11684
-0.18234,0.44509,0.11431
-0.18271,0.44409,0.11531
-0.18136,0.45263,0.11403
-0.18078,0.45138,0.11292
-0.17058,0.44018,0.1139
-0.16982,0.43839,0.1128
-0.17,0.44359,0.11175
-0.17994,0.44075,0.1087
-0.18042,0.43841,0.1076
-0.16933,0.43665,0.10853
-0.16897,0.43436,0.10752
-0.16644,0.43306,0.10664
-0.16594,0.44236,0.10583
-0.16444,0.4423,0.10598
-0.16332,0.41837,0.10137
-0.16342,0.41719,0.099709
-0.16247,0.41604,0.097175
-0.16121,0.41407,0.096207
-0.16059,0.41221,0.096339
-0.15922,0.40984,0.095165
-0.15776,0.4075,0.094057
-0.15627,0.4046,0.092741
-0.15477,0.40183,0.091547
-0.15322,0.39857,0.09016
-0.15172,0.3953,0.088791
-0.15084,0.39196,0.087537
-0.14922,0.37778,0.088338
-0.14783,0.37362,0.08715
-0.14649,0.36895,0.082288
-0.14524,0.36386,0.08113
-0.14406,0.35837,0.079955
-0.14296,0.3525,0.078765
-0.14195,0.34631,0.077572
-0.1295,0.33904,0.076185
-0.12793,0.3323,0.075
-0.12617,0.31486,0.072143
-0.12381,0.30707,0.070887
-0.12105,0.30986,0.069547
-0.11799,0.30173,0.068213
-0.11461,0.29367,0.066855
-0.12224,0.27423,0.063539
-0.11904,0.26573,0.062038
-0.10483,0.25716,0.060501
-0.10147,0.24822,0.058857
-0.097812,0.23885,0.057093
-0.094094,0.22973,0.055357
-0.090239,0.22062,0.053594
-0.086359,0.21183,0.05187
-0.082334,0.20297,0.050098
-0.078322,0.19449,0.046479
-0.074259,0.18617,0.044634
-0.070201,0.16686,0.044632
-0.066229,0.1586,0.042847
-0.06235,0.15032,0.041137
-0.052972,0.14222,0.03956
-0.049005,0.13411,0.038039
-0.044781,0.12612,0.034707
-0.040703,0.11843,0.033296
-0.0423,0.11094,0.031907
-0.038608,0.10391,0.030598
-0.035224,0.097287,0.029354
