0.010734598695172069,0.2009609548530702,0.00016592512000000002,-0.025372483161627445,-0.025824298455668245,0.028735785371836495,0.0022868169258799097
0.010688262297926722,0.20079877746271146,0.00016722141000000002,-0.025372483161627445,-0.025824298455668245,0.028817464111977057,0.00212347285974563
0.010572421304813354,0.20034313622313224,0.00016592512000000002,-0.025372483161627445,-0.025824298455668245,0.028817464111977057,0.00212347285974563
0.010348462051460844,0.19955541746996133,0.00016462883000000001,-0.025372483161627445,-0.025824298455668245,0.028817464111977057,0.00212347285974563
0.01001638453786919,0.19848195760044413,0.00016333254,-0.025372483161627445,-0.025824298455668245,0.028817464111977057,0.00212347285974563
0.009630247894157964,0.19714592481320328,0.00016333254,-0.025372483161627445,-0.025824298455668245,0.028817464111977057,0.00212347285974563
0.009066488394339574,0.1955473191082388,0.00016333254,-0.025372483161627445,-0.025824298455668245,0.028817464111977057,0.00212347285974563
0.008440947031527389,0.19377109054716718,0.00016333254,-0.025372483161627445,-0.025960934955433685,0.02892888201567348,0.00212347285974563
0.0076146146139853665,0.19168595267112656,0.00016333254,-0.025372483161627445,-0.025960934955433685,0.02892888201567348,0.00212347285974563
0.006541154744468159,0.18932279641161384,0.00016203625,-0.025372483161627445,-0.025960934955433685,0.02892888201567348,0.00212347285974563
0.0051896764914788705,0.1866275626385095,0.00016203625,-0.025372483161627445,-0.025960934955433685,0.02892888201567348,0.00212347285974563
0.003421170663281458,0.18351530129019702,0.00016203625,-0.025372483161627445,-0.025960934955433685,0.02892888201567348,0.00212347285974563
0.001289696389995493,0.1801327442912867,0.00016203625,-0.025372483161627445,-0.025960934955433685,0.02892888201567348,0.00212347285974563
-0.001451873780354208,0.17622504145692908,0.00016073996,-0.025372483161627445,-0.025960934955433685,0.02892888201567348,0.00212347285974563
-0.0047803716491449716,0.17179991551999843,0.00016073996,-0.025372483161627445,-0.025960934955433685,0.02892888201567348,0.00212347285974563
-0.008865697339609737,0.16686508921336898,0.00016073996,-0.025372483161627445,-0.025960934955433685,0.02892888201567348,0.00212347285974563
-0.013561118927138238,0.16143600800278915,0.00016073996,-0.025372483161627445,-0.025960934955433685,0.02892888201567348,0.00212347285974563
-0.01926821852119015,0.1552423762376611,0.00016073996,-0.025372483161627445,-0.025960934955433685,0.02892888201567348,0.00212347285974563
-0.025932936991645904,0.14836914397960127,0.00016073996,-0.025372483161627445,-0.025960934955433685,0.02892888201567348,0.00212347285974563
-0.03350121520838592,0.1407854202971128,0.00016073996,-0.025372483161627445,-0.025960934955433685,0.02892888201567348,0.00212347285974563
-0.042119785096020476,0.1326533825805544,0.00016203625,-0.025372483161627445,-0.025960934955433685,0.02892888201567348,0.00212347285974563
-0.05183498305179491,0.12385718983681268,0.00016203625,-0.025372483161627445,-0.025960934955433685,0.02892888201567348,0.00212347285974563
-0.06277037280169681,0.11444317846313301,0.00016203625,-0.025372483161627445,-0.025960934955433685,0.02892888201567348,0.00212347285974563
-0.0748641724827324,0.10446540758963495,0.00016203625,-0.025372483161627445,-0.025960934955433685,0.02892888201567348,0.00212347285974563
-0.08777658184843577,0.09434862752440083,0.00016203625,-0.025372483161627445,-0.025960934955433685,0.02892888201567348,0.00212347285974563
-0.10241116064509122,0.08351363330186384,0.00016333254,-0.025372483161627445,-0.025960934955433685,0.02892888201567348,0.00212347285974563
-0.1177176172018042,0.07274814367519489,0.00016333254,-0.025372483161627445,-0.025960934955433685,0.02892888201567348,0.00212347285974563
-0.13459178853198475,0.061588794671940464,0.00016333254,-0.025372483161627445,-0.025960934955433685,0.02892888201567348,0.00212347285974563
-0.15287149724527416,0.05012053635371707,0.00016333254,-0.025372483161627445,-0.025960934955433685,0.02892888201567348,0.00212347285974563
-0.17224011129382924,0.03859049617249988,0.00016333254,-0.02558217310511197,-0.026097571455199125,0.029040299919369898,0.00212347285974563
-0.1928057489378891,0.026952337731043538,0.00016592512000000002,-0.025791863048596493,-0.026234207954964565,0.02915171782306632,0.00212347285974563
-0.2145143510473342,0.01526012015946763,0.00016592512000000002,-0.025791863048596493,-0.026234207954964565,0.02915171782306632,0.00212347285974563
-0.23677126719084923,0.0038381982384895815,0.00016462883000000001,-0.025791863048596493,-0.026234207954964565,0.02915171782306632,0.00212347285974563
-0.26088936195705237,-0.007969860326199694,0.00016722141000000002,-0.025791863048596493,-0.026234207954964565,0.02915171782306632,0.00212347285974563
-0.2856870572161873,-0.019515345973165336,0.00016592512000000002,-0.025791863048596493,-0.026234207954964565,0.02915171782306632,0.00212347285974563
-0.3118439534611857,-0.0310994452845021,0.00016592512000000002,-0.025791863048596493,-0.026234207954964565,0.02915171782306632,0.00212347285974563
-0.3387113411306128,-0.04243641714386368,0.00016592512000000002,-0.025791863048596493,-0.026234207954964565,0.02915171782306632,0.00212347285974563
-0.36715416630638165,-0.05387378453059018,0.00016851770000000002,-0.025791863048596493,-0.026234207954964565,0.02915171782306632,0.00212347285974563
-0.39548115048903715,-0.06462382869151069,0.00016851770000000002,-0.025791863048596493,-0.026234207954964565,0.02915171782306632,0.00212347285974563
-0.42488159454120983,-0.0751190226675818,0.00017370286,-0.025791863048596493,-0.026234207954964565,0.02915171782306632,0.00212347285974563
-0.4543283749906279,-0.08499639801371496,0.00017888802000000001,-0.025791863048596493,-0.026234207954964565,0.02915171782306632,0.00212347285974563
-0.48512663369303527,-0.09477337783248319,0.00018536947000000003,-0.025791863048596493,-0.026234207954964565,0.02915171782306632,0.00212347285974563
-0.5158631105324488,-0.10380897529532586,0.00019055463,-0.025791863048596493,-0.026234207954964565,0.02915171782306632,0.00212347285974563
-0.5469084966868313,-0.11214952679948834,0.00019833237000000002,-0.025791863048596493,-0.026234207954964565,0.02915171782306632,0.00212347285974563
-0.5778921009782201,-0.11986453694083861,0.00020481382,-0.025791863048596493,-0.026234207954964565,0.02915171782306632,0.00212347285974563
-0.6094549102351756,-0.12700806484949628,0.00021907301,-0.025791863048596493,-0.026234207954964565,0.02915171782306632,0.00212347285974563
-0.6398902004924945,-0.13316308295025323,0.00023462849,-0.025791863048596493,-0.026234207954964565,0.02915171782306632,0.00212347285974563
-0.6710205367084934,-0.13874661881831754,0.00024759139000000004,-0.025791863048596493,-0.026234207954964565,0.02915171782306632,0.00212347285974563
-0.7012859268425793,-0.1434574858715945,0.00026573945,-0.025791863048596493,-0.026234207954964565,0.02915171782306632,0.00212347285974563
-0.7313582486548095,-0.14740380237032322,0.00028907267,-0.025791863048596493,-0.026507480954495448,0.029456232370599727,0.0019601287936113505
-0.7610830474876996,-0.1505237864515099,0.00035259088,-0.025791863048596493,-0.026780753954026328,0.029679068177992568,0.0019601287936113505
-0.7894100316703552,-0.15265526072479588,0.00038370184,-0.02600155299208102,-0.02691739045379177,0.029872164821829552,0.0017967847274770726
-0.8170651380929531,-0.1538831752517976,0.00039407216000000004,-0.02600155299208102,-0.02691739045379177,0.029872164821829552,0.0017967847274770726
-0.8434614390570525,-0.15415347090239545,0.00039796103000000005,-0.02600155299208102,-0.02691739045379177,0.029872164821829552,0.0017967847274770726
-0.8691704167953459,-0.15377505699155844,0.00040444248000000006,-0.02600155299208102,-0.02691739045379177,0.029872164821829552,0.0017967847274770726
-0.8930336613766996,-0.15306456556712977,0.00041999796000000004,-0.02600155299208102,-0.02691739045379177,0.029872164821829552,0.0017967847274770726
-0.9150511728011137,-0.15238496507419802,0.0004407386,-0.02600155299208102,-0.02691739045379177,0.030035522302110675,0.0017967847274770708
-0.9364663110613383,-0.1517439782456374,0.00048610875000000005,-0.02600155299208102,-0.02705402695355721,0.0301469402058071,0.0017967847274770708
-0.9557113613839058,-0.151180218745819,0.00054314551,-0.02600155299208102,-0.02705402695355721,0.0301469402058071,0.0017967847274770708
-0.972747710104445,-0.15063962744462328,0.00060536743,-0.02600155299208102,-0.02705402695355721,0.0301469402058071,0.0017967847274770708
-0.9882626804487621,-0.14999091788318844,0.0006987003100000001,-0.02600155299208102,-0.02719066345332265,0.03025835810950352,0.0017967847274770708
-1.00187785850602,-0.1491645854656464,0.0007557370700000001,-0.026211242935565544,-0.02732729995308809,0.030369776013199946,0.0017967847274770708
-1.0128132482559218,-0.14813746199337455,0.0007959220600000001,-0.026630622822534592,-0.02732729995308809,0.030369776013199946,0.0017967847274770708
-1.0218642911845128,-0.14671647914451724,0.00082444044,-0.027050002709503643,-0.027463936452853527,0.03056287265703693,0.0019601287936113505
-1.0284131686618554,-0.14486302325470335,0.0008477736600000001,-0.02746938259647269,-0.02760057295261897,0.031001005521295595,0.0026135050581484673
-1.032668394475553,-0.1424535305979453,0.0008685143000000001,-0.027679072539957217,-0.028147118951680733,0.031855070836784086,0.0034302253888198655
-1.0343596729750082,-0.1393876056468782,0.0008853660700000001,-0.028098452426926265,-0.028283755451446173,0.03204816748062108,0.0035935694549541434
-1.0337804680094413,-0.13558802107275972,0.0009035141300000001,-0.028517832313895316,-0.028283755451446173,0.03204816748062108,0.0035935694549541434
-1.0312319661609473,-0.13102388594409303,0.0009268473500000001,-0.028727522257379835,-0.028283755451446173,0.03204816748062108,0.0035935694549541434
-1.0268068402240167,-0.1255639138020163,0.0009540694400000001,-0.028727522257379835,-0.028420391951211613,0.0321595853843175,0.0035935694549541434
-1.0208912268423607,-0.1190073135917997,0.0010020321700000001,-0.029356592087833408,-0.028420391951211613,0.0321595853843175,0.0035935694549541434
-1.0132997804269979,-0.11122279885458139,0.0010629578,-0.03082442169222508,-0.028420391951211613,0.0321595853843175,0.0035935694549541434
-1.0042332920326584,-0.10231848785060053,0.00113425375,-0.033340701014039374,-0.028420391951211613,0.03224126412445806,0.0034302253888198637
-0.9934060205429955,-0.0920395303950077,0.0012651790400000002,-0.03585698033585366,-0.028420391951211613,0.03224126412445806,0.0034302253888198637
-0.9811809344030982,-0.0805326584124132,0.0013870303000000001,-0.03858294960115248,-0.028420391951211613,0.03224126412445806,0.0034302253888198637
-0.9675966472773373,-0.06813767214928285,0.00145314109,-0.04067984903599772,-0.028557028450977053,0.032352682028154486,0.0034302253888198637
-0.951865440412542,-0.053850616331967506,0.0014738817300000001,-0.041518608809935825,-0.028557028450977053,0.032352682028154486,0.0034302253888198637
-0.9350916646097263,-0.039022969213456445,0.0014894372100000002,-0.041518608809935825,-0.028557028450977053,0.03243436076829505,0.0035935694549541434
-0.9161400781363793,-0.022542657259861345,0.0015011038200000001,-0.041518608809935825,-0.028693664950742496,0.03254577867199147,0.0035935694549541434
-0.8950492946568722,-0.004448294135553318,0.0015231407500000001,-0.041518608809935825,-0.028830301450507936,0.03282055405596901,0.003266881322685585
-0.8732943561501818,0.013839137310610322,0.00153480736,-0.041518608809935825,-0.028966937950273376,0.033013650699805996,0.0034302253888198646
-0.8493693297058342,0.03371745172886421,0.0015555480000000001,-0.041518608809935825,-0.029103574450038815,0.033125068603502415,0.0034302253888198646
-0.8233746108511946,0.05508625359184343,0.00157239977,-0.04172829875342035,-0.02924021094980426,0.0333181652473394,0.003266881322685586
-0.7960129682778171,0.07736633793398114,0.0015866589600000002,-0.04172829875342035,-0.02924021094980426,0.033399843987479964,0.0034302253888198637
-0.7661028238559456,0.10106740512497615,0.0016035107300000002,-0.04172829875342035,-0.0293768474495697,0.033592940631316945,0.003266881322685584
-0.7346172419277323,0.12545579554177716,0.00161647363,-0.04172829875342035,-0.0293768474495697,0.033592940631316945,0.003266881322685584
-0.7017956272122781,0.15033844086252854,0.0016346216900000002,-0.04172829875342035,-0.0293768474495697,0.033592940631316945,0.003266881322685584
-0.6664795697784495,0.1764181097787847,0.00165406604,-0.04172829875342035,-0.0293768474495697,0.03367461937145751,0.0031035372565513045
-0.6291247108658254,0.20289163807162633,0.00167091781,-0.041937988696904877,-0.029513483949335135,0.033786037275153925,0.0031035372565513045
-0.5896924368100351,0.23016060785051307,0.0016916584500000001,-0.042147678640389395,-0.029513483949335135,0.03386771601529449,0.0029401931904170266
-0.5487619525766452,0.2575608640882616,0.00170851022,-0.04235736858387392,-0.029650120449100575,0.034060812659131474,0.002776849124282747
-0.5062560308369135,0.2851773568464885,0.0017240657000000001,-0.04235736858387392,-0.029650120449100575,0.034060812659131474,0.002776849124282747
-0.46105487532407746,0.31365879568662847,0.00173573231,-0.04256705852735844,-0.029786756948866018,0.03417223056282789,0.002776849124282747
-0.4140234321200502,0.34211706632814576,0.0017499915000000002,-0.042776748470842965,-0.029786756948866018,0.034253909302968455,0.0026135050581484673
-0.36498407836872454,0.37066028703127957,0.0017655469800000002,-0.04298643841432749,-0.029786756948866018,0.03433558804310902,0.0024501609920141876
-0.31431522798093753,0.3989563802824382,0.0017927690700000002,-0.04361550824478107,-0.030060029948396898,0.034721781330782985,0.0024501609920141894
-0.2616770807102233,0.42679683229401755,0.0018199911600000002,-0.04403488813175011,-0.030333302947927777,0.03502629587831639,0.002613505058148469
-0.20737854587155075,0.4538881792167971,0.0018368429300000002,-0.04508333784917274,-0.0307432124472241,0.035605585809827346,0.003103537256551308
-0.15111071414995098,0.4804080439068841,0.0018575835700000002,-0.04697054734053346,-0.0314263949460513,0.03657106902901227,0.0035935694549541434
-0.09436407299014929,0.5057077168028435,0.0018925834000000001,-0.04969651660583227,-0.03197294094511307,0.037180098124079075,0.003920257587222703
-0.03583348053640172,0.5301578890826384,0.0019211017800000003,-0.053680625532038236,-0.03251948694417483,0.037707448479005326,0.003756913521088423
0.021948006828546057,0.5526233190137575,0.00195610161,-0.05661628474082158,-0.03265612344394027,0.037818866382701745,0.003756913521088423
0.0823938370351013,0.574416871184819,0.0020053606300000004,-0.0585034942321823,-0.03292939644347115,0.038123380930235144,0.003920257587222703
0.1423531350705804,0.5943492447331925,0.00204684191,-0.05892287411915135,-0.03333930594276747,0.03853931338146497,0.003756913521088423
0.20317737918797263,0.6126830125766015,0.00208184174,-0.05892287411915135,-0.033749215442063794,0.03887356709255424,0.003756913521088423
0.2641946916272205,0.6290165926055863,0.00209091577,-0.05892287411915135,-0.034022488441594674,0.039096402899947084,0.003756913521088423
0.3246019081694046,0.6432264210941594,0.0021142489900000004,-0.05892287411915135,-0.034022488441594674,0.039096402899947084,0.003756913521088423
0.3844917016090157,0.6551889343163332,0.0021349896300000004,-0.05892287411915135,-0.034159124941360114,0.0392078208036435,0.003756913521088423
0.44202606152198826,0.6646183911557613,0.00215573027,-0.05913256406263587,-0.034159124941360114,0.0392078208036435,0.003756913521088423
0.5009118996879501,0.6720476601807652,0.0021894338100000004,-0.05913256406263587,-0.034159124941360114,0.039289499543784065,0.0035935694549541434
0.5559286486839256,0.6767894181655392,0.0022542483100000004,-0.05913256406263587,-0.034159124941360114,0.039289499543784065,0.0035935694549541434
0.6081188774479348,0.6789903970346931,0.00232684055,-0.05913256406263587,-0.034295761441125554,0.03940091744748049,0.0035935694549541434
0.6581158500756643,0.6790753470963096,0.00235665522,-0.05934225400612039,-0.034432397940890994,0.03951233535117691,0.0035935694549541434
0.7060122393616046,0.6776389187817038,0.0023825810200000003,-0.05955194394960492,-0.034432397940890994,0.03951233535117691,0.0035935694549541434
0.7503484487925276,0.6751058623989582,0.00238387731,-0.05955194394960492,-0.03456903444065643,0.0397054319950139,0.003756913521088423
0.7912171511629237,0.6722716194341178,0.00239165505,-0.059761633893089444,-0.03456903444065643,0.0397054319950139,0.003756913521088423
0.828687851068661,0.6694064855377805,0.0023981365,-0.059761633893089444,-0.03456903444065643,0.0397054319950139,0.003756913521088423
0.8623898573317768,0.6665336289085689,0.0023968402100000004,-0.05997132383657396,-0.03470567094042187,0.039816849898710316,0.003756913521088423
0.8919524787743082,0.6640623543888171,0.0023994327900000003,-0.05997132383657396,-0.03470567094042187,0.039816849898710316,0.003756913521088423
0.9178545248344572,0.6620235529100219,0.0023994327900000003,-0.05997132383657396,-0.03470567094042187,0.03989852863885088,0.003920257587222703
0.9395940178753992,0.6604326699379316,0.00240202537,-0.05997132383657396,-0.03470567094042187,0.03989852863885088,0.003920257587222703
0.9572250170272537,0.6595600011231443,0.0024033216600000003,-0.05997132383657396,-0.03484230744018732,0.040009946542547296,0.003920257587222703
0.9706934631599013,0.6592279236095526,0.0024033216600000003,-0.060181013780058495,-0.03484230744018732,0.040009946542547296,0.003920257587222703
0.9812736071975888,0.6593205964040433,0.00240461795,-0.060181013780058495,-0.03484230744018732,0.040009946542547296,0.003920257587222703
0.9850577463059589,0.6594673283286535,0.0024059142400000002,-0.060181013780058495,-0.03484230744018732,0.040009946542547296,0.003920257587222703
0.9846793323951218,0.6595291101916474,0.0024059142400000002,-0.060181013780058495,-0.03484230744018732,0.040009946542547296,0.003920257587222703
0.9810187570127394,0.6594673283286535,0.0024059142400000002,-0.060181013780058495,-0.03484230744018732,0.040009946542547296,0.003920257587222703
0.9738288927068365,0.6594441601300309,0.0024059142400000002,-0.060181013780058495,-0.03484230744018732,0.040009946542547296,0.003920257587222703
0.9645538905248928,0.6594596055957793,0.0024059142400000002,-0.060181013780058495,-0.03484230744018732,0.040009946542547296,0.003920257587222703
0.9523365271178696,0.659482773794402,0.0024059142400000002,-0.060181013780058495,-0.03484230744018732,0.040009946542547296,0.003920257587222703
0.9372617525473834,0.6594596055957793,0.0024059142400000002,-0.060181013780058495,-0.03484230744018732,0.040009946542547296,0.003920257587222703
0.9199937218406173,0.6593978237327855,0.0024059142400000002,-0.060181013780058495,-0.03484230744018732,0.040009946542547296,0.003920257587222703
0.8999377845662564,0.6594132691985339,0.0024059142400000002,-0.060181013780058495,-0.03484230744018732,0.040009946542547296,0.003920257587222703
0.8776963138884898,0.6594287146642824,0.0024059142400000002,-0.060181013780058495,-0.03484230744018732,0.040009946542547296,0.003920257587222703
0.8527287185061219,0.6594441601300309,0.0024059142400000002,-0.060181013780058495,-0.03484230744018732,0.040009946542547296,0.003920257587222703
0.82521262127526,0.6593978237327855,0.0024059142400000002,-0.060181013780058495,-0.03484230744018732,0.040009946542547296,0.003920257587222703
0.7955727725039863,0.6593901009999114,0.0024059142400000002,-0.060181013780058495,-0.03497894393995275,0.040121364446243715,0.003920257587222703
0.7630523443706269,0.6593978237327855,0.0024059142400000002,-0.060181013780058495,-0.03497894393995275,0.040121364446243715,0.003920257587222703
0.7290491515254164,0.6594055464656597,0.0024059142400000002,-0.060181013780058495,-0.03497894393995275,0.040121364446243715,0.003920257587222703
0.6924279522358437,0.6594055464656597,0.0024059142400000002,-0.060181013780058495,-0.03497894393995275,0.040121364446243715,0.003920257587222703
0.6534435966867584,0.659382378267037,0.0024059142400000002,-0.060390703723543014,-0.03497894393995275,0.040121364446243715,0.003920257587222703
0.6127370717067211,0.6593901009999114,0.0024059142400000002,-0.060390703723543014,-0.03497894393995275,0.040121364446243715,0.003920257587222703
0.5699685770492657,0.6593978237327855,0.0024059142400000002,-0.060390703723543014,-0.03511558043971819,0.040232782349940134,0.003920257587222703
0.5257250404128335,0.6593901009999114,0.0024072105300000004,-0.060390703723543014,-0.03511558043971819,0.040232782349940134,0.003920257587222703
0.47948131596197713,0.6593592100684144,0.0024072105300000004,-0.060390703723543014,-0.03511558043971819,0.040232782349940134,0.003920257587222703
0.4317393813335212,0.6592510918081753,0.0024072105300000004,-0.060390703723543014,-0.03525221693948363,0.04034420025363656,0.003920257587222703
0.3831479460889006,0.6591970326780557,0.0024072105300000004,-0.060390703723543014,-0.03525221693948363,0.04034420025363656,0.003920257587222703
0.33076464900303576,0.6591815872123072,0.0024072105300000004,-0.060390703723543014,-0.03538885343924907,0.04045561815733298,0.003920257587222703
0.278350460985674,0.6590889144178166,0.0024072105300000004,-0.060390703723543014,-0.03538885343924907,0.04045561815733298,0.003920257587222703
0.23875600953952494,0.6589499052260805,0.0024059142400000002,-0.060390703723543014,-0.03538885343924907,0.04045561815733298,0.003920257587222703
0.1712824924174254,0.6587105005069795,0.0024059142400000002,-0.060390703723543014,-0.03552548993901452,0.040567036061029405,0.003920257587222703
0.11436595113439077,0.6583552547947652,0.00240461795,-0.060390703723543014,-0.03552548993901452,0.040567036061029405,0.003920257587222703
0.0586696016454836,0.6578146634935695,0.00240461795,-0.060390703723543014,-0.03552548993901452,0.04064871480116996,0.0037569135210884248
0.0004479185067050216,0.6570655584047698,0.00240461795,-0.060390703723543014,-0.03566212643877995,0.040760132704866385,0.0037569135210884248
-0.05774287370057666,0.6559612076037556,0.0024033216600000003,-0.060390703723543014,-0.0357987629385454,0.04095322934870337,0.003593569454954145
-0.11644336627755715,0.6545170565562757,0.00240202537,-0.060390703723543014,-0.0357987629385454,0.04095322934870337,0.003593569454954145
-0.175947023073457,0.6527253825294556,0.0024033216600000003,-0.060390703723543014,-0.03593539943831084,0.04114632599254035,0.0034302253888198655
-0.2355896890610929,0.6505630173246727,0.0024007290800000004,-0.06060039366702753,-0.03607203593807628,0.041584458856799025,0.0027768491242827487
-0.29435968623394143,0.6480299609419271,0.00240202537,-0.061019773553996584,-0.03634530893760716,0.04213400962475412,0.002123472859745632
-0.35360849284499185,0.6450798769839733,0.0024007290800000004,-0.061439153440965635,-0.03634530893760716,0.04213400962475412,0.002123472859745632
-0.41253294467532486,0.6417436563823083,0.00240202537,-0.06185853332793468,-0.0364819454373726,0.042245427528450535,0.002123472859745632
-0.47029126384165,0.6379131808766929,0.00240202537,-0.06227791321490373,-0.036618581937138045,0.04243852417228752,0.001960128793611352
-0.5284511651174347,0.6336425095972468,0.00240202537,-0.06227791321490373,-0.036618581937138045,0.04243852417228752,0.001960128793611352
-0.5846572149760407,0.6288389697494792,0.0024007290800000004,-0.062487603158388264,-0.036618581937138045,0.04243852417228752,0.001960128793611352
-0.6406624737799169,0.6234793931347673,0.00240461795,-0.062487603158388264,-0.036618581937138045,0.04243852417228752,0.001960128793611352
-0.6949069494884699,0.6177336798763443,0.00240461795,-0.062487603158388264,-0.03675521843690348,0.0426316208161245,0.0017967847274770726
-0.7475837104235552,0.6116481663714554,0.00240461795,-0.062487603158388264,-0.03675521843690348,0.0426316208161245,0.0017967847274770726
-0.7994727526054697,0.6050683979626161,0.00240461795,-0.062487603158388264,-0.036891854936668925,0.04274303871982093,0.0017967847274770726
-0.8491376477196075,0.5982801157661728,0.00240461795,-0.062487603158388264,-0.036891854936668925,0.04274303871982093,0.0017967847274770726
-0.8971189870671644,0.5912601515835026,0.0024033216600000003,-0.062487603158388264,-0.036891854936668925,0.04274303871982093,0.0017967847274770726
-0.9434167706481403,0.5838926644214925,0.0024162845600000002,-0.062487603158388264,-0.037301764435965244,0.043158971171050754,0.001633440661342793
-0.987845652873554,0.5762548816088845,0.0024201734300000003,-0.062487603158388264,-0.037301764435965244,0.043158971171050754,0.001633440661342793
-1.030089001695562,0.5685089805360373,0.00241887714,-0.062487603158388264,-0.037301764435965244,0.043158971171050754,0.001633440661342793
-1.0700850352511708,0.5605854566070829,0.00241887714,-0.062487603158388264,-0.037301764435965244,0.043158971171050754,0.001633440661342793
-1.1081581083210976,0.5526619326781286,0.00241887714,-0.062487603158388264,-0.037301764435965244,0.043158971171050754,0.001633440661342793
-1.1434046611590583,0.5448310815436649,0.00241887714,-0.062487603158388264,-0.037301764435965244,0.043158971171050754,0.001633440661342793
-1.1768286490387019,0.5370620122721951,0.0024175808500000004,-0.062487603158388264,-0.037301764435965244,0.043158971171050754,0.001633440661342793
-1.2080516580491916,0.5294396749253355,0.0024175808500000004,-0.062487603158388264,-0.037301764435965244,0.043158971171050754,0.001633440661342793
-1.236131514779872,0.5221494150920676,0.0024175808500000004,-0.062487603158388264,-0.037301764435965244,0.043158971171050754,0.001633440661342793
-1.255917156403635,0.5167203338814877,0.00241887714,-0.062487603158388264,-0.037301764435965244,0.043158971171050754,0.001633440661342793
-1.2851013639353295,0.5082716641170861,0.0024201734300000003,-0.062487603158388264,-0.037301764435965244,0.043158971171050754,0.001633440661342793
-1.3063852157366922,0.5016455593110015,0.0024201734300000003,-0.062487603158388264,-0.037301764435965244,0.043158971171050754,0.001633440661342793
-1.3238540374981882,0.4956295504019806,0.0024201734300000003,-0.062487603158388264,-0.037301764435965244,0.043158971171050754,0.001633440661342793
-1.337816738534786,0.4900691827325389,0.0024201734300000003,-0.062487603158388264,-0.037301764435965244,0.043158971171050754,0.001633440661342793
-1.3496402425652239,0.48478683344656937,0.0024201734300000003,-0.06269729310187278,-0.037301764435965244,0.043158971171050754,0.001633440661342793
-1.3582201987884872,0.4797825025440719,0.00241887714,-0.06269729310187278,-0.03743840093573068,0.04327038907474717,0.001633440661342793
-1.3638577937866712,0.4750330218264238,0.00241887714,-0.06269729310187278,-0.03743840093573068,0.04327038907474717,0.001633440661342793
-1.3665530275597755,0.4707623505469777,0.0024201734300000003,-0.06269729310187278,-0.03743840093573068,0.04327038907474717,0.001633440661342793
-1.3666534230871403,0.4668546477126201,0.0024201734300000003,-0.06269729310187278,-0.03743840093573068,0.04327038907474717,0.001633440661342793
-1.3646764034713388,0.4631940723302376,0.00242146972,-0.06269729310187278,-0.03743840093573068,0.04327038907474717,0.001633440661342793
-1.360961768958837,0.45992735632444065,0.00242146972,-0.06269729310187278,-0.03743840093573068,0.04327038907474717,0.001633440661342793
-1.3557566470016096,0.4567919267775055,0.00242146972,-0.06269729310187278,-0.03743840093573068,0.04327038907474717,0.001633440661342793
-1.349786974489834,0.45424342492901143,0.00242535859,-0.06269729310187278,-0.03743840093573068,0.04327038907474717,0.001633440661342793
-1.3429214649646484,0.4520578915256059,0.00242535859,-0.06290698304535731,-0.03743840093573068,0.04327038907474717,0.001633440661342793
-1.3354690277410217,0.45015809923854666,0.0024266548800000003,-0.06290698304535731,-0.03743840093573068,0.04327038907474717,0.001633440661342793
-1.3276690675380551,0.44885295738280273,0.0024279511700000004,-0.06290698304535731,-0.03743840093573068,0.04327038907474717,0.001633440661342793
-1.3193594069653896,0.44785672484202776,0.00242924746,-0.06290698304535731,-0.03743840093573068,0.04327038907474717,0.001633440661342793
-1.3107331143448806,0.4473933608695743,0.0024331363300000002,-0.06290698304535731,-0.03743840093573068,0.04327038907474717,0.001633440661342793
-1.3023153355119759,0.4474242518010712,0.0024344326200000004,-0.06290698304535731,-0.03743840093573068,0.04327038907474717,0.001633440661342793
-1.2935114200353601,0.44744741999969384,0.00243572891,-0.06290698304535731,-0.03743840093573068,0.04327038907474717,0.001633440661342793
-1.2851477003325749,0.4476018746571784,0.0024383214900000004,-0.06290698304535731,-0.03743840093573068,0.04327038907474717,0.001633440661342793
-1.2770928899447587,0.447725438383166,0.0024409140700000003,-0.06290698304535731,-0.03743840093573068,0.04327038907474717,0.001633440661342793
-1.2692774842760435,0.447725438383166,0.00244221036,-0.06290698304535731,-0.03743840093573068,0.04327038907474717,0.001633440661342793
-1.2634159300245071,0.4477177156502917,0.0024435066500000002,-0.06290698304535731,-0.03743840093573068,0.04327038907474717,0.001633440661342793
-1.2547278555410046,0.447794942979034,0.00244609923,-0.06290698304535731,-0.03743840093573068,0.04327038907474717,0.001633440661342793
-1.2481094734677942,0.44793395217077003,0.0024473955200000003,-0.06290698304535731,-0.03743840093573068,0.04327038907474717,0.001633440661342793
-1.242224751017635,0.44813474322549984,0.00244869181,-0.06290698304535731,-0.03743840093573068,0.04327038907474717,0.001633440661342793
-1.2369655699302882,0.4484359298075946,0.0024499881,-0.06290698304535731,-0.03743840093573068,0.04327038907474717,0.001633440661342793
-1.2324323257331185,0.448760284588312,0.0024512843900000004,-0.06290698304535731,-0.03743840093573068,0.04327038907474717,0.001633440661342793
-1.2286790775562453,0.44924681675938816,0.00245258068,-0.06290698304535731,-0.03743840093573068,0.04327038907474717,0.001633440661342793
-1.2258293891256564,0.4499032490536973,0.0024538769700000003,-0.06290698304535731,-0.03743840093573068,0.04327038907474717,0.001633440661342793
-1.2238137558454838,0.4506369086767486,0.00245646955,-0.06290698304535731,-0.03743840093573068,0.04327038907474717,0.001633440661342793
-1.2227016823115955,0.45167175488189465,0.0024577658400000003,-0.06290698304535731,-0.03743840093573068,0.04327038907474717,0.001633440661342793
-1.2225163367226142,0.4529923422033871,0.0024577658400000003,-0.06290698304535731,-0.03743840093573068,0.04327038907474717,0.001633440661342793
-1.2228020778389603,0.4546450070384711,0.0024603584200000002,-0.06290698304535731,-0.03743840093573068,0.04327038907474717,0.001633440661342793
-1.2235897965921314,0.4566529175857695,0.0024616547100000004,-0.06290698304535731,-0.03743840093573068,0.04327038907474717,0.001633440661342793
-1.2246478109959,0.4592477558315089,0.002462951,-0.06290698304535731,-0.03743840093573068,0.04327038907474717,0.001633440661342793
-1.225713548132543,0.4622596216524565,0.002462951,-0.06290698304535731,-0.03743840093573068,0.04327038907474717,0.001633440661342793
-1.2267638398034375,0.46568079231573795,0.0024655435800000004,-0.06290698304535731,-0.03743840093573068,0.04327038907474717,0.001633440661342793
-1.227845022405829,0.4697275043418316,0.00246683987,-0.06290698304535731,-0.03743840093573068,0.04327038907474717,0.001633440661342793
-1.2287331366863647,0.4742221348746302,0.0024681361600000003,-0.06290698304535731,-0.03743840093573068,0.04327038907474717,0.001633440661342793
-1.2295826373025296,0.4792805249072473,0.00246943245,-0.06290698304535731,-0.03743840093573068,0.04327038907474717,0.001633440661342793
-1.2302622377954613,0.4849181199054312,0.0024720250300000004,-0.06290698304535731,-0.03743840093573068,0.04327038907474717,0.001633440661342793
-1.2307796608980344,0.4912507608622953,0.0024746176100000003,-0.06290698304535731,-0.03743840093573068,0.04327038907474717,0.001633440661342793
-1.2311735202746197,0.4982552795792169,0.0024759139,-0.06290698304535731,-0.03743840093573068,0.04327038907474717,0.001633440661342793
-1.231389756795098,0.5059162305904477,0.0024785064800000004,-0.06290698304535731,-0.03743840093573068,0.04327038907474717,0.001633440661342793
-1.2313974795279723,0.5143649003548493,0.0024810990600000003,-0.06290698304535731,-0.03743840093573068,0.04327038907474717,0.001633440661342793
-1.231389756795098,0.5236167343381702,0.00248369164,-0.06290698304535731,-0.03743840093573068,0.04327038907474717,0.001633440661342793
-1.2313665885964753,0.5335636142801714,0.00248628422,-0.06290698304535731,-0.03743840093573068,0.04327038907474717,0.001633440661342793
-1.2313434203978528,0.5444835585643248,0.0024888768000000004,-0.06290698304535731,-0.03743840093573068,0.04327038907474717,0.001633440661342793
-1.2313588658636012,0.5558436986223091,0.0024927656700000004,-0.06290698304535731,-0.03743840093573068,0.04327038907474717,0.001633440661342793
-1.2313665885964753,0.5677984891116086,0.0024953582500000003,-0.06290698304535731,-0.03743840093573068,0.04327038907474717,0.001633440661342793
-1.2313588658636012,0.5803710982308461,0.00250054341,-0.06290698304535731,-0.03743840093573068,0.04327038907474717,0.001633440661342793
-1.2313202521992301,0.5929128164185867,0.00250443228,-0.06290698304535731,-0.03743840093573068,0.04327038907474717,0.001633440661342793
-1.2312893612677331,0.6062113624280013,0.0025096174400000004,-0.06290698304535731,-0.03743840093573068,0.04327038907474717,0.001633440661342793
-1.2312739158019848,0.6197261449578942,0.0025148026,-0.06290698304535731,-0.037575037435496124,0.04338180697844359,0.001633440661342793
-1.2312739158019848,0.633441718542517,0.0025186914700000003,-0.06290698304535731,-0.037575037435496124,0.04338180697844359,0.001633440661342793
-1.2312661930691104,0.6470182829354036,0.0025251729200000002,-0.06290698304535731,-0.037575037435496124,0.04338180697844359,0.001633440661342793
-1.2312275794047394,0.6604944518009254,0.0025290617900000003,-0.06290698304535731,-0.037575037435496124,0.04338180697844359,0.001633440661342793
-1.2311040156787518,0.6737621068788431,0.0025329506600000004,-0.06290698304535731,-0.037575037435496124,0.04338180697844359,0.001633440661342793
-1.230941838288393,0.6866359025801754,0.00253424695,-0.06290698304535731,-0.037575037435496124,0.04338180697844359,0.001633440661342793
-1.2308105518295311,0.6988378205214502,0.0025368395300000004,-0.06290698304535731,-0.037575037435496124,0.043463485718584154,0.0014700965952085133
-1.2306483744391725,0.7105068698944034,0.0025394321100000003,-0.06290698304535731,-0.037575037435496124,0.043463485718584154,0.0014700965952085133
-1.230455306117317,0.7212414685895754,0.0025394321100000003,-0.06290698304535731,-0.037575037435496124,0.043463485718584154,0.0014700965952085133
-1.2301772877338448,0.7311111212028343,0.00253813582,-0.06290698304535731,-0.037575037435496124,0.043463485718584154,0.0014700965952085133
-1.2299378830147438,0.7400386004054379,0.00253813582,-0.06290698304535731,-0.037575037435496124,0.043463485718584154,0.0014700965952085133
-1.2295826373025296,0.7479698470672664,0.0025368395300000004,-0.06290698304535731,-0.037575037435496124,0.043463485718584154,0.0014700965952085133
-1.2290883823985792,0.7549511975855654,0.0025368395300000004,-0.06290698304535731,-0.037575037435496124,0.043463485718584154,0.0014700965952085133
-1.2285091774330124,0.7609980974260832,0.0025368395300000004,-0.06290698304535731,-0.037575037435496124,0.043463485718584154,0.0014700965952085133
-1.2277600723442126,0.7659715373970838,0.0025368395300000004,-0.06290698304535731,-0.037575037435496124,0.043463485718584154,0.0014700965952085133
-1.2267792852691861,0.7699796357588062,0.0025368395300000004,-0.06290698304535731,-0.037575037435496124,0.043463485718584154,0.0014700965952085133
-1.2255822616736813,0.7730378379769992,0.0025368395300000004,-0.06290698304535731,-0.037575037435496124,0.043545164458724715,0.0013067525290742336
-1.2240917742289559,0.7750689167229202,0.0025355432400000003,-0.06290698304535731,-0.037575037435496124,0.043545164458724715,0.0013067525290742336
-1.2221842592090224,0.7761192083938148,0.0025355432400000003,-0.06290698304535731,-0.037575037435496124,0.043545164458724715,0.0013067525290742336
-1.2198906075453777,0.7763199994485446,0.00253424695,-0.06290698304535731,-0.037575037435496124,0.043545164458724715,0.0013067525290742336
-1.2171567601079023,0.776126931126689,0.00253424695,-0.06290698304535731,-0.037575037435496124,0.043545164458724715,0.0013067525290742336
-1.2138359849719857,0.7756712898871098,0.0025329506600000004,-0.06290698304535731,-0.037575037435496124,0.043545164458724715,0.0013067525290742336
-1.2096502637541562,0.7753160441748954,0.0025329506600000004,-0.06290698304535731,-0.037575037435496124,0.043545164458724715,0.0013067525290742336
-1.2049239512351306,0.7753083214420212,0.0025329506600000004,-0.06290698304535731,-0.037575037435496124,0.043545164458724715,0.0013067525290742336
-1.1995257609560477,0.7753237669077696,0.0025329506600000004,-0.06290698304535731,-0.037575037435496124,0.043545164458724715,0.0013067525290742336
-1.1929537152800826,0.7753392123735181,0.0025329506600000004,-0.06290698304535731,-0.037575037435496124,0.043545164458724715,0.0013067525290742336
-1.185532168987953,0.7753237669077696,0.0025329506600000004,-0.06290698304535731,-0.037575037435496124,0.043545164458724715,0.0013067525290742336
-1.1773074584769039,0.7752388168461531,0.00253165437,-0.06290698304535731,-0.037575037435496124,0.043545164458724715,0.0013067525290742336
-1.1676772105827458,0.7750766394557944,0.00253165437,-0.06290698304535731,-0.037575037435496124,0.043545164458724715,0.0013067525290742336
-1.1573055803326624,0.7750457485242975,0.00253165437,-0.06290698304535731,-0.037575037435496124,0.043545164458724715,0.0013067525290742336
-1.1454511853707277,0.7748372347366935,0.00253165437,-0.06290698304535731,-0.037575037435496124,0.043545164458724715,0.0013067525290742336
-1.1325387760050243,0.7744665435587307,0.00253165437,-0.06290698304535731,-0.037575037435496124,0.043545164458724715,0.0013067525290742336
-1.1183752839136967,0.774165356976636,0.0025303580800000005,-0.06290698304535731,-0.037575037435496124,0.043545164458724715,0.0013067525290742336
-1.102875759035128,0.7733930836892136,0.0025303580800000005,-0.06290698304535731,-0.037575037435496124,0.043545164458724715,0.0013067525290742336
-1.085739014787224,0.772481801210055,0.0025303580800000005,-0.06290698304535731,-0.037575037435496124,0.043545164458724715,0.0013067525290742336
-1.0676600971286643,0.7714083413405378,0.0025290617900000003,-0.06290698304535731,-0.037575037435496124,0.043545164458724715,0.0013067525290742336
-1.047943960100769,0.7698560720328187,0.0025277655,-0.06290698304535731,-0.037575037435496124,0.043545164458724715,0.0013067525290742336
-1.027231590532099,0.7679562797457594,0.0025264692100000004,-0.06290698304535731,-0.037575037435496124,0.043545164458724715,0.0013067525290742336
-1.005051901717326,0.7657553008766055,0.0025251729200000002,-0.06290698304535731,-0.037575037435496124,0.043545164458724715,0.0013067525290742336
-0.9814203391221992,0.7630368989048785,0.0025225803400000003,-0.06290698304535731,-0.037575037435496124,0.043545164458724715,0.0013067525290742336
-0.9564218528083344,0.7598165192963269,0.00252128405,-0.06290698304535731,-0.037575037435496124,0.043545164458724715,0.0013067525290742336
-0.9305584204125565,0.7562717849070578,0.00251739518,-0.06290698304535731,-0.037575037435496124,0.043545164458724715,0.0013067525290742336
-0.9030963823118142,0.7519856681618632,0.0025148026,-0.06290698304535731,-0.037575037435496124,0.043545164458724715,0.0013067525290742336
-0.874576329807303,0.7472052965127182,0.0025122100200000003,-0.06290698304535731,-0.037575037435496124,0.043545164458724715,0.0013067525290742336
-0.8445194534608212,0.7417376016377673,0.0025096174400000004,-0.06290698304535731,-0.037575037435496124,0.043545164458724715,0.0013067525290742336
-0.8134200081763192,0.7354899107425197,0.0025057285700000004,-0.06290698304535731,-0.037575037435496124,0.043545164458724715,0.0013067525290742336
-0.781664130597508,0.7285471738885918,0.00250443228,-0.06290698304535731,-0.037575037435496124,0.043545164458724715,0.0013067525290742336
-0.7490046932724125,0.7208630546787385,0.0025018397000000003,-0.06290698304535731,-0.037575037435496124,0.043545164458724715,0.0013067525290742336
-0.7147157593108557,0.7119819118733802,0.0024979508300000002,-0.06290698304535731,-0.037575037435496124,0.043545164458724715,0.0013067525290742336
-0.6797008884591218,0.702204932054612,0.0024953582500000003,-0.06290698304535731,-0.037575037435496124,0.043545164458724715,0.0013067525290742336
-0.6435276076762542,0.6913931060306977,0.0024927656700000004,-0.06290698304535731,-0.037575037435496124,0.043545164458724715,0.0013067525290742336
-0.6063812625512343,0.6794923746715177,0.00249017309,-0.06290698304535731,-0.037575037435496124,0.043545164458724715,0.0013067525290742336
-0.5685784851319053,0.6664486788469525,0.00248758051,-0.06290698304535731,-0.037575037435496124,0.043545164458724715,0.0013067525290742336
-0.5304127392674878,0.6527253825294556,0.00248758051,-0.06290698304535731,-0.037575037435496124,0.043545164458724715,0.0013067525290742336
-0.4906870013624769,0.6376119942945981,0.0024849879300000003,-0.06290698304535731,-0.037575037435496124,0.043545164458724715,0.0013067525290742336
-0.4508685906629753,0.6216413827107019,0.0024849879300000003,-0.06290698304535731,-0.037575037435496124,0.043545164458724715,0.0013067525290742336
-0.4106949342512594,0.6049293887708801,0.0024849879300000003,-0.06290698304535731,-0.037575037435496124,0.043545164458724715,0.0013067525290742336
-0.37076068255864447,0.5877540308586048,0.0024849879300000003,-0.06290698304535731,-0.037575037435496124,0.043545164458724715,0.0013067525290742336
-0.32938227981854956,0.5691499673645979,0.00248628422,-0.06290698304535731,-0.037575037435496124,0.043545164458724715,0.0013067525290742336
-0.28791120428396394,0.5502369945556221,0.0024888768000000004,-0.06290698304535731,-0.037575037435496124,0.043545164458724715,0.0013067525290742336
-0.246841710858838,0.5309687760344319,0.00248628422,-0.06290698304535731,-0.037575037435496124,0.043545164458724715,0.0013067525290742336
-0.2051235078722772,0.5108896705614482,0.0024888768000000004,-0.06290698304535731,-0.037575037435496124,0.043545164458724715,0.0013067525290742336
-0.16327401842685457,0.49045531937625014,0.00249017309,-0.06290698304535731,-0.037575037435496124,0.043545164458724715,0.0013067525290742336
-0.12222769320035132,0.46993601812943564,0.00249017309,-0.06290698304535731,-0.037575037435496124,0.043545164458724715,0.0013067525290742336
-0.08020058089882154,0.4487911755198089,0.00249017309,-0.06290698304535731,-0.037575037435496124,0.043545164458724715,0.0013067525290742336
-0.03931643306267698,0.42806336048539034,0.0024888768000000004,-0.06290698304535731,-0.037575037435496124,0.043545164458724715,0.0013067525290742336
0.0009885098079007372,0.4072505953893553,0.00248758051,-0.06290698304535731,-0.037575037435496124,0.043545164458724715,0.0013067525290742336
0.04100771156213215,0.3864764439576914,0.00249017309,-0.06290698304535731,-0.037575037435496124,0.04362684319886528,0.0011434084629399575
0.0798144442551103,0.3661965474299778,0.00248628422,-0.06311667298884183,-0.037575037435496124,0.04370852193900584,0.0013067525290742371
0.11760177620869083,0.3464495194705857,0.00248758051,-0.06311667298884183,-0.037711673935261564,0.04381993984270226,0.0013067525290742371
0.1551497034431704,0.32703456902478534,0.0024888768000000004,-0.06332636293232637,-0.037711673935261564,0.04381993984270226,0.0013067525290742371
0.1915083298150194,0.30844595099652694,0.00248628422,-0.06353605287581088,-0.037711673935261564,0.04381993984270226,0.0013067525290742371
0.22744992861166025,0.29039020153659,0.0024849879300000003,-0.06395543276277993,-0.037711673935261564,0.04381993984270226,0.0013067525290742371
0.2620554946210603,0.27353919840503216,0.0024823953500000004,-0.06395543276277993,-0.037711673935261564,0.04381993984270226,0.0013067525290742371
0.2949620593981309,0.25784660520460795,0.00247980277,-0.06416512270626445,-0.037711673935261564,0.04381993984270226,0.0013067525290742371
0.32660981871670297,0.24332786740106585,0.0024759139,-0.06437481264974898,-0.037711673935261564,0.043738261102561696,0.0014700965952085133
0.35739263195336185,0.22970496661093381,0.0024655435800000004,-0.06500388248020254,-0.037711673935261564,0.04381993984270226,0.0016334406613427895
0.38542615228679683,0.21791235351199298,0.00245906213,-0.06647171208459422,-0.037711673935261564,0.04381993984270226,0.0016334406613427895
0.41248660827807954,0.20721636848119204,0.0024538769700000003,-0.06772985174550136,-0.037711673935261564,0.04381993984270226,0.0016334406613427895
0.43736153086595664,0.19795681176499685,0.0024435066500000002,-0.06919768134989304,-0.037711673935261564,0.04381993984270226,0.0016334406613427895
0.46076913420773113,0.1903421971510115,0.0024305437500000003,-0.07192365061519186,-0.037711673935261564,0.04381993984270226,0.0016334406613427895
0.4819371450159805,0.18417173358450611,0.0024201734300000003,-0.07800465897624305,-0.037711673935261564,0.04390161858284282,0.0014700965952085133
0.5009196224208243,0.17972343944895278,0.0024110994000000005,-0.08387597739380975,-0.037711673935261564,0.04390161858284282,0.0014700965952085133
0.5170601341279536,0.17709771027171645,0.0024007290800000004,-0.0912151254157681,-0.037711673935261564,0.04390161858284282,0.0014700965952085133
0.5309764987673061,0.17612464592956417,0.00239165505,-0.09708644383333477,-0.037711673935261564,0.04390161858284282,0.0014700965952085133
0.5425374298800203,0.1765416735047723,0.00238128473,-0.09834458349424192,-0.037711673935261564,0.04390161858284282,0.0014700965952085133
0.5513722362881331,0.17797810181937804,0.0023799884400000004,-0.09834458349424192,-0.037711673935261564,0.04390161858284282,0.0014700965952085133
0.5574345815943993,0.18008640789404134,0.0023696181200000004,-0.09834458349424192,-0.037711673935261564,0.04390161858284282,0.0014700965952085133
0.5607708021960643,0.18265035520828388,0.00235406264,-0.09834458349424192,-0.037711673935261564,0.04390161858284282,0.0014700965952085133
0.5612264434356435,0.18561588463198608,0.00234369232,-0.09834458349424192,-0.037711673935261564,0.04390161858284282,0.0014700965952085133
0.5595815013334338,0.18896755069939952,0.0023190628100000004,-0.09834458349424192,-0.037711673935261564,0.04390161858284282,0.0014700965952085133
0.5555270665744659,0.19271307614339842,0.00228924814,-0.09834458349424192,-0.037711673935261564,0.04390161858284282,0.0014700965952085133
0.5497581851174201,0.19676751090236627,0.00225165573,-0.09834458349424192,-0.037711673935261564,0.04390161858284282,0.0014700965952085133
0.5421744614349318,0.2012775869009134,0.00221147074,-0.09834458349424192,-0.037711673935261564,0.04390161858284282,0.0014700965952085133
0.5327527273283778,0.20615063134454906,0.0021648043000000003,-0.09834458349424192,-0.037711673935261564,0.04390161858284282,0.0014700965952085133
0.5216397147223687,0.21149476249351243,0.0021246193100000004,-0.09834458349424192,-0.037711673935261564,0.04390161858284282,0.0014700965952085133
0.508989878274389,0.21719413935469012,0.00207536029,-0.09834458349424192,-0.037711673935261564,0.04390161858284282,0.0014700965952085133
0.4944016358749789,0.22355767124305112,0.00200276805,-0.09834458349424192,-0.037711673935261564,0.04390161858284282,0.0014700965952085133
0.47806805584599404,0.2305235762956016,0.00187702792,-0.09834458349424192,-0.037711673935261564,0.04390161858284282,0.0014700965952085133
0.46001230638605717,0.23822314097120345,0.0016955473200000002,-0.09834458349424192,-0.037711673935261564,0.04390161858284282,0.0014700965952085133
0.44024983296091663,0.24665636526985663,0.0014842520500000002,-0.09834458349424192,-0.037711673935261564,0.04390161858284282,0.0014700965952085133
0.41884241743356626,0.2558850310545549,0.0012599938800000002,-0.09834458349424192,-0.037711673935261564,0.04390161858284282,0.0014700965952085133
0.395820950735503,0.2659631974554179,0.0010279579700000002,-0.09834458349424192,-0.037711673935261564,0.04390161858284282,0.0014700965952085133
0.3710464236749908,0.27685997354094866,0.00078944061,-0.09834458349424192,-0.037711673935261564,0.04381993984270226,0.0016334406613427895
0.34535289140244585,0.2883977364550401,0.0005924045300000001,-0.09834458349424192,-0.037711673935261564,0.04381993984270226,0.0016334406613427895
0.3172035300758975,0.30130242308786925,0.00037981297,-0.09834458349424192,-0.037711673935261564,0.04381993984270226,0.0016334406613427895
0.2874941767087558,0.31517245132997646,0.00017499915,-0.09855427343772645,-0.037711673935261564,0.04381993984270226,0.0016334406613427895
0.25655690881461246,0.32976069372938654,4.2777570000000007e-05,-0.09855427343772645,-0.037711673935261564,0.04381993984270226,0.0016334406613427895
0.22416776714011485,0.3452679413408294,-1.2962900000000001e-05,-0.09855427343772645,-0.037711673935261564,0.04381993984270226,0.0016334406613427895
0.19089823391795566,0.3613157802534679,-1.4259190000000002e-05,-0.09855427343772645,-0.037711673935261564,0.04381993984270226,0.0016334406613427895
0.1556902947443661,0.3784602472342463,-1.5555480000000002e-05,-0.09855427343772645,-0.037711673935261564,0.04381993984270226,0.0016334406613427895
0.11907681818766772,0.39614530551622046,-1.5555480000000002e-05,-0.09855427343772645,-0.037711673935261564,0.04390161858284282,0.001796784727477069
0.08104235878211201,0.41444045969525833,-1.685177e-05,-0.09855427343772645,-0.037711673935261564,0.04390161858284282,0.001796784727477069
0.04192671677416486,0.43315264144950427,-2.0740640000000002e-05,-0.09855427343772645,-0.037848310435027004,0.044013036486539245,0.001796784727477069
0.0015445465748449019,0.45206561425848013,-2.0740640000000002e-05,-0.09876396338121096,-0.037848310435027004,0.044013036486539245,0.001796784727477069
-0.03962534237764596,0.4713415555125445,-2.7222090000000004e-05,-0.09876396338121096,-0.037848310435027004,0.044013036486539245,0.001796784727477069
-0.08176057293941488,0.49069472409535114,-3.370354e-05,-0.09939303321166454,-0.037848310435027004,0.044013036486539245,0.001796784727477069
-0.12465263132285781,0.5100247244795351,-3.370354e-05,-0.10065117287257168,-0.037848310435027004,0.044013036486539245,0.001796784727477069
-0.16773003529528213,0.5292543293363541,-3.8888700000000006e-05,-0.10190931253347883,-0.037848310435027004,0.044013036486539245,0.001796784727477069
-0.21182684000710408,0.5482985886041918,-3.7592410000000004e-05,-0.10295776225090146,-0.037848310435027004,0.044013036486539245,0.001796784727477069
-0.25617077217090123,0.5671034431529284,-3.4999830000000005e-05,-0.10400621196832407,-0.03798494693479244,0.044124454390235664,0.001796784727477069
-0.3005687634648179,0.5853522609347209,-3.629612e-05,-0.1042159019118086,-0.03812158343455788,0.04431755103407265,0.001633440661342793
-0.3445265589849038,0.6027129644359777,-3.1110960000000005e-05,-0.1042159019118086,-0.03825821993432332,0.04442896893776907,0.001633440661342793
-0.38836079077900215,0.6193863447114284,-3.1110960000000005e-05,-0.1042159019118086,-0.03825821993432332,0.04451064767790964,0.0014700965952085133
-0.4307972079228658,0.6344842874805373,-3.370354e-05,-0.1042159019118086,-0.03825821993432332,0.04451064767790964,0.0014700965952085133
-0.473388079724214,0.6487713432978526,-3.240725e-05,-0.1042159019118086,-0.03839485643408877,0.044622065581606064,0.0014700965952085133
-0.5141254956357483,0.6615292980060715,-3.370354e-05,-0.1042159019118086,-0.03839485643408877,0.044622065581606064,0.0014700965952085133
-0.5543068747803384,0.6727890425366908,-3.1110960000000005e-05,-0.1042159019118086,-0.03839485643408877,0.044703744321746626,0.0013067525290742336
-0.591754406487453,0.6823420631021065,-2.9814670000000002e-05,-0.1042159019118086,-0.03839485643408877,0.044703744321746626,0.0013067525290742336
-0.6275183824279867,0.6899798459147146,-2.7222090000000004e-05,-0.1042159019118086,-0.03839485643408877,0.04478542306188719,0.001143408462939954
-0.6615061298074488,0.6958491228991253,-2.0740640000000002e-05,-0.1042159019118086,-0.03839485643408877,0.04486710180202775,0.0009800643968056744
-0.6928527025439261,0.6997104893362375,-1.814806e-05,-0.1042159019118086,-0.03839485643408877,0.04494878054216831,0.0008167203306713947
-0.7211565185279589,0.7014944406301833,-1.685177e-05,-0.1042159019118086,-0.03839485643408877,0.04494878054216831,0.0008167203306713947
-0.7464948050882896,0.7015484997603029,-1.5555480000000002e-05,-0.1042159019118086,-0.03839485643408877,0.04494878054216831,0.0008167203306713947
-0.7693309261973714,0.7004441489592889,-1.2962900000000001e-05,-0.1042159019118086,-0.03839485643408877,0.04494878054216831,0.0008167203306713947
-0.7886223129171842,0.6984671293434873,-1.4259190000000002e-05,-0.1042159019118086,-0.03839485643408877,0.04503045928230887,0.0006533762645371151
-0.8039442149396456,0.6962429822757107,-1.2962900000000001e-05,-0.1042159019118086,-0.03839485643408877,0.04503045928230887,0.0006533762645371151
-0.816509101326009,0.6938875487490722,-9.07403e-06,-0.1042159019118086,-0.0385314929338542,0.04514187718600529,0.0006533762645371151
-0.8251894530766373,0.6914935015580626,-9.07403e-06,-0.1042159019118086,-0.0385314929338542,0.04514187718600529,0.0006533762645371151
-0.830132002116141,0.6890453952369334,-7.777740000000001e-06,-0.1042159019118086,-0.0385314929338542,0.04514187718600529,0.0006533762645371151
-0.8314062530403881,0.6866590707787981,-7.777740000000001e-06,-0.1042159019118086,-0.0385314929338542,0.04514187718600529,0.0006533762645371151
-0.8293906197602154,0.6842881917864111,-9.07403e-06,-0.1042159019118086,-0.0385314929338542,0.04514187718600529,0.0006533762645371151
-0.8242936160632273,0.681878699129653,-9.07403e-06,-0.1042159019118086,-0.0385314929338542,0.04514187718600529,0.0006533762645371151
-0.8164859331273863,0.6792761381510394,-7.777740000000001e-06,-0.1042159019118086,-0.0385314929338542,0.04514187718600529,0.0006533762645371151
-0.8065158849867624,0.6766117953094319,-6.4814500000000004e-06,-0.1042159019118086,-0.0385314929338542,0.04514187718600529,0.0006533762645371151
-0.79384288034016,0.6738702251390822,-6.4814500000000004e-06,-0.1042159019118086,-0.0385314929338542,0.04514187718600529,0.0006533762645371151
-0.7784900873862017,0.6708120229208894,-5.1851600000000005e-06,-0.1042159019118086,-0.0385314929338542,0.04514187718600529,0.0006533762645371151
-0.7606582971796173,0.6676765933739542,-3.888870000000001e-06,-0.1042159019118086,-0.0385314929338542,0.04522355592614585,0.0004900321984028354
-0.7404787961792687,0.6642940363750439,-1.2962900000000001e-06,-0.1042159019118086,-0.0385314929338542,0.04522355592614585,0.0004900321984028354
-0.7179052479879104,0.6607106883214037,2.5925800000000003e-06,-0.1042159019118086,-0.0385314929338542,0.04522355592614585,0.0004900321984028354
-0.6926210205576994,0.6567103126925554,5.1851600000000005e-06,-0.1042159019118086,-0.0385314929338542,0.04522355592614585,0.0004900321984028354
-0.6658154147512662,0.652462809611732,1.0370320000000001e-05,-0.1042159019118086,-0.0385314929338542,0.04522355592614585,0.0004900321984028354
-0.6356581428774194,0.647682437962587,1.5555480000000002e-05,-0.1042159019118086,-0.0385314929338542,0.04522355592614585,0.0004900321984028354
-0.6033848421960352,0.6424618705396112,2.3333220000000004e-05,-0.1042159019118086,-0.0385314929338542,0.04522355592614585,0.0004900321984028354
-0.5774673506701377,0.6381525855957939,2.9814670000000002e-05,-0.1042159019118086,-0.0385314929338542,0.04522355592614585,0.0004900321984028354
-0.5324515407462831,0.6303449026599529,5.055531000000001e-05,-0.1042159019118086,-0.0385314929338542,0.045305234666286415,0.0003266881322685558
-0.49410817202575835,0.6234639476690189,7.259224e-05,-0.1042159019118086,-0.0385314929338542,0.045305234666286415,0.0003266881322685558
-0.453780060956558,0.6158184421235366,9.333288000000001e-05,-0.1042159019118086,-0.0385314929338542,0.045305234666286415,0.0003266881322685558
-0.411505821203053,0.6075087815508711,0.00011796239000000001,-0.10442559185529314,-0.0385314929338542,0.045305234666286415,0.0003266881322685558
-0.36759436208021246,0.5985581341496449,0.00014907335,-0.10442559185529314,-0.0385314929338542,0.045305234666286415,0.0003266881322685558
-0.32253993849198664,0.5889510544541096,0.00016722141000000002,-0.10442559185529314,-0.0385314929338542,0.045305234666286415,0.0003266881322685558
-0.2760568093220293,0.5787570470601332,0.00018407318000000002,-0.10463528179877765,-0.0385314929338542,0.045305234666286415,0.0003266881322685558
-0.2283766565565672,0.5677675981801117,0.00019055463,-0.10463528179877765,-0.0385314929338542,0.045305234666286415,0.0003266881322685558
-0.17976977584619813,0.5562607261975172,0.00019703608000000002,-0.10463528179877765,-0.0385314929338542,0.045305234666286415,0.0003266881322685558
-0.1307613130263694,0.5443059357082176,0.00019962866000000003,-0.10463528179877765,-0.0385314929338542,0.045305234666286415,0.0003266881322685558
-0.08118909070672227,0.5318028311848482,0.00020222124000000003,-0.10484497174226218,-0.0385314929338542,0.045305234666286415,0.0003266881322685558
-0.032342805277252244,0.5192302220656106,0.00020351753000000003,-0.10484497174226218,-0.0385314929338542,0.045305234666286415,0.0003266881322685558
0.01875079541861711,0.5057849441315858,0.00020351753000000003,-0.10505466168574669,-0.0385314929338542,0.045305234666286415,0.0003266881322685558
0.06696381675240072,0.4929111484302536,0.00020481382,-0.10526435162923123,-0.0385314929338542,0.045305234666286415,0.0003266881322685558
0.11642792081180871,0.4792882476401215,0.00020351753000000003,-0.10589342145968479,-0.0385314929338542,0.045305234666286415,0.0003266881322685558
0.16522014711115915,0.4656112877198699,0.00021129527000000002,-0.10652249129013837,-0.0385314929338542,0.045305234666286415,0.0003266881322685558
0.21393514608176736,0.4517026458133916,0.00021777672000000003,-0.10715156112059195,-0.0385314929338542,0.045305234666286415,0.0003266881322685558
0.26176203077183974,0.4377399447767937,0.00021907301,-0.10840970078149909,-0.0385314929338542,0.045305234666286415,0.0003266881322685558
0.3086004056540114,0.42371546187720194,0.00022296188000000002,-0.10966784044240625,-0.0385314929338542,0.045305234666286415,0.0003266881322685558
0.35410274774894224,0.40989177003234006,0.0002203693,-0.11092598010331338,-0.0385314929338542,0.045305234666286415,0.0003266881322685558
0.39917261680291644,0.3957823370711319,0.0002203693,-0.1111356700467979,-0.0385314929338542,0.045305234666286415,0.0003266881322685558
0.4430995213915055,0.38166518137704947,0.00021777672000000003,-0.11134535999028242,-0.0385314929338542,0.045386913406426976,0.0004900321984028354
0.485118910960161,0.36784148953218765,0.0002203693,-0.11134535999028242,-0.0385314929338542,0.045386913406426976,0.0004900321984028354
0.5267676093508538,0.3538170066325959,0.00021907301,-0.11176473987725148,-0.0385314929338542,0.045386913406426976,0.0004900321984028354
0.5667481974407141,0.33986975106174644,0.00021907301,-0.11218411976422052,-0.0385314929338542,0.045386913406426976,0.0004900321984028354
0.6050761206954903,0.3262777412031113,0.00021777672000000003,-0.11239380970770506,-0.0385314929338542,0.045386913406426976,0.0004900321984028354
0.6428171162518255,0.312369099296633,0.00021907301,-0.11239380970770506,-0.0385314929338542,0.045386913406426976,0.0004900321984028354
0.6776080278502069,0.2990705532872184,0.00021777672000000003,-0.11239380970770506,-0.0385314929338542,0.045386913406426976,0.0004900321984028354
0.7121749801952358,0.2854939888943317,0.00021648043000000003,-0.11239380970770506,-0.0385314929338542,0.045386913406426976,0.0004900321984028354
0.7448344175203313,0.2719251472343192,0.00021388785000000003,-0.11239380970770506,-0.0385314929338542,0.045386913406426976,0.0004900321984028354
0.775918417339085,0.25851076023179126,0.00020999898000000002,-0.11239380970770506,-0.0385314929338542,0.045386913406426976,0.0004900321984028354
0.805365197788503,0.24505003683201793,0.00020740640000000001,-0.11239380970770506,-0.0385314929338542,0.045386913406426976,0.0004900321984028354
0.8335531727794224,0.2314039678432632,0.00020092495000000003,-0.11239380970770506,-0.0385314929338542,0.045386913406426976,0.0004900321984028354
0.8540415830947401,0.2209705557301859,0.00019444350000000002,-0.11239380970770506,-0.0385314929338542,0.045386913406426976,0.0004900321984028354
0.8856275605503183,0.20358668403030653,0.00018277689000000002,-0.11260349965118958,-0.0385314929338542,0.045386913406426976,0.0004900321984028354
0.9090506093578412,0.18960853752796017,0.00017240657000000003,-0.11260349965118958,-0.0385314929338542,0.045386913406426976,0.0004900321984028354
0.9308982206590224,0.17544504543663242,0.00016333254,-0.11260349965118958,-0.0385314929338542,0.045386913406426976,0.0004900321984028354
0.9508305942073959,0.16131244427680155,0.00014907335,-0.11260349965118958,-0.0385314929338542,0.045386913406426976,0.0004900321984028354
0.9689172345988296,0.1472725159114614,0.00013740674000000002,-0.11260349965118958,-0.0385314929338542,0.045386913406426976,0.0004900321984028354
0.9857450695317649,0.13269199624492553,0.00012185126000000001,-0.11260349965118958,-0.0385314929338542,0.045386913406426976,0.0004900321984028354
1.0010978624857232,0.11800335831815051,0.00010240691,-0.11260349965118958,-0.0385314929338542,0.045386913406426976,0.0004900321984028354
1.0147053178101069,0.10327610672700437,8.555514000000001e-05,-0.11260349965118958,-0.0385314929338542,0.045386913406426976,0.0004900321984028354
1.0266060491692868,0.08865697339609738,6.222192000000001e-05,-0.11260349965118958,-0.0385314929338542,0.045386913406426976,0.0004900321984028354
1.0369467884878734,0.07408417646243572,4.018499e-05,-0.11260349965118958,-0.0385314929338542,0.045386913406426976,0.0004900321984028354
1.0455421901768853,0.059619497789013216,2.0740640000000002e-05,-0.11260349965118958,-0.0385314929338542,0.045386913406426976,0.0004900321984028354
1.0526007680239264,0.04528610557445253,2.5925800000000003e-06,-0.11260349965118958,-0.0385314929338542,0.045386913406426976,0.0004900321984028354
1.0580684628988775,0.031107168017376324,-1.2962900000000001e-05,-0.11260349965118958,-0.0385314929338542,0.04546859214656754,0.0006533762645371151
1.0617908201442536,0.017268030706766004,-2.5925800000000002e-05,-0.11260349965118958,-0.0385314929338542,0.04546859214656754,0.0006533762645371151
1.0640844718078983,0.004031266560345194,-3.8888700000000006e-05,-0.11260349965118958,-0.0385314929338542,0.04546859214656754,0.0006533762645371151
1.064833576896698,-0.009375397709308555,-5.1851600000000003e-05,-0.11260349965118958,-0.0385314929338542,0.04546859214656754,0.0006533762645371151
1.064555558513226,-0.021948006828546057,-6.48145e-05,-0.11260349965118958,-0.0385314929338542,0.04546859214656754,0.0006533762645371151
1.0634512077122118,-0.03438160675604752,-8.036998e-05,-0.11260349965118958,-0.0385314929338542,0.04546859214656754,0.0006533762645371151
1.06187577020587,-0.046436792772711975,-9.722175000000001e-05,-0.11260349965118958,-0.0385314929338542,0.04546859214656754,0.0006533762645371151
1.0602771645009057,-0.05787416015943848,-0.00010888836000000002,-0.11260349965118958,-0.0385314929338542,0.04546859214656754,0.0006533762645371151
1.058570440535702,-0.06888677723808263,-0.00011925868000000001,-0.11260349965118958,-0.0385314929338542,0.04546859214656754,0.0006533762645371151
1.057025893960857,-0.07909623009780743,-0.00013092529,-0.11260349965118958,-0.0385314929338542,0.04546859214656754,0.0006533762645371151
1.0557053066393647,-0.08849479600573866,-0.00013611045000000001,-0.11260349965118958,-0.0385314929338542,0.04546859214656754,0.0006533762645371151
1.05450828304386,-0.09746861160558754,-0.00014388819,-0.11260349965118958,-0.0385314929338542,0.04546859214656754,0.0006533762645371151
1.0537051188249404,-0.10551569926052948,-0.00014777706,-0.11260349965118958,-0.0385314929338542,0.04546859214656754,0.0006533762645371151
1.0531259138593738,-0.11259744530619335,-0.00015166593000000002,-0.11260349965118958,-0.0385314929338542,0.04546859214656754,0.0006533762645371151
1.052894231873147,-0.11881424526994408,-0.00015425851000000002,-0.11260349965118958,-0.0385314929338542,0.04546859214656754,0.0006533762645371151
1.0528710636745242,-0.12418926735040434,-0.00015555480000000002,-0.1128131895946741,-0.0385314929338542,0.04546859214656754,0.0006533762645371151
1.052894231873147,-0.12865300695170612,-0.00015814738000000003,-0.1128131895946741,-0.0385314929338542,0.04546859214656754,0.0006533762645371151
1.0529096773388955,-0.13219001860810092,-0.00015944367,-0.1128131895946741,-0.0385314929338542,0.04546859214656754,0.0006533762645371151
1.052894231873147,-0.13481574778533725,-0.00016073996,-0.1128131895946741,-0.0385314929338542,0.04546859214656754,0.0006533762645371151
1.0528401727430274,-0.13655336268203777,-0.00016203625,-0.1128131895946741,-0.03866812943361965,0.045580010050263964,0.0006533762645371151
1.052824727277279,-0.13739514056532826,-0.00016333254,-0.1128131895946741,-0.03866812943361965,0.045580010050263964,0.0006533762645371151
1.0528478954759017,-0.1374723678940705,-0.00016333254,-0.1128131895946741,-0.03866812943361965,0.045580010050263964,0.0006533762645371151
1.0528556182087758,-0.1371634585791015,-0.00016333254,-0.1128131895946741,-0.03866812943361965,0.045580010050263964,0.0006533762645371151
1.0528401727430274,-0.13679276740113874,-0.00016333254,-0.1128131895946741,-0.03866812943361965,0.045580010050263964,0.0006533762645371151
1.0528092818115304,-0.13666920367515115,-0.00016462883000000001,-0.1128131895946741,-0.03866812943361965,0.045580010050263964,0.0006533762645371151
1.0528092818115304,-0.1366923718737738,-0.00016462883000000001,-0.1128131895946741,-0.03866812943361965,0.045580010050263964,0.0006533762645371151
1.0528015590786564,-0.13670781733952228,-0.00016462883000000001,-0.1128131895946741,-0.03866812943361965,0.045580010050263964,0.0006533762645371151
1.052793836345782,-0.1366923718737738,-0.00016462883000000001,-0.1128131895946741,-0.03866812943361965,0.045580010050263964,0.0006533762645371151
1.052755222681411,-0.1366846491408996,-0.00016462883000000001,-0.1128131895946741,-0.03866812943361965,0.045580010050263964,0.0006533762645371151
1.0527320544827883,-0.13670009460664806,-0.00016462883000000001,-0.1128131895946741,-0.03866812943361965,0.045580010050263964,0.0006533762645371151
1.0527088862841656,-0.1367155400723965,-0.00016462883000000001,-0.1128131895946741,-0.03866812943361965,0.045580010050263964,0.0006533762645371151
1.0526779953526686,-0.1366846491408996,-0.00016462883000000001,-0.11302287953815862,-0.03866812943361965,0.045580010050263964,0.0006533762645371151
1.0526548271540461,-0.1366923718737738,-0.00016462883000000001,-0.11302287953815862,-0.03866812943361965,0.045580010050263964,0.0006533762645371151
1.0526471044211718,-0.13670009460664806,-0.00016462883000000001,-0.11302287953815862,-0.03866812943361965,0.045580010050263964,0.0006533762645371151
1.0526162134896748,-0.13670009460664806,-0.00016462883000000001,-0.11302287953815862,-0.03866812943361965,0.045580010050263964,0.0006533762645371151
1.0526084907568007,-0.1366923718737738,-0.00016462883000000001,-0.11302287953815862,-0.03866812943361965,0.045580010050263964,0.0006533762645371151
1.0526084907568007,-0.1366846491408996,-0.00016462883000000001,-0.11302287953815862,-0.03866812943361965,0.045580010050263964,0.0006533762645371151
1.0526084907568007,-0.1366923718737738,-0.00016462883000000001,-0.11302287953815862,-0.03866812943361965,0.045580010050263964,0.0006533762645371151
1.0526084907568007,-0.1366923718737738,-0.00016462883000000001,-0.11302287953815862,-0.03866812943361965,0.045580010050263964,0.0006533762645371151
1.0526007680239264,-0.13667692640802537,-0.00016462883000000001,-0.11302287953815862,-0.03866812943361965,0.045580010050263964,0.0006533762645371151
1.0526162134896748,-0.1366923718737738,-0.00016462883000000001,-0.11302287953815862,-0.03866812943361965,0.045580010050263964,0.0006533762645371151
1.0526162134896748,-0.1366923718737738,-0.00016462883000000001,-0.11302287953815862,-0.03866812943361965,0.045580010050263964,0.0006533762645371151
1.0526162134896748,-0.1366923718737738,-0.00016462883000000001,-0.11302287953815862,-0.03866812943361965,0.045580010050263964,0.0006533762645371151
1.0526084907568007,-0.1366846491408996,-0.00016462883000000001,-0.11302287953815862,-0.03866812943361965,0.045580010050263964,0.0006533762645371151
1.0526162134896748,-0.1366923718737738,-0.00016462883000000001,-0.11302287953815862,-0.03866812943361965,0.045580010050263964,0.0006533762645371151
1.0526162134896748,-0.1366923718737738,-0.00016462883000000001,-0.11302287953815862,-0.03866812943361965,0.045580010050263964,0.0006533762645371151
1.0526162134896748,-0.13667692640802537,-0.00016462883000000001,-0.11302287953815862,-0.03866812943361965,0.045580010050263964,0.0006533762645371151
1.0526239362225491,-0.1366846491408996,-0.00016462883000000001,-0.11302287953815862,-0.03866812943361965,0.045580010050263964,0.0006533762645371151
1.0526316589554234,-0.1366846491408996,-0.00016462883000000001,-0.11302287953815862,-0.03866812943361965,0.045580010050263964,0.0006533762645371151
1.0526316589554234,-0.1366846491408996,-0.00016462883000000001,-0.11302287953815862,-0.03866812943361965,0.045580010050263964,0.0006533762645371151
1.0526316589554234,-0.13667692640802537,-0.00016462883000000001,-0.11302287953815862,-0.03866812943361965,0.045580010050263964,0.0006533762645371151
1.0526316589554234,-0.1366846491408996,-0.00016462883000000001,-0.11302287953815862,-0.03866812943361965,0.045580010050263964,0.0006533762645371151
1.0526393816882975,-0.13667692640802537,-0.00016462883000000001,-0.11302287953815862,-0.03866812943361965,0.045580010050263964,0.0006533762645371151
1.0526393816882975,-0.13667692640802537,-0.00016462883000000001,-0.11302287953815862,-0.03866812943361965,0.045580010050263964,0.0006533762645371151
1.0526393816882975,-0.13667692640802537,-0.00016462883000000001,-0.11302287953815862,-0.03866812943361965,0.045580010050263964,0.0006533762645371151
