-0.0054465773629082375,0.007769976416086532,0.02963619744057982,-0.00046692697818391554,0.001904650363516312,-7.40910289505813e-05,-0.00016067461036405837
-0.07011328692441632,-0.14894058982056008,-0.06597464174086809,-0.00034176435245326795,-0.00034365936333958976,-0.0004757775548606337,-4.0168652590967836e-05
-0.08568993959251557,-0.1819819742680448,-0.11378006133159858,-0.0005920896039142716,0.000996443585157646,-0.0007167894704071889,0.0
-0.10598679003882817,-0.2055829631591072,-0.09409547679424513,-0.00027918303958808987,-0.0007761131596832104,-0.0013594879118634226,-0.00048202383109236224
-0.12533960092949767,-0.2197435564937429,-0.09128339328889958,-0.0005920896039142716,0.00010156113822333421,-0.0006364521652248792,-4.0168652591154874e-05
-0.14186029315324225,-0.2433445453848031,-0.11378006133159858,-0.0005295082910490936,-0.00028259440243520473,-0.0006364521652248792,-4.0168652591154874e-05
-0.16310118315519576,-0.2617533167198317,-0.12221631184760907,-0.00027918303958808987,0.0008787551071573396,-0.00015442833413251698,0.00012050595777309055
-0.18150995449022436,-0.28016208805486026,-0.13908881287963007,-0.0007798335425103888,0.0014377802691176046,0.0006489447176883361,0.0003615178733192716
-0.19661458738050314,-0.29479470116731643,-0.08284714277288907,3.3723524738383424e-05,-0.0003919576190242242,-0.0013594879118634224,0.00024101191554618112
-0.21171922027078194,-0.3127314527245245,-0.04347797369818217,-0.0007172522296449193,0.000979235436129879,8.658358141366412e-05,0.0004016865259104265
-0.23532020916184435,-0.3292521449482669,-0.0884713097835671,-9.143910099226416e-05,-0.0002781529586271883,-0.0003954402496786981,0.00040168652591042654
-0.2518409013855867,-0.3462448569498297,-0.07159880875154612,-0.0009675774811062145,-0.00010828240733822469,-0.0016004998274096035,-4.0168652591154874e-05
-0.2693056331649722,-0.3552132327284338,-0.012545055139472653,-0.00034176435245326795,-5.1101264037110085e-05,-0.00023476563931445265,-8.033730518212271e-05
-0.2872423847221781,-0.3684297865074285,-0.004108804623462159,-0.00034176435245326795,0.00019760002338830446,-0.0006364521652248792,-0.0002008432629550262
-0.3028190373902774,-0.3778701820638531,0.035260364451257846,3.3723524738383424e-05,-0.0004180486556683292,-0.0010381386911353058,-8.033730518212275e-05
-0.32122780872530593,-0.395806933621059,0.06056911599928933,-2.8857788126794666e-05,-0.0006406589064496387,-0.0009578013859529959,-0.00020084326295521324
-0.340108599838155,-0.4076074280665902,0.024012030429914885,-0.00034176435245326795,-0.000867710601039717,-0.0011184759963172412,4.016865259115493e-05
-0.3467168767276524,-0.41327166540044447,0.07744161703131032,3.3723524738383424e-05,1.0808092504898986e-06,-0.0008774640807714344,0.0005623611362744849
-0.358989390951004,-0.4208239818455828,0.09150203455799884,3.3723524738383424e-05,-0.0013917618387398441,-0.001761174437773849,-4.016865259096785e-05
-0.36654170739614234,-0.42318408073468944,0.1421195376540618,-0.0009049961682407449,-0.00042693154328480925,-0.0015201625222276678,-0.00024101191554636817
-0.37928624139731665,-0.4364006345136842,0.20398537477148082,-0.00027918303958808987,-0.0008066456401353318,-0.0012791506066814867,-0.00020084326295521327
-0.3915587556206683,-0.4364006345136842,0.20398537477148082,-0.00034176435245326795,0.0016254165956387763,0.0004079328021417809,-0.00016067461036405837
-0.39769501273234303,-0.4397047729584318,0.20398537477148082,-0.0009675774811062145,-6.442559546160663e-05,-0.000957801385952996,0.00044185517850139433
-0.3995830918436292,-0.4486731487370359,0.2461666273515333,-0.0007172522296449193,0.0007388594101157514,-0.0007971267755891246,0.00044185517850139433
-0.4014711709549133,-0.45339334651524704,0.26022704487822185,-0.0005295082910490936,0.00035470386945721244,-0.0007971267755891246,-0.0002811805681371489
-0.4076074280665902,-0.4524493069596061,0.2714753788995648,-0.0005295082910490936,-0.0006756328307105288,-0.0011184759963176155,0.00044185517850139433
-0.405719348955304,-0.4486731487370359,0.2799116294155753,-0.00027918303958808987,-0.0005401785774770992,-0.0007167894704068149,0.00040168652591023946
-0.40713540828876754,-0.4609456629603875,0.31365663147963035,-0.0005920896039142716,-0.0007322563478064502,-0.0007167894704071889,-0.00024101191554618112
-0.4113835862891583,-0.4637777816273147,0.3417774665329943,-0.00027918303958808987,0.00017150898674419944,-0.0003151029444967624,-4.0168652590967836e-05
-0.405719348955304,-0.45386536629306967,0.3474016335436723,-0.00046692697818391554,-1.668496598171811e-05,-0.0018415117429557847,-0.00016067461036424545
-0.40713540828876754,-0.46283374207167155,0.3164687149849628,-0.0007798335425103888,-0.00012104911255828032,-0.0005561148600429435,-8.033730518212271e-05
-0.40052713139927015,-0.46283374207167155,0.3923949696290573,-0.00015402041385744226,0.0007521837415405529,-7.409102895020723e-05,0.0
-0.4014711709549133,-0.4571695047378173,0.41207955416642383,-9.143910099226416e-05,0.0004945995664983533,-0.00015442833413251698,4.0168652591154874e-05
-0.3873105776202776,-0.4590575838491035,0.44863663973579826,-0.0009049961682407449,3.6054733510932756e-05,-0.0007167894704068147,0.00016067461036405837
-0.38542249850899135,-0.45103324762614255,0.4205158046824343,-0.0005295082910490936,-0.0005579443527099173,-0.0016808371325919133,0.00016067461036424545
-0.3684297865074285,-0.46047364318256706,0.4514487232411438,-0.0007172522296449193,0.0007738333343763365,-0.0006364521652248792,0.000281180568137336
-0.36418160850703785,-0.45339334651524704,0.4626970572624868,-9.143910099226416e-05,0.0001409765062919358,-0.00023476563931445265,-8.033730518212271e-05
-0.35190909428368616,-0.4505612278483199,0.4373883057144553,-2.8857788126794666e-05,-0.0003830747314081913,-0.0008774640807710603,0.00032134922072811674
-0.3368044613934052,-0.4529213267374266,0.44301247272513333,-0.0007798335425103888,0.0006122880444994121,-0.0007167894704068149,0.00040168652591023946
-0.3335003229486576,-0.4430089114031816,0.4598849737571543,3.3723524738383424e-05,-0.00022597088533928326,-0.0010381386911353058,-0.0004820238310925492
-0.30753923516849074,-0.4458410300701087,0.5048783098425392,-0.0005295082910490936,0.0003069632399773239,8.658358141366412e-05,-8.033730518193567e-05
-0.30140297805681376,-0.449617188292679,0.4908178923158638,-0.00027918303958808987,0.0010008850289659676,-0.0004757775548606337,4.0168652590967836e-05
-0.28346622649960784,-0.4401767927362545,0.5189387273692277,3.3723524738383424e-05,-0.0001560230368184182,-0.0007167894704071889,0.00024101191554618112
-0.2726097716097198,-0.4345125554024002,0.4851937253051858,-0.0009049961682407449,0.0011668717626513558,-0.00015442833413251698,0.00012050595777309055
-0.2537289804968707,-0.422712060956869,0.5133145603585497,0.0005343740276606823,-0.00021708799772280317,-0.0005561148600429435,-0.00016067461036405837
-0.24145646627351908,-0.4203519620677623,0.5217508108745602,-0.0005295082910490936,0.0006561448563757251,-7.409102895058128e-05,0.00040168652591023946
-0.21171922027078194,-0.40807944784441064,0.5189387273692277,-0.0008424148553755669,0.000944261511870046,-7.409102895020723e-05,0.0
-0.20322286427000052,-0.40383126984401996,0.5245628943799058,-0.0012179027325672183,0.0005861970078548598,-0.00039544024967869807,0.0
-0.1895342907131853,-0.393918854509775,0.5779924809813013,-0.00027918303958808987,0.0007216512610881266,6.246276231354367e-06,-0.0003615178733192716
-0.16262916337737532,-0.37928624139731665,0.5301870613905838,-2.8857788126794666e-05,0.0007127683734716464,-0.0004757775548610078,0.00012050595777309055
-0.14374837226452628,-0.36937382606306945,0.5358112284012487,-2.8857788126794666e-05,0.0002542235404842257,-0.0010381386911353058,0.0005623611362744849
-0.12486758115167722,-0.3556852525062542,0.5751803974759687,-0.00015402041385744226,-0.00043969824850441776,-0.0004757775548610078,-0.00012050595777309055
-0.11212304715050511,-0.34058061961597547,0.5751803974759687,-0.00015402041385744226,0.0009620272871022541,0.000889956633234143,-8.03373051821227e-05
-0.09135417692636984,-0.3226438680587695,0.5611199799492802,-0.0009675774811062145,-0.0014350610244112689,-0.0006364521652248792,-4.0168652591154874e-05
-0.06586510892402342,-0.2999869187233502,0.5639320634546258,-2.8857788126794666e-05,-0.0005490614650931322,-0.0011988133014991771,0.0003213492207283038
-0.05170451558938773,-0.2778019891657536,0.5386233119065943,-0.0009049961682407449,0.0007038854858559188,-0.0009578013859529959,-0.00020084326295521324
-0.034239783810002256,-0.25467302005251385,0.5611199799492802,-0.0007172522296449193,5.326288253869983e-05,-0.001520162522227668,0.000803373051820666
-0.02102323003100749,-0.23626424871748525,0.5414353954119268,-0.0005920896039142716,-0.00034365936333958976,-0.0004757775548606337,0.00020084326295521324
-0.007334656474192263,-0.21124720049296147,0.5386233119065943,0.0002214674633342091,0.000656144856375725,-7.40910289505813e-05,-8.033730518212271e-05
0.0091860357495501,-0.18575813249061504,0.5442474789172592,-0.00021660172672262034,-0.00014714014920208022,-0.00023476563931445265,8.033730518212271e-05
0.026650767528935575,-0.16310118315519576,0.5470595624226048,-0.0005920896039142716,-0.0006056849821895007,-0.0007971267755887506,-0.0003615178733192716
0.04269943997485748,-0.139972214041956,0.5751803974759687,-9.143910099226416e-05,-0.0020468258858650796,-0.002564547489594702,4.016865259096774e-05
0.04883569708653221,-0.11165102737268245,0.5836166479919793,-9.143910099226416e-05,-0.0011080866270538445,-0.0020021863533200303,0.000562361136274485
0.060164171754242955,-0.0875780187037996,0.5920528985079898,-2.8857788126794666e-05,-0.0005401785774770992,-0.0007167894704068149,0.00032134922072830376
0.08423718042312361,-0.058312792478885114,0.6033012325293459,-0.0010927401068365707,-0.0011513858127252692,-0.0008774640807710603,0.00016067461036424545
0.09698171442429793,-0.037543922254752046,0.6229858170666993,3.3723524738383424e-05,5.7704326346716146e-05,-0.001279150606681487,0.0004418551785013944
0.10831018909200647,-0.01724707180843944,0.6089253995400108,-0.0009049961682407449,0.00026310642810101095,-0.0005561148600425694,-0.00024101191554618106
0.13427127687217336,0.013906233527761262,0.5639320634546258,-0.000404345665318446,0.00013653506248391937,-0.0004757775548606337,0.00020084326295521324
0.14607177131770455,0.033731064196253414,0.5836166479919793,-9.143910099226416e-05,-9.93995197224967e-05,-0.0011184759963176155,0.00044185517850139433
0.1682567008753012,0.060164171754242955,0.5864287314973118,-0.0009049961682407449,-0.00032645121431182275,-0.001279150606681487,-0.00028118056813714894
0.1800571953208324,0.07715688375580577,0.5948649820133354,3.3723524738383424e-05,-0.0009509827809849364,-0.0021628609636842756,-8.03373051819357e-05
0.19657788754457475,0.10028585286904552,0.5498716459279372,0.00040921140193003476,0.0005817555640468434,-0.0006364521652248792,0.00012050595777309053
0.21073848087921265,0.12247078242664436,0.5864287314973118,-9.143910099226416e-05,0.00037635346229330103,-0.0013594879118634224,0.00024101191554618112
0.22678715332513455,0.13615935598345957,0.5751803974759687,-0.000404345665318446,0.0004773914174710335,0.0006489447176883361,0.0003615178733192716
0.23669956865937952,0.14512773176206145,0.6033012325293459,-2.8857788126794666e-05,0.0006733530054033499,-0.0008774640807710603,0.00032134922072811674
0.256052379550049,0.1640085228749105,0.5864287314973118,-0.0005295082910490936,-0.0008765934886560548,-0.0016004998274099778,0.00020084326295521324
0.27587721021854117,0.17958517554301193,0.6089253995400108,-2.8857788126794666e-05,0.000612288044499107,-0.0007167894704071889,0.0
0.28484558599714305,0.1876095117659729,0.5808045644866467,-0.00015402041385744226,0.0012457024987882538,0.0006489447176879618,-0.00044185517850139433
0.2990061793317809,0.20554626332317882,0.6089253995400108,-0.00021660172672262034,-0.0004746721727646978,-0.0006364521652248792,-0.00012050595777309053
0.3183589902224504,0.21026646110139,0.5667441469599582,-0.00027918303958808987,0.0004901581226903369,-0.00039544024967869807,0.00016067461036424542
0.32827140555669543,0.22159493576910072,0.6033012325293459,-0.00046692697818391554,-0.00012104911255828032,-0.0005561148600429436,0.0003213492207283038
0.35045633511429425,0.2230109951025643,0.5920528985079898,-0.00027918303958808987,-0.000182114073462523,-0.00039544024967907217,-0.000803373051820666
0.3528164340034009,0.23197937088116616,0.5667441469599582,-0.00027918303958808987,-0.0009026845252998548,-0.001279150606681487,0.00028118056813714894
0.363672888893289,0.23764360821502264,0.5836166479919793,-0.000404345665318446,0.00019760002338830446,-0.0006364521652248793,0.0008435417044116338
0.3778334822279247,0.24047572688194976,0.6286099840773773,0.0005343740276606823,0.0004246517179776304,-0.0004757775548610078,-0.00012050595777309055
0.37264126467189085,0.25038814221619476,0.5723683139706363,3.3723524738383424e-05,0.0006167294883074285,-0.0004757775548606337,0.00020084326295521324
0.37924954156138824,0.2527482411053014,0.5864287314973118,-0.0010927401068365707,0.0007477422977322315,-0.0003151029444967625,0.00044185517850139433
0.3768894426722816,0.2527482411053014,0.6229858170666993,-0.0005295082910490936,0.0011624303188433392,-0.00039544024967869807,0.00016067461036424542
0.37264126467189085,0.2532202608831219,0.5808045644866467,-0.000404345665318446,-0.0010903208518213314,-0.0010381386911353058,-0.0005623611362744849
0.36980914600496373,0.2626606564395464,0.6089253995400108,-0.00015402041385744226,-0.0007322563478061451,-0.0007167894704068149,-0.00032134922072830376
0.3646169284489299,0.25038814221619476,0.5976770655186678,-9.143910099226416e-05,-1.612733977697216e-05,-7.409102895020723e-05,0.0
0.3584806713372552,0.25463632021658544,0.5864287314973118,-0.00046692697818391554,0.0005206906031424584,-0.0004757775548606337,0.00020084326295521324
0.33771180111311994,0.2522762213274788,0.6426704016040528,-9.143910099226416e-05,-0.0009376584495601347,-0.001439825217045358,4.016865259096785e-05
0.3311035242236247,0.25558035977222854,0.6145495665506888,-0.0010927401068365707,0.0002719893157167388,-7.40910289505813e-05,8.033730518212271e-05
0.31363879244423926,0.25794045866133525,0.6004891490240003,9.63048376035615e-05,0.0011668717626513558,-0.00015442833413251692,-0.0004418551785012073
0.29239790244228353,0.2532202608831219,0.6229858170666993,-0.00027918303958808987,0.0005467816397867054,-0.0007971267755891246,0.0002008432629552133
0.26549277510647357,0.2442518851045178,0.6286099840773773,-0.0007798335425103888,-0.00034365936333958976,-0.0004757775548606337,0.0002811805681371489
0.2518042015496583,0.25086016199401523,0.6089253995400108,3.3723524738383424e-05,0.0011274563945830591,-0.0005561148600425694,0.0
0.2230109951025643,0.24377986532669738,0.6398583180987203,-0.0005920896039142716,0.0012018456869119405,6.246276231728444e-06,4.0168652590967836e-05
0.19988202598932456,0.24094774665977023,0.6089253995400108,-0.00046692697818391554,-0.00043969824850411266,-0.0004757775548606337,0.00020084326295521324
0.17580901732044169,0.23764360821502264,0.5976770655186678,3.3723524738383424e-05,-0.0008022041963273155,-0.0010381386911353058,8.033730518212275e-05
0.14843187020681123,0.23528350932591596,0.6033012325293459,-0.0007798335425103888,0.0007693918905683202,-0.0008774640807710603,0.0004016865259104265
0.12058270331535813,0.23386744999245238,0.5976770655186678,-0.00021660172672262034,0.000865430775732843,-0.0008774640807710602,0.0002410119155461811
0.09650969464647527,0.2263151335473119,0.6257979005720318,-0.00027918303958808987,0.00025422354048422577,-0.0010381386911353058,8.033730518212275e-05
0.06818850797720391,0.225371093991671,0.6061133160346783,9.63048376035615e-05,0.0008437811828967545,-0.0003151029444967624,-4.0168652590967836e-05
0.05119579597563889,0.2230109951025643,0.6061133160346783,0.0002840487761993872,0.001381156752021378,0.0010506312435983884,-0.00024101191554618106
0.025706727973292463,0.21781877754653048,0.5864287314973118,-0.00046692697818391554,0.0009092875876094609,-0.00023476563931445265,-8.033730518212271e-05
-0.00875071580765583,0.21262655999049668,0.5976770655186678,0.0005343740276606823,0.00032861283281341246,-0.0004757775548606337,-4.0168652590967836e-05
-0.0337677640321818,0.21026646110139,0.5808045644866467,-0.0005295082910490936,-0.00017323118584618518,8.658358141366412e-05,-8.033730518193567e-05
-0.07011328692441632,0.20696232265664238,0.5386233119065943,-0.00015402041385744226,0.0004290931617859519,-0.00023476563931445265,-0.00016067461036405837
-0.0682252078131301,0.2060182831009993,0.5470595624226048,-0.0009675774811062145,0.0007477422977322315,-0.0003151029444967624,0.00020084326295521324
-0.09796245381586723,0.19846596665586097,0.5751803974759687,-9.143910099226416e-05,-0.0001604644806268818,-0.00095780138595337,0.0005221924836835171
-0.11353910648396867,0.1885535513216138,0.5554958129386153,-0.00021660172672262034,-0.0009420998933684563,-0.0016808371325919133,-0.0006426984414566075
-0.12864373937424747,0.18288931398775954,0.5639320634546258,-0.00027918303958808987,0.0005728726764305057,-0.0011184759963176155,-0.00044185517850139433
-0.14610847115363296,0.1725048788756941,0.5358112284012487,-0.00027918303958808987,0.0007216512610884315,6.246276231728444e-06,-4.0168652590967836e-05
-0.1701814798225136,0.16306448331926957,0.48800580881051825,3.3723524738383424e-05,-0.0005834777631488291,0.0004079328021417809,-0.00040168652591023946
-0.18292601382368792,0.16212044376362647,0.5076903933478848,0.0002214674633342091,-0.0007061653111623453,-0.0010381386911353058,8.033730518212275e-05
-0.19803064671396672,0.14984792954027482,0.5386233119065943,3.3723524738383424e-05,-9.051663210571159e-05,-0.0006364521652248792,-0.00012050595777309053
-0.21691143782681577,0.13993551420602762,0.5189387273692277,-9.143910099226416e-05,0.0007216512610884315,6.246276231728444e-06,-4.0168652590967836e-05
-0.232488090494915,0.14512773176206145,0.4626970572624868,-0.0005920896039142716,0.0005295734907589385,6.246276231728417e-06,0.0002811805681371489
-0.2518409013855867,0.13615935598345957,0.46550914076781924,-0.0006546709167797412,0.00017150898674419944,-0.0003151029444967624,0.00020084326295521324
-0.26080927716418856,0.13096713842742577,0.47113330777849727,-0.00046692697818391554,0.0011668717626513558,-0.00015442833413251698,0.0003615178733192716
-0.27402583094318334,0.12435886153792838,0.4514487232411438,0.0002840487761993872,0.0008482226267050759,-7.409102895020723e-05,0.0
-0.2910185429447484,0.12671896042703507,0.4373883057144553,-0.0007172522296449193,0.0005206906031424584,-0.0004757775548606337,0.00020084326295521324
-0.30423509672374094,0.12105472309318079,0.40364330365041334,-2.8857788126794666e-05,-8.16337444896787e-05,-0.00015442833413251698,-4.0168652591154874e-05
-0.3179236702805562,0.12247078242664436,0.4373883057144553,-0.0007172522296449193,-0.0013917618387398441,-0.001761174437773849,-4.016865259096785e-05
-0.3368044613934052,0.11916664398189457,0.41207955416642383,-2.8857788126794666e-05,0.0005034824541148335,0.0003275954969598452,-0.00028118056813733597
-0.35426919317279065,0.11350240664804029,0.42613997169311235,0.00015888615046903102,4.0496177319091376e-05,-0.0004757775548610078,-0.00012050595777309055
-0.35662929206189736,0.1111423077589336,0.40926747066109137,-0.00046692697818391554,0.0007521837415402482,-7.409102895058128e-05,0.0006426984414564206
-0.3646536282848583,0.10736614953636336,0.41207955416642383,-0.0009049961682407449,0.0010008850289659676,-0.0004757775548606337,4.0168652590967836e-05
-0.3773981622860304,0.10406201109161577,0.44020038921978777,-0.0007172522296449193,-0.00034365936333958976,-0.0004757775548606337,0.00020084326295521324
-0.3849504787311709,0.10453403086943623,0.4064553871557458,3.3723524738383424e-05,-0.00011216622494149511,-7.409102895020723e-05,0.0
-0.3882546171759185,0.10358999131379532,0.3895828861237248,-0.00015402041385744226,0.0001626260991277194,-0.0007971267755891246,-0.0002811805681371489
-0.39769501273234303,0.10170191220250908,0.40364330365041334,-0.0007798335425103888,6.65872139631964e-05,-0.0007971267755891246,0.00044185517850139433
-0.40288723028837686,0.10736614953636336,0.42613997169311235,-0.0012804840454323963,-0.0005446200212854209,-0.00095780138595337,0.00012050595777309057
-0.4014711709549133,0.10642210998072245,0.40364330365041334,-0.0012804840454323963,-0.00034365936333958976,-0.0004757775548606337,0.00020084326295521324
-0.4052473291774835,0.11208634731457673,0.3895828861237248,-2.8857788126794666e-05,0.0006383790811432121,-0.0010381386911353058,8.033730518212275e-05
-0.4061913687331266,0.11161432753675626,0.3980191366397353,-0.00034176435245326795,0.00028031457712802575,-0.0013594879118637966,-0.0003213492207283038
-0.4043032896218404,0.11491846598150386,0.40364330365041334,-0.0009675774811062145,0.0002891974647448108,-0.0008774640807710603,-0.0004016865259104265
-0.40194319073273593,0.11539048575932431,0.4205158046824343,0.00015888615046903102,0.0002719893157170439,-7.409102895020717e-05,-0.0004820238310923622
-0.405719348955304,0.117750584648431,0.44020038921978777,-0.0005295082910490936,-0.00014714014920238526,-0.00023476563931482672,-0.0002410119155461811
-0.40477530939966305,0.11963866375971502,0.4373883057144553,-2.8857788126794666e-05,0.00043353460559441556,6.246276231728444e-06,4.0168652590967836e-05
-0.40996752695569466,0.11586250553714697,0.4373883057144553,-0.0006546709167797412,5.522253058811311e-06,-0.0006364521652248792,-0.00012050595777309053
-0.4000551116214497,0.11539048575932431,0.4289520551984448,-0.0005295082910490936,0.00025422354048453086,-0.0010381386911349315,0.0
-0.395806933621059,0.11586250553714697,0.4205158046824343,-0.0005295082910490936,-2.5010227393310025e-05,-0.0005561148600429435,0.00040168652591023946
-0.4156317642895512,0.11586250553714697,0.46550914076781924,-0.0006546709167797412,0.0011058068017469704,6.246276231728471e-06,-0.0006828670940475755
-0.36984584584089214,0.11350240664804029,0.4514487232411438,0.00040921140193003476,0.0014072477886651782,0.0007292820228698976,0.0
-0.3896706765093821,0.11161432753675626,0.40926747066109137,-0.00034176435245326795,0.0007782747781843529,-0.000395440249678698,0.0002410119155461811
-0.37078988539653523,0.10972624842547005,0.44020038921978777,-0.0006546709167797412,-0.00037863328759972763,-0.0006364521652248792,-0.0003615178733192716
-0.3679577667296059,0.10925422864764958,0.47113330777849727,-2.8857788126794666e-05,0.00013209361867590297,-0.0007167894704068149,8.03373051821227e-05
-0.36701372717396497,0.10170191220250908,0.44863663973579826,-2.8857788126794666e-05,0.0003114046837853404,0.0003275954969598452,-0.00020084326295502622
-0.3627655491735743,0.0865972793122303,0.4514487232411438,-0.0009675774811062145,-0.0002959187338600063,-0.0013594879118637966,0.0003213492207283038
-0.35474121295061334,0.08234910131183959,0.5020662263372068,-0.00046692697818391554,0.0015116119352412928,-0.0005561148600429435,8.033730518212271e-05
-0.34813293606111595,0.07479678486669909,0.4823816417998533,-0.0009049961682407449,5.326288253869999e-05,-0.001520162522227668,-0.0006426984414564206
-0.33302830317083715,0.06394032997681101,0.4514487232411438,3.3723524738383424e-05,-0.0006145678698055337,-0.0012791506066811126,0.00012050595777309057
-0.32075578894748547,0.054027914642566024,0.4767574747891753,-9.143910099226416e-05,-0.00018655551727068172,-0.0006364521652248792,-0.0003615178733192716
-0.3155635713914517,0.04741963775306864,0.46550914076781924,-0.0007798335425103888,0.00036802820088201405,-7.409102895020723e-05,0.0
-0.30423509672374094,0.04222742019703483,0.5245628943799058,3.3723524738383424e-05,0.0007827162219923694,-0.00015442833413251698,-4.0168652591154874e-05
-0.28960248361128477,0.03184298508496939,0.4851937253051858,-0.0005295082910490936,0.00010600258203179793,-0.00039544024967869807,0.00016067461036424542
-0.27969006827703763,0.018626431305974623,0.5105024768532173,-9.143910099226416e-05,-0.0003264512143118227,-0.001279150606681487,4.0168652590967795e-05
-0.2744978507210038,0.0091860357495501,0.5189387273692277,-0.00027918303958808987,-0.0004091657680519912,-0.0005561148600425694,-0.00024101191554618106
-0.26316937605329527,-0.008278696029835374,0.5105024768532173,3.3723524738383424e-05,-0.0012912815097668574,-0.001520162522227668,-0.0004016865259102395
-0.24381656516262576,-0.009694755363298942,0.5639320634546258,-0.00021660172672262034,-0.00044413969231212914,-0.0007167894704068149,-0.00032134922072830376
-0.23720828827312837,-0.018663131141903006,0.5076903933478848,-9.143910099226416e-05,0.00014541795010039949,6.246276231728444e-06,4.0168652590967836e-05
-0.20180680493653697,-0.022911309142293713,0.4908178923158638,0.00040921140193003476,-0.0001693473682426096,-0.001439825217045358,4.016865259096785e-05
-0.21124720049296147,-0.03046362558743201,0.5189387273692277,-0.00015402041385744226,0.001136339282199539,-7.409102895020723e-05,0.0
-0.1928384291579329,-0.04179210025514275,0.5554958129386153,-0.0012179027325672183,0.0004551841984297517,-0.0005561148600429436,0.0003213492207283038
-0.1819819742680448,-0.045096238699890344,0.5161266438638953,-0.00027918303958808987,-0.0004047243242435276,-0.0003151029444963883,-0.00012050595777309055
-0.16640532159994556,-0.04651229803335392,0.5386233119065943,-0.0007798335425103888,3.161328970291641e-05,-0.0009578013859529959,0.00020084326295521324
-0.1550768469322348,-0.051232495811567275,0.5245628943799058,3.3723524738383424e-05,-0.00038307473140819135,-0.0008774640807710603,0.0004820238310923622
-0.14374837226452628,-0.05595269358977844,0.5611199799492802,-0.00027918303958808987,-0.0006317760188339109,-0.0004757775548610078,0.00012050595777309055
-0.13666807559720842,-0.057368752923242006,0.5386233119065943,3.3723524738383424e-05,0.00040300212514184693,8.658358141366412e-05,0.00032134922072811674
-0.12014738337346387,-0.05359259470067176,0.4992541428318743,-0.0007172522296449193,4.937906493542935e-05,6.246276231728444e-06,4.0168652590967836e-05
-0.10740284937229175,-0.06161693092363271,0.5358112284012487,-0.0006546709167797412,0.00025422354048453086,-0.0010381386911349315,0.0002410119155461811
-0.10221063181625793,-0.05925683203452823,0.5301870613905838,-0.00046692697818391554,0.0008654307757328429,-0.0008774640807710603,0.0004820238310923622
-0.09229821648201296,-0.06633712870184608,0.5386233119065943,3.3723524738383424e-05,-0.00011216622494180013,-7.40910289505813e-05,8.033730518212271e-05
-0.09371427581547652,-0.06775318803530964,0.5526837294332697,3.3723524738383424e-05,0.0013983649010494501,0.0002472581917779095,-0.00016067461036405837
-0.06444904959055985,-0.0682252078131301,0.5892408150026573,-0.00027918303958808987,-0.000867710601039717,-0.0011184759963172415,-0.00036151787331927166
-0.07105732648005723,-0.06916924736877321,0.5217508108745602,-0.00034176435245326795,0.0009747939923218625,-0.00015442833413251698,4.0168652591154874e-05
-0.0649210693683825,-0.0649210693683825,0.5526837294332697,-0.00015402041385744226,2.328802829132436e-05,0.0003275954969598452,-0.00012050595777309053
-0.057368752923242006,-0.06539308914620295,0.5639320634546258,-0.0006546709167797412,-0.0006623084992857273,-0.00039544024967869807,-0.00016067461036424542
-0.05076047603374462,-0.06539308914620295,0.5358112284012487,0.0002214674633342091,0.00010600258203179795,-0.00039544024967869807,-8.033730518193567e-05
-0.05076047603374462,-0.06869722759095274,0.5526837294332697,-9.143910099226416e-05,0.00042909316178595184,-0.00023476563931445265,8.033730518212271e-05
-0.046984317811174375,-0.07530550448044794,0.5554958129386153,-0.00046692697818391554,0.0008393397390887382,-0.0005561148600429435,0.00016067461036405837
-0.04934441670028105,-0.07436146492480702,0.5583078964439477,-0.00046692697818391554,0.0005467816397867053,-0.0007971267755891246,-0.0002008432629552133
-0.04934441670028105,-0.07436146492480702,0.5611199799492802,-0.0007798335425103888,0.00015374321151168612,-0.001279150606681487,-0.0004418551785013944
-0.04934441670028105,-0.07200136603570034,0.5329991448959163,-0.000404345665318446,-0.0014789178362878868,-0.001279150606681487,0.0003615178733194587
-0.0455682584777108,-0.0682252078131301,0.5329991448959163,-0.00034176435245326795,-0.0006362174626419274,-0.0007167894704071889,0.00024101191554618112
-0.03943200136603607,-0.07011328692441632,0.5358112284012487,0.0005969553405258605,-0.0001909969610786983,-0.0008774640807710603,-0.00016067461036424545
-0.04226412003296321,-0.07624954403609105,0.5611199799492802,-0.000404345665318446,-0.0008371781205871482,-0.001198813301499177,-0.0001606746103640584
-0.05359259470067176,-0.07719358359173416,0.5779924809813013,-0.0012804840454323963,3.161328970291641e-05,-0.0009578013859529959,0.00020084326295521324
-0.05264855514503084,-0.07624954403609105,0.5386233119065943,-0.0007798335425103888,4.9379064935429324e-05,6.246276231728471e-06,-0.0006828670940475755
-0.057368752923242006,-0.08002570225866129,0.5442474789172592,-0.00027918303958808987,-0.0001471401492023853,-0.00023476563931482678,0.0004820238310923622
-0.05878481225670557,-0.06444904959055985,0.5470595624226048,-0.00046692697818391554,-0.0007278149039981288,-0.0004757775548606337,-0.0002811805681371489
-0.06633712870184608,-0.06539308914620295,0.5301870613905838,-0.00015402041385744226,0.0007216512610884315,6.246276231728444e-06,4.0168652590967836e-05
-0.07577752425827058,-0.06869722759095274,0.5611199799492802,-0.0009049961682407449,-0.0005618281703127406,-0.00015442833413251698,4.0168652591154874e-05
-0.0875780187037996,-0.061144911145812254,0.5301870613905838,3.3723524738383424e-05,-0.0005401785774770992,-0.0007167894704068149,-0.00032134922072830376
-0.10173861203843748,-0.061144911145812254,0.5498716459279372,-0.00034176435245326795,-0.00019543840488671474,-0.0011184759963172415,0.0005221924836835171
-0.11070698781704154,-0.046984317811174375,0.5498716459279372,-0.00034176435245326795,-0.00028703584624322116,-0.0008774640807710603,-0.0004016865259104265
-0.11401112626178914,-0.04179210025514275,0.5358112284012487,-2.8857788126794666e-05,-0.0005490614650934373,-0.0011988133014995512,0.0
-0.12958777892988838,-0.03329574425435915,0.5498716459279372,9.63048376035615e-05,3.1613289702916384e-05,-0.0009578013859529959,-0.00020084326295521324
-0.13619605581938576,-0.022911309142293713,0.5414353954119268,-0.0005295082910490936,-0.0013523464706712424,-0.0013594879118634224,8.033730518193564e-05
-0.1456364513758103,-0.010166775141119399,0.5498716459279372,3.3723524738383424e-05,0.000184275691963808,-0.0013594879118634224,-0.00040168652591042654
-0.15130068870966457,0.002105739082232259,0.5301870613905838,-0.0009049961682407449,-0.00011660766874981664,-0.0003151029444967624,0.00020084326295521324
-0.1711255193781567,0.021930569750722214,0.5245628943799058,-0.0008424148553755669,-0.00027815295862718825,-0.00039544024967869807,8.033730518193567e-05
-0.1753736973785474,0.036091163085360096,0.5273749778852382,-0.00046692697818391554,0.00020204146719632088,-0.000395440249678698,0.0002410119155461811
-0.18906227093536265,0.04836367730871175,0.5273749778852382,-0.0007798335425103888,1.080809250794939e-06,-0.0008774640807710602,0.0002410119155461811
-0.19991872582525075,0.06441234975463365,0.5189387273692277,-0.00027918303958808987,0.00035470386945721244,-0.0007971267755891246,-4.016865259096782e-05
-0.20699902249257077,0.0865972793122303,0.5133145603585497,-0.00046692697818391554,-0.0002825944024352046,-0.0006364521652248792,0.0003615178733192716
-0.21549537849335218,0.10406201109161577,0.5076903933478848,-0.00034176435245326795,0.0009836768799383424,0.0003275954969598452,-0.0003615178733192716
-0.220687596049386,0.12435886153792838,0.47956955829450776,-2.8857788126794666e-05,0.0014638713057618519,0.0003275954969598452,-0.0004418551785012073
-0.22918395205016742,0.13946349442820719,0.48800580881051825,-0.0006546709167797412,0.001293443128268447,-0.00023476563931445265,-8.033730518212271e-05
-0.23060001138363098,0.16212044376362647,0.5189387273692277,-0.00021660172672262034,0.00016706754293573572,-0.0005561148600429435,-8.033730518212271e-05
-0.23815232782877147,0.1833613337655822,0.4851937253051858,-0.0005295082910490936,0.0018480268464203906,0.0003275954969598452,0.00020084326295502622
-0.24192848605133951,0.20271414465625168,0.47956955829450776,3.3723524738383424e-05,0.00046850852985455343,0.00016692088659597386,-0.0003615178733192716
-0.24712070360737334,0.21781877754653048,0.44020038921978777,-0.00046692697818391554,-0.0008022041963273153,-0.0010381386911353058,-0.00016067461036405837
-0.2551450398303343,0.24472390488234047,0.4598849737571543,-2.8857788126794666e-05,0.0005817555640468434,-0.0006364521652248792,0.0005221924836835171
-0.2565610991637979,0.25369228066094235,0.4317641387037773,-2.8857788126794666e-05,-0.0007017238673543288,-0.0007971267755891246,-0.0002811805681371489
-0.25986523760854763,0.28154144755239546,0.4205158046824343,-0.0010301587939713925,7.547010157922925e-05,-0.0003151029444967624,0.00020084326295521324
-0.26364139583111573,0.2867336651084293,0.3895828861237248,-0.0009049961682407449,-0.0005401785774770992,-0.0007167894704068149,-8.03373051821227e-05
-0.2570331189416205,0.3093906144438486,0.36146205107036083,-0.000404345665318446,-0.00016046448062657676,-0.000957801385952996,-0.00044185517850139433
-0.26411341560893836,0.3207190891115571,0.35302580055435034,-2.8857788126794666e-05,0.0002064829110043373,-0.00015442833413251698,0.00012050595777309055
-0.2688336133871495,0.3306315044458021,0.33615329952231626,-2.8857788126794666e-05,-0.00018655551727068178,-0.0006364521652248792,-0.0002008432629550262
-0.2537289804968707,0.3476242164473671,0.3164687149849628,-0.0010301587939713925,0.000761066629157033,0.00040793280214215496,-0.0002410119155461811
-0.26080927716418856,0.3547045131146849,0.3080324644689523,-0.0009675774811062145,0.0009659111047058296,-0.0006364521652248792,-0.000281180568137336
-0.25844917827508407,0.3712252053384273,0.2630391283835543,-0.0005295082910490936,0.0003635867570735504,-0.0003151029444963883,-0.00012050595777309055
-0.26080927716418856,0.37924954156138824,0.20960954178215885,-0.0006546709167797412,0.0005728726764305056,-0.0011184759963176155,0.00044185517850139433
-0.2565610991637979,0.3872738777843492,0.17586453971811689,-9.143910099226416e-05,-5.110126403711006e-05,-0.00023476563931445265,0.00016067461036405837
-0.25797715849726144,0.392466095340383,0.15336787167541785,3.3723524738383424e-05,-0.0007194896425868417,-0.001761174437773849,0.0001205059577732776
-0.24806474316301647,0.4009624513411644,0.11962286961137589,-0.0005295082910490936,-0.0009198926743279269,-0.0004757775548610078,-0.00012050595777309055
-0.247592723385196,0.41040284689758894,0.10275036857935489,-2.8857788126794666e-05,0.0006605863001837415,0.00016692088659559976,0.00044185517850139433
-0.2499528222743005,0.41653910400926586,0.07462953352597786,-0.00021660172672262034,-0.00028703584624322116,-0.0008774640807710603,-0.00016067461036424545
-0.24192848605133951,0.4226753611209406,-0.04347797369818217,-2.8857788126794666e-05,0.0008393397390890431,-0.0005561148600425694,0.00024101191554618106
-0.24240050582916217,0.43069969734390157,-0.023793389160815616,-0.0012179027325672183,-0.001199684068410351,-0.001761174437773849,-0.00036151787331945874
-0.23343213005055813,0.43069969734390157,-0.05472630771952513,-0.00046692697818391554,-0.00041804865566832917,-0.0010381386911353058,0.0004820238310925492
-0.2315440509392741,0.4325877764551878,-0.09971964380492315,-0.0009049961682407449,0.00042465171797793547,-0.0004757775548606337,0.0002811805681371489
-0.22871193227234696,0.4401400929003261,-0.09128339328889958,-0.0012804840454323963,-0.0003830747314081913,-0.0008774640807710602,-0.0002410119155461811
-0.22021557627156335,0.44391625112289634,-0.13346464586896514,-0.000404345665318446,0.0005251320469506171,-0.00023476563931482672,0.0007230357466385432
-0.2216316356050269,0.4443882709007168,-0.19533048298637107,-0.00015402041385744226,-0.0011036451832458281,-0.001761174437773849,0.0002008432629552133
-0.2164394180489953,0.45902088401317515,-0.1784579819543501,-0.0009675774811062145,-0.00038751617521620783,-0.0011184759963172415,0.00036151787331927166
-0.2079430620482117,0.4528846269014982,-0.2150150675237376,-0.0008424148553755669,0.00017595043055221592,-7.40910289505813e-05,8.033730518212271e-05
-0.20227882471435743,0.4576048246797116,-0.2150150675237376,-0.0005920896039142716,0.0012629106478158785,-0.00015442833413251698,-4.0168652591154874e-05
-0.1895342907131853,0.46657320045831563,-0.2487600695877796,-0.00027918303958808987,5.52225305881142e-06,-0.0006364521652248792,-0.0004418551785012073
-0.18764621160189907,0.47176541801434724,-0.268444654125133,-0.0007798335425103888,-0.0006451003502584075,-0.001198813301499551,-0.0002410119155461811
-0.18150995449022436,0.4736534971256335,-0.268444654125133,-0.00046692697818391554,-0.00012993200017431312,-0.0010381386911353058,0.00016067461036405837
-0.17584571715637007,0.48262187290423536,-0.268444654125133,-0.00046692697818391554,-0.001076996520396835,-0.0003151029444967624,0.00020084326295521324
-0.1635732029330184,0.47790167512602416,-0.2825050716518216,-9.143910099226416e-05,0.00036802820088201405,-7.409102895020723e-05,0.0
-0.15979704471044817,0.4797897542373082,-0.25719632010379007,-0.00046692697818391554,0.00021092435481280102,8.658358141366412e-05,0.00032134922072811674
-0.15130068870966457,0.4840379322376989,-0.27969298814648913,-2.8857788126794666e-05,-0.0004091657680519912,-0.0005561148600425694,-0.00024101191554618106
-0.13619605581938576,0.4863980311268056,-0.2909413221678321,-0.0007172522296449193,0.0008260154076645465,-0.0012791506066811126,0.00012050595777309057
-0.12439556137385677,0.4887581300159123,-0.3218742407265416,-0.0010927401068365707,0.0012368196111717735,0.0001669208865955998,-0.00028118056813714894
-0.11353910648396867,0.48781409046026913,-0.3050017396945206,-2.8857788126794666e-05,-0.0010076062980808578,-0.001761174437773849,-0.0007632043992295111
-0.09985053292715344,0.48781409046026913,-0.2543842365984576,-0.0006546709167797412,0.0004901581226903369,-0.00039544024967869807,8.033730518193567e-05
-0.09465831537111963,0.483093892682058,-0.2543842365984576,-0.0005295082910490936,-0.00019543840488671463,-0.0011184759963172412,0.00020084326295502622
-0.07955368248084084,0.4793177344594877,-0.3134379902105311,3.3723524738383424e-05,1.0808092507948847e-06,-0.0008774640807710602,-8.033730518193564e-05
-0.060672891367991796,0.4774296553482037,-0.2543842365984576,-0.0009049961682407449,-0.0004091657680522963,-0.0005561148600429435,8.033730518212271e-05
-0.0531205749228513,0.46846127956959965,-0.2825050716518216,-0.0006546709167797412,0.00010156113822333427,-0.0006364521652248792,0.00012050595777309053
-0.04179210025514275,0.45571674556842756,-0.26563257061980056,-0.0005295082910490936,0.0004507427546217354,-0.0007971267755891246,0.0002811805681371489
-0.029991605809611552,0.4491084686789302,-0.27688090464114357,-0.00015402041385744226,-0.00014714014920208022,-0.00023476563931445265,-8.033730518212271e-05
-0.02432736847575728,0.4401400929003261,-0.2459479860824471,-2.8857788126794666e-05,0.00025033972288140255,0.00048827010732409065,-0.00020084326295521324
-0.004030518029444669,0.4325877764551878,-0.26000840360912253,-0.000404345665318446,0.0007999243710204415,-0.0009578013859529959,-0.00020084326295521324
0.005881897304802507,0.42220334134312015,-0.26000840360912253,3.3723524738383424e-05,0.0002891974647448108,-0.0008774640807710603,0.00016067461036424545
0.012018154416477236,0.40379457000809155,-0.2459479860824471,-0.0006546709167797412,0.0002764307595255075,0.00016692088659597386,0.00012050595777309055
0.03514712352971698,0.39010599645127636,-0.27688090464114357,-9.143910099226416e-05,0.0015860012275704795,6.246276231728444e-06,-4.0168652590967836e-05
0.033259044418432956,0.3650889482267526,-0.22907548505042613,-2.8857788126794666e-05,-0.0007061653111623453,-0.0010381386911353058,0.0003213492207283038
0.04647559819742553,0.3509283548921147,-0.24313590257710158,-2.8857788126794666e-05,0.0005467816397867055,-0.0007971267755891246,0.0002811805681371489
0.05638801353167271,0.32260716822284113,-0.2459479860824471,-0.0009049961682407449,-0.0011952426246023347,-0.001520162522227668,0.00016067461036405837
0.056860033309493165,0.3023103177765285,-0.20376673350238156,-0.0007172522296449193,-0.0005401785774770993,-0.0007167894704068149,8.03373051821227e-05
0.06582840908809723,0.27918134866328875,-0.18127006545969562,-0.0005295082910490936,-0.0008804773062590203,-7.409102895020723e-05,0.0
0.08565323975658719,0.2466119839936245,-0.14190089638497563,-0.00015402041385744226,0.00017595043055252093,-7.409102895020723e-05,0.0002410119155461811
0.08282112108966004,0.21923483687999404,-0.16158548092232908,-0.000404345665318446,0.0007999243710201363,-0.00095780138595337,-0.00012050595777309057
0.09509363531301171,0.18572143265468666,-0.15877339741699661,-0.000404345665318446,0.0004945995664983533,-0.00015442833413251698,4.0168652591154874e-05
0.10311797153597266,0.15692822620759264,-0.1447129798903081,-0.0006546709167797412,0.0008176901462529544,6.246276231728444e-06,4.0168652590967836e-05
0.10311797153597266,0.12435886153792838,-0.09128339328889958,-0.00034176435245326795,-0.00013437344398277694,-0.001279150606681487,0.0006025297888656398
0.11633452531496742,0.09603767486865482,-0.03504172318217167,-0.00046692697818391554,0.0005906384516633236,-0.00015442833413251698,0.00012050595777309055
0.12105472309318079,0.06818850797720391,-0.029417556171493643,-0.0007172522296449193,0.001197404243103477,-0.00023476563931445265,-8.033730518212271e-05
0.1304951186496053,0.03231500486278985,-0.032229639676826106,-0.0009049961682407449,-0.00027815295862718825,-0.00039544024967869807,0.00016067461036424542
0.13427127687217336,0.0006896797487686905,0.02963619744057982,-0.0008424148553755669,-0.0006972824235463124,-0.0005561148600429436,0.0003213492207283038
0.14701581087334767,-0.034711803587822714,0.08306578404198835,-2.8857788126794666e-05,0.0007349755925129282,0.0007292820228702717,-0.0003213492207283038
0.15692822620759264,-0.05878481225670557,0.03807244795660341,-0.0005295082910490936,1.884658448330788e-05,8.658358141366406e-05,-0.0007230357466385432
0.16023236465234025,-0.09985053292715344,0.12805912012738638,9.63048376035615e-05,0.0003807949061013175,-0.0011184759963172415,0.00036151787331927166
0.16542458220837405,-0.11920334381782295,0.1505557881700723,-2.8857788126794666e-05,0.0006078466006909484,-0.000957801385952996,0.00044185517850139433
0.17297689865351457,-0.14280433270888315,0.22929412631951232,-0.0005295082910490936,-0.00021264655391478677,-0.0003151029444967624,-0.00020084326295521324
0.17722507665390527,-0.1744296578229065,0.24054246034086837,-0.0005295082910490936,0.0004424174932104484,0.00048827010732409065,-0.00020084326295521324
0.18666547221032978,-0.19519852804703958,0.2714753788995648,-0.0007798335425103888,0.000813248702444938,-0.00023476563931445265,-8.033730518212271e-05
0.18808153154379334,-0.21360729938206596,0.2939720469422638,0.0002840487761993872,0.0001409765062919358,-0.00023476563931445265,-8.033730518212271e-05
0.20743434243446285,-0.22871193227234696,0.32771704900630577,-0.00046692697818391554,0.0005601059712107548,-7.40910289505813e-05,8.033730518212271e-05
0.1961058677667543,-0.2527849409412276,0.3642741345756933,-0.00015402041385744226,-6.442559546191172e-05,-0.00095780138595337,-0.00012050595777309057
0.20177010510060858,-0.26128129694201124,0.37552246859703625,-2.8857788126794666e-05,-0.001016489185697338,-0.002243198268866211,0.00052219248368333
0.20696232265664238,-0.2721377518318993,0.44863663973579826,-0.0005920896039142716,6.658721396350149e-05,-0.0007971267755887506,0.0003615178733192716
0.19988202598932456,-0.284410266055251,0.4626970572624868,-0.00046692697818391554,0.0005034824541148335,0.0003275954969598452,0.00028118056813733597
0.2239550346582052,-0.29432268138949597,0.4598849737571543,0.0002214674633342091,-0.00033033503191539824,0.00024725819177753546,0.0
0.21073848087921265,-0.2980988396120662,0.5048783098425392,-0.00027918303958808987,0.00041576883036190245,-0.0009578013859529959,-0.00020084326295521324
0.20271414465625168,-0.30612317583502713,0.5358112284012487,9.63048376035615e-05,-0.0004091657680519912,-0.0005561148600425694,-0.00024101191554618106
0.20271414465625168,-0.3117874131688814,0.5189387273692277,-0.00015402041385744226,0.00034193716423790903,0.0002472581917779095,8.033730518212271e-05
0.1951618282111112,-0.30612317583502713,0.5470595624226048,-2.8857788126794666e-05,-0.00024762047817461963,-0.0004757775548606337,-0.00020084326295521324
0.18949759087725693,-0.30470711650156357,0.5470595624226048,-0.0005295082910490936,-0.0008199699715598284,-0.00200218635332003,0.00032134922072830376
0.18147325465429595,-0.3065951956128476,0.5414353954119268,-0.00034176435245326795,0.00020204146719632088,-0.000395440249678698,0.0002410119155461811
0.1658966019861967,-0.30140297805681376,0.5836166479919793,-0.0007172522296449193,-0.00012104911255797523,-0.0005561148600425694,-0.00024101191554618106
0.15031994931809525,-0.29432268138949597,0.5976770655186678,-0.00021660172672262034,-7.774992688610303e-05,-0.0016808371325915392,-8.033730518212272e-05
0.15079196909591572,-0.28582632538871455,0.5639320634546258,-9.143910099226416e-05,0.0014111316062687537,-0.0007971267755891246,0.0002811805681371489
0.12530290109357148,-0.2787460287213967,0.5779924809813013,-0.0009049961682407449,-4.665982022909363e-05,6.246276231728444e-06,0.00020084326295521324
0.1111423077589336,-0.266473514498045,0.5751803974759687,-0.0005295082910490936,0.0004945995664983533,-0.00015442833413251698,4.0168652591154874e-05
0.09462161553519124,-0.2570331189416205,0.5723683139706363,-0.0008424148553755669,-0.000579593945545701,-0.0011184759963172412,-4.016865259115493e-05
0.07007658708848793,-0.24617666405173244,0.5470595624226048,-2.8857788126794666e-05,0.0015293777104745583,0.00040793280214215496,0.0002410119155461811
0.04930771686435487,-0.23815232782877147,0.47394539128384283,-0.0006546709167797412,9.963696866827738e-06,-0.00039544024967869807,-0.00016067461036424542
0.033731064196253414,-0.2315440509392741,0.5414353954119268,-9.143910099226416e-05,0.0007216512610881266,6.246276231354367e-06,0.00012050595777309055
0.003521798415695827,-0.21171922027078194,0.4598849737571543,-0.00046692697818391554,0.0004812752350743039,-0.0008774640807710603,0.0004016865259104265
-0.007806676252014917,-0.19803064671396672,0.4514487232411438,-0.0005295082910490936,-0.0001166076687498165,-0.0003151029444967624,-0.0007632043992295112
-0.03943200136603607,-0.18811823137972172,0.3980191366397353,-2.8857788126794666e-05,-0.0005446200212854208,-0.00095780138595337,-0.0005221924836835171
-0.06728116825748698,-0.1819819742680448,0.3783345521023818,-0.0005920896039142716,-2.0568783585293653e-05,-0.0003151029444967624,-4.0168652590967836e-05
-0.08238580114776797,-0.1659333018221229,0.3558378840596828,0.00047179271479521294,-0.0003919576190242241,-0.0013594879118634224,0.0
-0.11401112626178914,-0.16026906448826864,0.3558378840596828,-0.0007798335425103888,-0.0012823986221500723,-0.0010381386911349315,-0.0002410119155461811
-0.1305318184855315,-0.139972214041956,0.30522038096361986,-0.00021660172672262034,0.001267352091624342,8.658358141366412e-05,0.0004016865259104265
-0.15554886671005747,-0.1357240360415653,0.23491829333019035,-9.143910099226416e-05,-0.0006451003502581024,-0.0011988133014991771,0.0003213492207283038
-0.17584571715637007,-0.12203546248475008,0.18430079023412738,-0.00027918303958808987,-0.00047023072895623416,-0.00039544024967869807,0.00016067461036424542
-0.19897468626960982,-0.10881890870575532,0.17586453971811689,-9.143910099226416e-05,0.00019760002338830435,-0.0006364521652248792,-0.000281180568137336
-0.21785547738245886,-0.10457073070536461,0.1111866190953654,-0.0006546709167797412,0.0007127683734719514,-0.0004757775548606337,-0.00020084326295521324
-0.232488090494915,-0.09277023625983341,0.06056911599928933,-0.0005920896039142716,0.001040300397034569,-7.409102895020723e-05,0.0
-0.2537289804968707,-0.07624954403609105,0.06900536651529983,-0.00015402041385744226,-3.3606345576688294e-06,-0.0011184759963172415,0.0006025297888654528
-0.2716657320540767,-0.07388944514698437,-0.009732971634127093,-0.0011553214197020402,0.00068223589301983,-0.000395440249678698,-0.0002410119155461811
-0.2829942067217874,-0.05359259470067176,-0.0884713097835671,-0.0007798335425103888,0.000263106428101011,-0.0005561148600425694,0.00024101191554618106
-0.30140297805681376,-0.04226412003296321,-0.10253172731025563,-0.000404345665318446,0.0005295734907589385,6.246276231728444e-06,4.0168652590967836e-05
-0.3183956900583788,-0.027631506920504874,-0.16439756442767464,-0.0005920896039142716,0.0007693918905683201,-0.0008774640807710603,-0.0004016865259104265
-0.33302830317083715,-0.019135150919723464,-0.16158548092232908,-0.0009049961682407449,4.049617731939647e-05,-0.0004757775548606337,-0.00044185517850139433
-0.3462448569498297,-0.0030864784738015576,-0.2009546499970491,-0.0005920896039142716,-0.0011691515879585347,-0.001841511742956159,-0.0003213492207283038
-0.3585173711731814,0.003993818193516283,-0.2881292386624996,-0.0009675774811062145,0.0008959632561849646,-0.0009578013859529958,-4.016865259096782e-05
-0.3722059447299988,0.023818648862008438,-0.28531715515716716,-9.143910099226416e-05,-0.0006800742745182403,-0.0013594879118634224,0.00024101191554618112
-0.3811743205086007,0.03137096530714674,-0.30218965618918814,-0.0006546709167797412,0.0007083269296639351,-0.0007167894704068149,8.03373051821227e-05
-0.3991110720658066,0.043643479530498394,-0.3612434098012616,-0.00046692697818391554,-0.00012104911255828032,-0.0005561148600429435,8.033730518212271e-05
-0.40194319073273593,0.057332053087315815,-0.3528071592852511,-2.8857788126794666e-05,-0.00043969824850411266,-0.0004757775548606337,0.00020084326295521324
-0.40288723028837686,0.0714926464219515,-0.3753038273279501,-0.00034176435245326795,0.0010053264727744311,-0.00023476563931445265,0.00016067461036405837
-0.41374368517826493,0.09226151664608456,-0.3724917438226045,3.3723524738383424e-05,-0.0010597883713687627,-0.0011184759963172412,0.00020084326295502622
-0.4175198434008352,0.11067028798111316,-0.3893642448546255,-0.0007172522296449193,-6.442559546191161e-05,-0.00095780138595337,0.0005221924836835171
-0.43073639717983,0.12011068353753768,-0.34155882526390813,-0.0005295082910490936,0.00031140468378534035,0.0003275954969598452,-0.0003615178733192716
-0.4250721598459757,0.13568733620563692,-0.3443709087692406,0.0002214674633342091,-0.00031312688288732623,-0.0005561148600429435,8.033730518212271e-05
-0.4279042785129028,0.15409610754066552,-0.4090488293919921,-2.8857788126794666e-05,0.0005251320469509221,-0.00023476563931445265,8.033730518212271e-05
-0.42837629829072327,0.16542458220837405,-0.3837400778439606,0.00015888615046903102,0.000464067086046537,-7.409102895020723e-05,0.0
-0.4208239818455828,0.1833613337655822,-0.36967966031727206,-0.00021660172672262034,-0.0003392179195311261,-0.00023476563931445265,8.033730518212271e-05
-0.4203519620677623,0.1951618282111112,-0.36967966031727206,-0.0007798335425103888,3.1613289702916276e-05,-0.000957801385952996,-0.00044185517850139433
-0.41610378406737164,0.20979444132356953,-0.36405549330659404,-2.8857788126794666e-05,-0.0004879965041891944,-0.0013594879118634224,-0.00024101191554618112
-0.4061913687331266,0.2154586786574238,-0.3753038273279501,-0.000404345665318446,-0.0007455806792306417,-0.0014398252170453583,0.0004418551785013944
-0.39816703251016566,0.22678715332513455,-0.3893642448546255,-0.0008424148553755669,-5.554270784557372e-05,-0.0004757775548606337,-0.00020084326295521324
-0.4033592500661995,0.23528350932591596,-0.3837400778439606,-0.00046692697818391554,-0.000867710601039717,-0.0011184759963172415,-0.0005221924836835171
-0.37928624139731665,0.25038814221619476,-0.33874674175856256,-0.00015402041385744226,-0.0007189320163816487,6.246276231728444e-06,4.0168652590967836e-05
-0.35993343050664495,0.25369228066094235,-0.3274984077372196,-0.0009675774811062145,0.0010491832846507441,0.0004079328021417809,-0.00016067461036405837
-0.3495489953945795,0.26030055755043974,-0.32468632423187405,-0.00046692697818391554,0.00010156113822333421,-0.0006364521652248792,0.000281180568137336
-0.340108599838155,0.26077257732826237,-0.2909413221678321,9.63048376035615e-05,0.0002936389085528273,-0.0006364521652248792,-0.000281180568137336
-0.32075578894748547,0.2711570124403278,-0.2881292386624996,-0.00046692697818391554,-0.0006978400497510584,-0.002323535574048521,0.00016067461036405831
-0.3023470176124569,0.27587721021854117,-0.2881292386624996,-0.0010301587939713925,-8.607518829769519e-05,-0.00039544024967869807,0.00016067461036424542
-0.2872423847221781,0.27210105199597096,-0.25157215309311204,-0.0007798335425103888,-0.0006972824235463124,-0.0005561148600429436,0.0003213492207283038
-0.2622253364976521,0.2650207553286531,-0.24313590257710158,3.3723524738383424e-05,0.0003241713890046436,-0.0007167894704071889,0.0
-0.23768030805094884,0.26643681466211666,-0.23469965206109106,-0.0007798335425103888,0.0007166521910752222,-0.00200218635332003,-0.00024101191554636817
-0.22776789271670383,0.2621886366617259,-0.22063923453441564,-0.0006546709167797412,-0.0002825944024352048,-0.0006364521652248792,-0.000281180568137336
-0.20605498293692767,0.26030055755043974,-0.2150150675237376,-0.000404345665318446,0.0003241713890046436,-0.0007167894704071889,0.0
-0.18575813249061504,0.2485000631049107,-0.20939090051305959,-0.0006546709167797412,-0.00033089265812028646,-0.001520162522227668,0.0004016865259102395
-0.1574369458213415,0.24377986532669738,-0.21220298401839205,-0.00046692697818391554,0.00079548292721212,-0.0011988133014995512,0.00040168652591042654
-0.15035664915402364,0.23764360821502264,-0.22063923453441564,-0.00034176435245326795,0.0012717935354323586,0.0003275954969598452,-0.00012050595777309053
-0.1305318184855315,0.2315073511033457,-0.19533048298637107,-0.0007172522296449193,-0.0001604644806268818,-0.00095780138595337,0.0005221924836835171
-0.10221063181625793,0.22773119288077545,-0.18970631597570614,-0.0006546709167797412,0.00042021027416991894,-0.0007167894704068149,-0.00032134922072830376
-0.08049772203648176,0.2263151335473119,-0.20657881700772712,-0.0006546709167797412,-0.00011660766874981662,-0.0003151029444967624,4.0168652590967836e-05
-0.06256097047927582,0.20696232265664238,-0.1784579819543501,-0.00015402041385744226,0.0005995213392793563,0.0003275954969598452,-0.00012050595777309053
-0.060672891367991796,0.20318616443407214,-0.1672096479330071,0.0002840487761993872,-0.0011475019951224458,-0.0024038728792304563,-0.0002811805681373359
-0.03565584314346583,0.1961058677667543,-0.1925183994810386,-0.0007172522296449193,-0.0002259708853392833,-0.0010381386911353058,-0.00016067461036405837
-0.0049745575850855825,0.18100123487647551,-0.15596131391166415,-0.0007798335425103888,7.991154538799798e-05,-7.409102895020723e-05,0.0
-0.009694755363298942,0.17392093820915766,-0.1531492304063186,-2.8857788126794666e-05,-0.0003131268828873262,-0.0005561148600429436,0.0003213492207283038
0.02145854997290176,0.17014477998658742,-0.14190089638497563,9.63048376035615e-05,-2.9451671201468754e-05,-0.0007971267755887504,-0.00012050595777309052
0.030898945529326278,0.15126398887373838,-0.13908881287963007,-0.00034176435245326795,0.00016706754293604082,-0.0005561148600425694,0.00024101191554618106
0.050251756419995776,0.13615935598345957,-0.18127006545969562,-2.8857788126794666e-05,0.0003330542766214289,-0.00023476563931445265,0.00016067461036405837
0.06582840908809723,0.1271909802048555,-0.12784047885828712,3.3723524738383424e-05,-0.0014617096872605669,-0.0020825236585023396,-0.0004418551785013943
0.08990141775698009,0.11491846598150386,-0.1672096479330071,-0.0008424148553755669,0.001442221712926068,0.0008899566332345171,0.0
0.10783816931418602,0.10028585286904552,-0.1531492304063186,-0.0006546709167797412,0.00018039187436023234,0.00016692088659559976,0.00020084326295521324
0.11727856487061054,0.08187708153401914,-0.12221631184760907,0.0002840487761993872,-0.00031756832669578984,-0.0007971267755891246,0.00044185517850139433
0.13238319776088933,0.07338072553323552,-0.09409547679424513,-0.00015402041385744226,-1.61273397772772e-05,-7.40910289505813e-05,0.00016067461036405837
0.15456812731848596,0.0596921519764203,-0.11378006133159858,-0.00015402041385744226,-0.0005229704284493323,-0.001520162522227668,0.00048202383109254926
0.1658966019861967,0.04505953886396196,-0.09128339328889958,3.3723524738383424e-05,0.00024145683526492244,6.246276231728444e-06,4.0168652590967836e-05
0.1885535513216138,0.032787024640610306,-0.037853806687504134,-0.00027918303958808987,0.00014930176770322262,-0.001520162522227668,-0.00016067461036405837
0.20696232265664238,0.0209865301950813,-0.026605472666148083,-0.0005295082910490936,1.0808092507948847e-06,-0.0008774640807710603,0.0004016865259104265
0.225371093991671,0.0049378577491593955,-0.009732971634127093,-0.00027918303958808987,0.0005995213392793563,0.0003275954969598452,-0.00020084326295502622
0.23433946977027284,-0.010166775141119399,0.012763696408558829,-0.0007798335425103888,-0.0006451003502581023,-0.001198813301499177,-8.033730518212272e-05
0.2551083399944059,-0.02102323003100749,0.035260364451257846,0.0006595366533910386,-0.001522774648164647,-0.0019218490481377202,-0.0006828670940475755
0.26549277510647357,-0.0455682584777108,0.09150203455799884,3.3723524738383424e-05,-9.051663210571158e-05,-0.0006364521652248792,0.0002008432629550262
0.27965336844111144,-0.05925683203452823,0.1421195376540618,-0.00027918303958808987,0.00029419653475802057,0.0011309685487806982,-0.00012050595777309055
0.2867336651084293,-0.08144176159212486,0.19273704075013787,-2.8857788126794666e-05,-0.0006101264259978224,-0.0010381386911353058,0.0005623611362744849
0.29853415955396045,-0.09041013737072894,0.2124216252874913,-0.0005920896039142716,0.0012629106478158785,-0.00015442833413251698,-4.0168652591154874e-05
0.311750713332953,-0.11070698781704154,0.22648204281417986,-0.0008424148553755669,0.0002847560209367944,-0.0011184759963172412,0.00020084326295502622
0.3145828319998802,-0.12156344270692963,0.2658512118888999,-0.00046692697818391554,0.0002064829110043373,-0.00015442833413251698,4.0168652591154874e-05
0.3249672671119478,-0.13855615470849245,0.2658512118888999,-0.0006546709167797412,0.000638936707347958,0.0007292820228702717,-0.0005623611362744849
0.3325195835570883,-0.14752453048709652,0.3839587191130468,-0.0009049961682407449,0.002105611021462286,0.0004079328021417809,-0.00016067461036405837
0.3249672671119478,-0.1616851238217322,0.40364330365041334,-0.000404345665318446,-0.0007366977916149139,-0.00095780138595337,-0.00012050595777309057
0.32874342533451806,-0.17395763804508385,0.3923949696290573,-0.0010927401068365707,-0.00037419184379171115,-0.00039544024967869807,-8.033730518193567e-05
0.32591130666759094,-0.18575813249061504,0.4626970572624868,3.3723524738383424e-05,0.0008615469581295726,0.0006489447176883361,0.0008435417044116338
0.3164709111111664,-0.20275084449217787,0.47113330777849727,-0.00027918303958808987,-0.0003131268828870211,-0.0005561148600425694,0.00024101191554618106
0.3306315044458021,-0.2088871016038548,0.4936299758211963,-0.0009675774811062145,0.000184275691963808,-0.0013594879118634224,0.00024101191554618112
0.30183829799870804,-0.21502335871553174,0.49644205932652874,-0.0005295082910490936,-0.00041804865566832917,-0.0010381386911353058,0.00016067461036405837
0.30372637710999206,-0.2173834576046362,0.5301870613905838,-0.00027918303958808987,-0.00018655551727068178,-0.0006364521652248792,0.00012050595777309053
0.2749331706628981,-0.22446375427195406,0.5554958129386153,-2.8857788126794666e-05,0.0006689115615953335,-0.0011184759963172412,0.00012050595777309055
0.27540519044071854,-0.23012799160581052,0.4936299758211963,-0.00027918303958808987,0.0004901581226903369,-0.000395440249678698,-0.0002410119155461811
0.25463632021658544,-0.23720828827312837,0.5779924809813013,-0.00021660172672262034,-0.0010769965203968348,-0.0003151029444967625,-0.00044185517850139433
0.23858764777066355,-0.2390963673844124,0.5976770655186678,-0.00034176435245326795,0.0007216512610884315,6.246276231728444e-06,4.0168652590967836e-05
0.22442705443602787,-0.23862434760659193,0.5892408150026573,-0.00034176435245326795,0.000394119237525814,-0.000395440249678698,0.0002410119155461811
0.20979444132356953,-0.24381656516262576,0.5976770655186678,-0.00015402041385744226,-3.777693261261349e-05,0.00048827010732409065,-0.00020084326295521324
0.1843053733212231,-0.24523262449608932,0.5948649820133354,-2.8857788126794666e-05,0.00015818465531970281,-0.0010381386911353058,8.033730518212275e-05
0.16684064154183761,-0.24145646627351908,0.5639320634546258,-0.00046692697818391554,-9.051663210571154e-05,-0.0006364521652248792,-0.0004418551785012073
0.15362408776284506,-0.24287252560698264,0.5554958129386153,-0.00046692697818391554,-0.0005929182769701975,-0.0018415117429557845,-0.0004016865259104265
0.1328552175387098,-0.2485367629408369,0.5639320634546258,-0.00027918303958808987,-0.0008022041963273155,-0.0010381386911353058,0.0004820238310925492
0.12105472309318079,-0.24900878271865956,0.5386233119065943,-0.000404345665318446,0.0002542235404842259,-0.0010381386911353058,-0.00040168652591023946
0.10972624842547005,-0.2551450398303343,0.5358112284012487,0.0002840487761993872,0.000944261511870046,-7.409102895020723e-05,0.0
0.08612525953440983,-0.24523262449608932,0.5189387273692277,-0.0006546709167797412,0.00025422354048422577,-0.0010381386911353058,0.0003213492207283038
0.07243668597759462,-0.257505138719441,0.5076903933478848,-0.00046692697818391554,0.002288805904175604,-7.409102895020723e-05,0.0
0.060164171754242955,-0.26411341560893836,0.47956955829450776,-0.0010301587939713925,-0.0013262554340271375,-0.0016808371325915392,-0.00032134922072830387
0.06677244864373814,-0.2716657320540767,0.4936299758211963,3.3723524738383424e-05,0.0004729499736627121,0.0004079328021417809,-0.00016067461036405837
0.027122787306756033,-0.27402583094318334,0.47394539128384283,-0.000404345665318446,-0.00014714014920238523,-0.00023476563931482672,0.0
0.027594807084578687,-0.286298345166535,0.46550914076781924,-2.8857788126794666e-05,-0.00013825726158560008,0.0002472581917779095,-0.00016067461036405837
0.025234708195472005,-0.29621076050078,0.4205158046824343,-0.00046692697818391554,0.0006167294883074286,-0.0004757775548606337,-0.00044185517850139433
0.01532229286122483,-0.2999869187233502,0.36146205107036083,-0.0007172522296449193,-0.0013828789511233638,-0.001279150606681487,-0.00028118056813714894
0.005409877526979852,-0.30612317583502713,0.3811466356077143,0.0002840487761993872,0.00074330085392452,-0.0005561148600425694,-0.00024101191554618106
0.00021765997094603571,-0.3141475120579881,0.32209288199564085,-0.0012179027325672183,-0.00019099696107869829,-0.0008774640807710603,0.00016067461036424545
-0.0011983993625175327,-0.3226438680587695,0.3389653830276618,-0.0007172522296449193,0.0011146896893634507,0.0004882701073240906,-4.016865259096782e-05
-0.007806676252014917,-0.3250039669478762,0.2967841304476094,-0.0010927401068365707,-8.607518829769514e-05,-0.00039544024967869807,-8.033730518193567e-05
-0.015358992697153215,-0.3325562833930145,0.3024082974582743,-0.00027918303958808987,-0.0001471401492020802,-0.00023476563931445265,0.00016067461036405837
-0.017719091586259894,-0.33963658006033454,0.20960954178215885,-0.0005295082910490936,-0.0004924379479972108,-0.0016004998274096035,4.0168652591154874e-05
-0.01724707180843944,-0.34766091628329326,0.20117329126614836,-2.8857788126794666e-05,0.00014541795010039949,6.246276231728444e-06,4.0168652590967836e-05
-0.02055121025318703,-0.3604054502844676,0.18711287373945984,-2.8857788126794666e-05,0.0003241713890049488,-0.0007167894704068149,0.00032134922072830376
-0.028575546476147986,-0.3585173711731814,0.14774370466473982,-0.0010927401068365707,0.0014288973815015718,0.0001669208865959738,0.0010042163147758792
-0.03140766514307512,-0.3679577667296059,0.05775703249395686,-0.00027918303958808987,0.000787157665800833,8.658358141366412e-05,8.033730518193567e-05
-0.026687467364863958,-0.37362200406346235,0.0465086984726139,-0.0009675774811062145,0.0002719893157167388,-7.409102895058139e-05,-0.0005623611362744849
-0.029991605809611552,-0.3750380633969259,0.018387863419236858,-2.8857788126794666e-05,-0.00034365936333958976,-0.0004757775548606337,0.00020084326295521324
-0.03329574425435915,-0.3816463402864233,-0.0012967211181165981,-0.00046692697818391554,-2.5010227393310066e-05,-0.0005561148600429435,0.00016067461036405837
-0.03235170469871823,-0.3745660436191033,-0.08003505926755661,-0.00034176435245326795,-0.00024317903436660317,-0.00023476563931445265,8.033730518212271e-05
-0.03943200136603607,-0.38211836006424377,-0.10815589432093366,-0.0005295082910490936,-5.9984151653590145e-05,-0.0007167894704068149,0.00040168652591023946
-0.04368017936642678,-0.38542249850899135,-0.11659214483694415,9.63048376035615e-05,0.00023701539145690601,-0.00023476563931445262,0.00040168652591023946
-0.03990402114385653,-0.3849504787311709,-0.15877339741699661,-2.8857788126794666e-05,-0.0002565033657910997,-0.000957801385952996,-0.00044185517850139433
-0.04273613981078367,-0.3863665380646345,-0.1672096479330071,-0.00034176435245326795,-0.0005401785774770992,-0.0007167894704068149,0.00032134922072830376
-0.04320815958860632,-0.38211836006424377,-0.2318875685557586,-0.0005920896039142716,0.00029808035236084384,-0.00039544024967869807,-0.00016067461036424542
-0.04934441670028105,-0.3915587556206683,-0.22063923453441564,3.3723524738383424e-05,-0.0004746721727646979,-0.0006364521652248792,0.000281180568137336
-0.047456337588997026,-0.3849504787311709,-0.2628204871144681,-2.8857788126794666e-05,0.0011757546502673883,0.0003275954969598452,-0.0003615178733192716
-0.05264855514503084,-0.3802302809529576,-0.29375340567317765,-2.8857788126794666e-05,0.00045962564223852047,-0.0003151029444963883,-0.00012050595777309055
-0.04840037714464014,-0.37834220184167355,-0.29375340567317765,-0.0007172522296449193,0.001031975135622977,0.0012113058539626339,-8.033730518212272e-05
-0.05217653536720819,-0.37834220184167355,-0.2993775726838426,3.3723524738383424e-05,-0.0007106067549708089,-0.001279150606681487,4.0168652590967795e-05
-0.054536634256314866,-0.37267796450781926,-0.3584313262959291,-2.8857788126794666e-05,-0.0007716717158747469,-0.0011184759963172415,-0.0005221924836835171
-0.051232495811567275,-0.37645412273038953,-0.3443709087692406,-0.0005295082910490936,0.00024145683526461737,6.246276231354367e-06,-0.00012050595777309055
-0.05689673314542155,-0.37078988539653523,-0.3274984077372196,-0.00046692697818391554,-0.001618813533329475,-0.0019218490481380944,-4.0168652591154874e-05
-0.055008654034135324,-0.37031786561871255,-0.3443709087692406,-0.00034176435245326795,-5.110126403711006e-05,-0.00023476563931445265,0.00016067461036405837
-0.061144911145812254,-0.3613494898401107,-0.3359346582532301,-0.0009675774811062145,0.00065614485637603,-7.409102895020723e-05,0.0
-0.05878481225670557,-0.3655976678405014,-0.403424662381314,-0.0007798335425103888,0.0002891974647448108,-0.0008774640807710603,-0.00016067461036424545
-0.05784077270106466,-0.3622935293957516,-0.37811591083328255,-0.0010927401068365707,-5.998415165389528e-05,-0.0007167894704071889,0.00024101191554618112
-0.055008654034135324,-0.36087747006228804,-0.34718299227457305,-0.0007172522296449193,0.0005906384516633236,-0.00015442833413251692,-0.0004418551785012073
-0.057368752923242006,-0.35757333161754046,-0.380927994338615,-0.0005295082910490936,-0.0001909969610786982,-0.0008774640807710603,-0.00032134922072811674
-0.06350501003491893,-0.35757333161754046,-0.39217632835997107,9.63048376035615e-05,-0.0005446200212854207,-0.00095780138595337,0.0005221924836835171
-0.05784077270106466,-0.34718889650547285,-0.3753038273279501,-0.00021660172672262034,0.00026310642810070597,-0.0005561148600429435,-0.00016067461036405837
-0.060672891367991796,-0.3434127382829026,-0.36405549330659404,-0.0009049961682407449,0.00027643075952520253,0.0001669208865955998,4.0168652590967836e-05
-0.06916924736877321,-0.34766091628329326,-0.33874674175856256,-0.00021660172672262034,1.080809250794939e-06,-0.0008774640807710602,0.0002410119155461811
-0.060672891367991796,-0.3443567778385457,-0.3612434098012616,-2.8857788126794666e-05,0.0013545080891723851,-0.00039544024967869807,0.0004820238310923622
-0.06444904959055985,-0.35190909428368616,-0.3668675768119396,-2.8857788126794666e-05,0.0005861970078548598,-0.00039544024967869807,-0.0004820238310923622
-0.07624954403609105,-0.34577283717200924,-0.3499950757799186,-0.00015402041385744226,-0.001277957178342361,-0.0007971267755891246,-0.0002008432629552133
-0.07624954403609105,-0.34766091628329326,-0.3584313262959291,-0.00021660172672262034,-0.0009248917443411364,-0.002484210184412766,-0.00024101191554618104
-0.08332984070340889,-0.33633244161558473,-0.3837400778439606,-2.8857788126794666e-05,-0.0004358144309008422,-0.00200218635332003,0.0004820238310925492
-0.07577752425827058,-0.33633244161558473,-0.37811591083328255,-0.0007172522296449193,-7.330848307839186e-05,-0.0014398252170457321,0.00012050595777309052
-0.08616195937033602,-0.3368044613934052,-0.397800495370636,-0.00027918303958808987,-0.00047467217276469777,-0.0006364521652248792,0.0003615178733192716
-0.09088215714854939,-0.33302830317083715,-0.34718299227457305,9.63048376035615e-05,-0.00028259440243520473,-0.0006364521652248792,0.000281180568137336
-0.09135417692636984,-0.33963658006033454,-0.3612434098012616,-2.8857788126794666e-05,0.001014209360390464,0.0002472581917779095,-0.00016067461036405837
-0.09371427581547652,-0.3377485009490483,-0.3443709087692406,-9.143910099226416e-05,0.0015293777104745583,0.00040793280214215496,-0.0004820238310923622
-0.0960743747045832,-0.33302830317083715,-0.3584313262959291,-0.00046692697818391554,-0.0009026845252998548,-0.0012791506066814867,0.0006828670940475754
-0.09229821648201296,-0.3325562833930145,-0.34718299227457305,-0.0005295082910490936,-0.0002126465539147867,-0.00031510294449676237,0.00052219248368333
-0.09843447359368768,-0.3325562833930145,-0.35561924279058355,-0.0007172522296449193,-0.0002825944024352046,-0.0006364521652248792,0.0003615178733192716
-0.1036266911497215,-0.3292521449482669,-0.3499950757799186,-0.00015402041385744226,-0.0006273345750254472,-0.00023476563931482672,0.0
-0.10221063181625793,-0.33019618450391003,-0.35561924279058355,0.0002840487761993872,-0.00014714014920208022,-0.00023476563931445265,-8.033730518212271e-05
-0.10598679003882817,-0.33019618450391003,-0.33874674175856256,-0.0007172522296449193,-9.88418935173034e-05,0.0006489447176879619,-0.00028118056813714894
-0.1036266911497215,-0.33019618450391003,-0.3443709087692406,-0.0007798335425103888,-0.0006711913869022073,-0.0008774640807710602,-8.033730518193564e-05
-0.1036266911497215,-0.32642002628133976,-0.3612434098012616,-0.00046692697818391554,7.547010157922926e-05,-0.0003151029444967624,4.0168652590967836e-05
-0.10457073070536461,-0.3268920460591602,-0.38655216134929304,9.63048376035615e-05,0.00013209361867559785,-0.0007167894704071889,0.00024101191554618112
-0.10315467137190104,-0.32358790761441264,-0.31062590670519863,-0.0006546709167797412,0.00045130038082692855,0.0009702939384164527,-0.00020084326295521327
-0.09749043403804677,-0.31461953183580854,-0.3359346582532301,-0.0008424148553755669,4.049617731909143e-05,-0.00047577755486100787,0.0007632043992296981
-0.08993811759290628,-0.3188677098361993,-0.3303104912425521,-2.8857788126794666e-05,0.0008348982952807217,-0.0007971267755891246,-0.0002008432629552133
-0.08993811759290628,-0.32075578894748547,-0.3050017396945206,-9.143910099226416e-05,-0.00041360721186000765,-0.0007971267755887506,0.0003615178733192716
-0.09088215714854939,-0.32028376916966284,-0.3134379902105311,3.3723524738383424e-05,0.0006256123759231564,6.246276231354367e-06,-0.00012050595777309055
-0.0875780187037996,-0.3188677098361993,-0.33312257474788454,-0.00046692697818391554,0.0001976000233883044,-0.0006364521652248792,0.000281180568137336
-0.084273880259052,-0.31461953183580854,-0.3584313262959291,-0.00027918303958808987,-0.0010642298151772266,-0.0013594879118634224,-0.0006426984414566075
-0.07908166270301818,-0.31367549228016545,-0.33312257474788454,0.00015888615046903102,0.0008698722195408593,-0.0006364521652248792,0.000281180568137336
-0.07200136603570034,-0.30706721539066806,-0.3359346582532301,-0.00034176435245326795,0.0005556645274030435,-0.0003151029444963883,0.00012050595777309055
-0.06539308914620295,-0.30517913627938403,-0.35561924279058355,-0.00046692697818391554,6.658721396350144e-05,-0.0007971267755887504,-0.00012050595777309052
-0.07152934625787989,-0.3056511560572045,-0.3528071592852511,3.3723524738383424e-05,-0.00038307473140819135,-0.0008774640807710602,8.033730518193564e-05
-0.057368752923242006,-0.3065951956128476,-0.35561924279058355,-0.0005295082910490936,0.0009836768799383426,0.0003275954969598452,0.00020084326295502622
-0.06303299025709627,-0.3023470176124569,-0.3134379902105311,-0.0008424148553755669,-0.0006539832378744403,-0.0016808371325919133,-0.0008837103570027887
-0.060672891367991796,-0.3065951956128476,-0.31625007371586356,-0.00021660172672262034,0.0006428205249515336,-0.0007971267755887506,-0.0003615178733192716
-0.05548067381195798,-0.3023470176124569,-0.34718299227457305,-0.0007172522296449193,0.00041132738655313365,-0.0011988133014995512,0.0
-0.04981643647810371,-0.29951489894552974,-0.33874674175856256,0.0002840487761993872,0.00040300212514184693,8.658358141366412e-05,0.00032134922072811674
-0.0531205749228513,-0.2971548000564231,-0.3359346582532301,-9.143910099226416e-05,7.102865777121277e-05,-0.0005561148600429435,8.033730518212271e-05
-0.04934441670028105,-0.29007450338910523,-0.3134379902105311,-0.0007798335425103888,-0.0002781529586271883,-0.00039544024967869807,-0.00016067461036424542
-0.038015942032572504,-0.28252218694396475,-0.33874674175856256,-0.0007172522296449193,-0.0002781529586271883,-0.00039544024967869807,0.0
