-6.962685256100087e-05,0.00021145070192194352,0.0,0.0,0.0,0.0,0.0
-0.0021899886065044095,-0.010323208712859962,8.647185206278504e-07,0.0,0.0,4.149181446215203e-05,-8.297681469956074e-05
-0.003118780340787254,-0.021853643574094413,-6.538453976349217e-05,0.0,0.0,3.9814297670135735e-05,-7.962205661508341e-05
-0.007290796981652868,-0.021886422778716916,-2.3100204911555723e-05,0.0,0.0,3.81138962064387e-05,-7.62215329456075e-05
-0.007301990372813383,-0.021968802620086804,-2.56994614218622e-05,0.0,0.0,3.6459669306110403e-05,-7.291335081959376e-05
-0.021958630112072643,-0.043917260224145285,-2.4651343872442794e-05,0.0,0.0,3.4768716991656384e-05,-6.953172389676462e-05
-0.021645418636747817,-0.043290837273495635,-2.3581151347484756e-05,0.0,0.0,3.304212754381366e-05,-6.607882855986515e-05
-0.021891474463143625,-0.04378294892628725,-2.2552428025116266e-05,0.0,-7.979090039119993e-05,9.644560774010806e-05,-6.275780355311219e-05
-0.021920566964019127,-0.06576170089205738,-2.1500298096264376e-05,0.0,-7.656314954058446e-05,9.211715004919826e-05,-5.936519555693535e-05
-0.021783374623695395,-0.06535012387108619,-6.807826446528177e-06,0.0,-7.331181990761815e-05,8.775707289119436e-05,-5.5947804493772826e-05
-0.04384620080280601,-0.06576930120420903,-6.525161475664606e-06,0.0,-7.009409687110266e-05,8.344206263506898e-05,-5.256573648158922e-05
-0.04331802380067127,-0.08663604760134254,-6.239619268424838e-06,0.0,-6.684276235842145e-05,7.90819789333012e-05,-4.914834028948072e-05
-0.043461937501005736,-0.10865484375251434,0.0005217377851097666,0.0,-6.369864168817101e-05,7.486567044911353e-05,-4.584363387919426e-05
-0.0803514248536014,-0.10043928106700176,-3.5334877125920484e-05,0.0,-6.0474371700844106e-05,7.054188064310862e-05,-4.245468453115133e-05
-0.10946368874322783,-0.10946368874322783,-3.3884053899524996e-05,0.0,-5.722005893550799e-05,6.617780306411607e-05,-3.903415797234505e-05
-0.11007347892017613,-0.1320881747042114,-3.2446889531380284e-05,0.0,-5.3994364071433054e-05,6.185210247905663e-05,-3.5643710972075305e-05
-0.13073027306901414,-0.1525186519138498,-3.10441534865471e-05,0.0,-5.084394694240225e-05,5.762735035820219e-05,-3.233238651182321e-05
-0.15385289190220458,-0.15385289190220458,-2.9607210147252457e-05,0.0,-4.762074235949312e-05,5.330498927397893e-05,-2.8944556983653026e-05
-0.17443726763436013,-0.17443726763436013,-2.8173411215107124e-05,0.0,-4.4399936969738484e-05,4.898584554033264e-05,-2.5559249187257387e-05
-0.2161581975079933,-0.19454237775719396,-2.6736468600497262e-05,0.0,-4.117692594885333e-05,4.466374402541016e-05,-2.217162310727784e-05
-0.21909173737946352,-0.19718256364151718,-0.00018070884935760627,0.0,-3.7984320431450844e-05,4.038241670325739e-05,-1.881595548971292e-05
-0.24176883013203576,-0.21978984557457795,-9.732339160540699e-05,0.0,-3.4756971344028056e-05,3.605449778224083e-05,-1.5423769776755255e-05
-0.2842938829721943,-0.2405563625149337,-0.00015753341703622105,0.0,-3.151416494640376e-05,3.170585039849001e-05,-1.2015337272574855e-05
-0.30019270526467573,-0.25730803308400774,-0.0001510025893529229,0.0,-2.8260333646270192e-05,2.734241847086751e-05,-8.59531676977217e-06
-0.3303354493930566,-0.2642683595144453,-0.0001446468253275974,0.0,-2.509984153256212e-05,2.3104155658844397e-05,-5.273402745715641e-06
-0.3696170148195739,-0.2609061281079345,1.0284138273513828e-05,0.0,-2.1828815743726073e-05,1.8717665688544477e-05,-1.83530954692059e-06
-0.3948439747923112,-0.2632293165282075,-0.00015508850164420922,0.0,-1.866590654457558e-05,1.522079518547465e-05,0.0
-0.41680385084302657,-0.285181582155755,-0.00029696100618306436,0.0,-1.5444474924743317e-05,1.2593933705568232e-05,0.0
-0.48194615739797547,-0.28478636573516736,-0.0003654982272774195,0.0,-1.2180251458464623e-05,9.932178344198622e-06,0.0
-0.5042313092322691,-0.3069234056196421,-0.00035069644319790335,-8.810694976561128e-05,-0.00015433094487170084,0.00012584653721817664,0.0
-0.51554850001193,-0.27925543750646215,0.0001399790274346105,-0.0032998874724497877,-0.0032520702149722016,0.002651845199838907,0.0
-0.5705611154328584,-0.2852805577164292,0.0001312802584570094,-0.0031657128452524073,-0.003118219936429324,0.002542699272725502,0.0
-0.5833612287743912,-0.2808776286691513,-6.533147771584098e-05,-0.0030350332956412987,-0.002987858233828932,0.002436398045374348,0.0
-0.604427911491682,-0.2910208462737728,0.00012512142361108296,-0.0028996566486661295,-0.0028527972810596562,0.002326264894608434,0.0
-0.6356964419565548,-0.28496737053224863,-0.0006041674468535625,-0.0027666622787903316,-0.0027201349525076686,0.0022180876610572056,0.0
-0.6518917219421715,-0.28248641284160764,-6.318666823995677e-05,-0.0026323716529556285,-0.0025861675359412127,0.002108846215740007,0.0
-0.6804024776300057,-0.28533007126419596,-6.06422560311734e-05,-0.0024984511244681884,-0.002452579330055024,0.001999913991305422,0.0
-0.6991554986340088,-0.2840319213200661,0.0007287530188433297,-0.0023613431080014664,-0.0023157978280248263,0.0018883778479849016,0.0
-0.7216274903871812,-0.26240999650442953,0.0007269805818766515,-0.002228185079031275,-0.002182966420339489,0.0017800627417376591,0.0
-0.7468960384003178,-0.24164283595304395,0.00030528514131514803,-0.002093981164042356,-0.002049090644663307,0.0016708960234216993,0.0
-0.7658480698823259,-0.24069510767730246,0.00030075928144429864,-0.001962670435405233,-0.001918096450840899,0.0015640790418893096,0.0
-0.743280775796559,-0.240473192169475,0.0005934648544331025,-0.0018257290610487076,-0.0017814840955757006,0.001452680826413879,0.0
-0.7674859161678381,-0.21928169033366804,0.00040661675895074546,-0.00169165111068174,-0.001647731882930169,0.001343614865464165,0.0
-0.792483061858306,-0.19812076546457646,0.00021395396195699015,-0.0015584583702549092,-0.0015148623986240037,0.001235268710285782,0.0
-0.7838414306741301,-0.17418698459425117,0.0002821753135129356,-0.001425047259511988,-0.0013817751403940898,0.0011267449750749373,0.0
-0.767175516271075,-0.17535440371910285,0.00036629755001072237,-0.0012893924463130014,-0.0012463388995804397,0.0010163058020729563,0.0
-0.7637776149335499,-0.15275552298671,0.0001729134246215369,-0.0011584510692691898,-0.0011158219823356379,0.0009098780075868653,0.0
-0.763426311482767,-0.15268526229655338,0.00013037295290399583,-0.0010237929223281454,-0.0009814765048270235,0.000800328278921388,0.0
-0.7429382895503679,-0.10925563081623056,0.0004585046081722679,-0.0008905422164805581,-0.0008485560938858952,0.0006919405964869671,0.0
-0.7480655676607023,-0.08800771384243555,0.0012166905766919048,-0.0007558062399453297,-0.007030932482514057,0.005774983976066701,-8.345310748061224e-05
-0.7124695726569092,-0.06476996115062811,0.001218504166586939,-0.000619933666592578,-0.007792691540971986,0.006394418604197849,-7.999577950322451e-05
-0.6955503654337648,-0.04347189783961029,0.0004548069853847477,-0.00024684226123660976,-0.0035883749493403907,0.004066016867498333,-0.0022796882012938785
-0.677775289640079,-0.02186371902064771,8.297447389750684e-05,-0.00023658151177731956,-0.003439543730878758,0.0038973921889612117,-0.0021851703644224225
-0.6449971351759074,0.0019788912882317943,0.00012000215950525272,-0.00022637886799337705,-0.0032916451172114434,0.003729824144813499,-0.0020912447943396565
-0.6281472064483066,0.010856467375769896,0.00011764985188205775,-0.00021601710476855767,-0.0031415562544167127,0.0035597745644743574,-0.0019959282687041957
-0.5881511148397757,0.021783374623695395,0.00033216395083362506,-0.000205835467585486,-0.002993901926520414,0.0033924832943128726,-0.0019021578365212171
-0.5504951715802993,0.01099203953312508,0.0006135856065149411,-0.00019581562416307686,-0.0028487420427708724,0.002717081138903456,-0.0007068590138417745
-0.47926176019627553,0.021804447826900157,0.0012246473382025328,-0.0001853150239110762,-0.000509934439801594,0.0007934590633979844,-0.0006773843575787459
-0.4569261471307559,0.021758387958607423,0.0012142038190051329,-0.0001750580091885082,-0.00048936340942086,0.0007606050063620905,-0.0006486277993980917
-0.41680385084302657,0.010924304666156388,0.0018309315523107454,-0.0001650349793425245,-0.00046925062974301576,0.0007284828229587189,-0.0006205118368879064
-0.35072907142430604,0.021920566964019127,0.0018397251473392271,-0.0001547849168168467,-0.0014594051644132061,0.001519809331254127,-0.0005917582098975169
-0.3044428255329535,0.02174591610949668,0.0009120362167660381,-0.0005077587335487534,-0.002175863843196867,0.002087747965095701,-0.0005626339324470458
-0.24129354015085686,0.021935776377350624,0.000916445536110143,-0.008655685356002429,-0.002089485615634104,0.002001611621450742,-0.0005345552918247882
-0.19692100305764526,0.021880111450849473,0.0006121649222855658,-0.014290214986312617,-0.0024037719396988117,0.002490870005315231,-7.646671651254512e-06
-0.1195020744790883,0.059751037239544155,0.0004092191323577623,-0.009174011527191895,-0.0033028762510492215,0.015607972449274102,0.024818696082638418
-0.06581874608714071,0.08775832811618761,0.0006116915682800212,-0.005614171111740073,-0.013768925619072196,0.02059516439336545,0.017786330354811114
-0.01098966819954787,0.07930168320365365,0.0002812343404893361,-0.010127099146818593,-0.0072082861846464955,0.010927187815304044,0.009212230282683552
0.0218498676753026,0.10924933837651299,0.0006129054472771539,-0.008414511841802318,-0.006909445291151133,0.010465139225474327,0.008836497255755943
0.08751035175509579,0.13126552763264368,0.0005241431366981087,-0.005300782180789384,-0.006615957205032735,0.010011366802507943,0.008467494320198292
0.1316451052384289,0.1535859561115004,0.0009166990788114034,-0.005087837284297393,-0.0010780229843309224,0.005279495079873339,0.00809572947624351
0.1535238043198031,0.17545577636548923,0.0012275173648851694,-0.01856310833709749,-0.0010336866208243388,0.005025837029620892,0.00772147478456236
0.1981437599823881,0.1981437599823881,0.0012232630551875208,-0.05395320618102551,-0.0009889012835303241,0.004769610301954984,0.007343430189219778
0.24033470265544052,0.2184860933231277,0.0036756012166083494,-0.05904530661515719,-0.000944413399225953,0.004510427529178214,0.006977211384083655
0.28437584511339603,0.28437584511339603,0.003671812618924062,-0.053142208613733345,-0.0008994139667030696,0.004263179573960205,0.006576953915062884
0.3289986001441976,0.3070653601345844,0.0018397683396974074,-0.07439760848826915,-0.0008548379440232111,0.004018258030699809,0.0061804625591379055
0.37110577660318445,0.32744627347339805,0.000919723148872916,-0.04225970514170275,-0.00052914470166078,0.003549996654991389,0.005795172519920687
0.3902409591424094,0.34688085257103063,0.0004521775995971729,-0.02005647795800104,-0.00050718700302958,0.0033196721630729883,0.005391368735870301
0.43591778978085605,0.39232601080277046,0.00028206957838531265,-0.01925056839155982,-0.00048616436053309104,0.0006680114437545468,0.00014287104471281912
0.5012766591752984,0.41409810975350736,0.00036647734626914046,-0.018419579147083677,-0.0014623223807268594,0.0014517410986044801,0.0001391141314680042
0.5295819262903912,0.4413182719086594,0.0003672433318104881,-0.017571977261598568,-0.0019357273981009436,0.0038859904154417532,-0.003985784579588559
0.5688828977220863,0.4813624519186884,0.00022879588165862337,-0.016770877963515868,-0.0042154021372355546,0.006194222641618466,-0.002749950106457422
0.6339382495501061,0.524638551351812,0.0006113731911920346,-0.015953723230475437,-0.0038912454458962095,0.005815741232526291,-0.002634188110927997
0.653613827220374,0.5446781893503116,0.0003339797150589235,-0.000860899891053151,-0.003931322156634792,0.0045545013745613636,-0.00016015904503285006
0.7055757339463518,0.5732802838314108,0.0006122839939621808,-0.0008257031677692414,-0.0037689618080665823,0.004499137488162528,0.00010895415656118988
0.7417420691876646,0.5890304667078512,0.00030115625324242043,-0.0007898699917639324,-0.0012874263281241894,0.0034253018266580475,-0.001914792329220831
0.7900533978172064,0.6144859760800493,0.0004080602566923314,-0.0007544231120248154,-0.0012352129749380377,0.0032819797159597754,-0.0018364835499703963
0.8498932072723809,0.6537640055941392,0.00029312894961743805,-0.000719554978623899,-0.0011838436876318438,0.0031409745088139883,-0.001759440687667123
0.894247979205326,0.6543277896624337,0.0002806875622016703,-0.0006839877817917718,-0.0011314499829956426,0.002093771540393123,0.00012576182678900082
0.9424210199416521,0.6575030371685945,0.00024395664212296624,-0.0008312174936242091,-0.0010244017838382008,0.0019531607856838945,0.00010956979956490355
0.9865965302867866,0.6796553875308975,0.0005235556596947942,-0.0049961321433390216,-0.0009810104837739237,0.0023332577325279255,-0.0008457694331517058
1.034024423225336,0.7108917909674185,0.00036605716671925953,-0.005941699987159751,-0.0013657726657513895,0.0039284792078781074,-0.003530831665753298
1.0944474164732259,0.7004463465428645,0.0005239533828925932,-0.005701896525256033,-0.001310470790130245,0.0037606447157480308,-0.0034064590680277333
1.1316957966502128,0.718191563258789,0.0005220371613007522,-0.002946275103545911,-0.001448469889076076,0.0037478249586163862,-0.003279442505277697
1.202019637337712,0.7212117824026273,0.0002796941287985904,-0.005396028624212157,-0.0013896565173561902,0.002239855603352754,-0.00048275736239996746
1.2363572176099489,0.7093852887925934,0.00045814020310071545,-0.004838094238307692,-0.0013308273363410483,0.003492772196133176,-0.0032074495634715925
1.300829656205641,0.7055347287895002,0.0012247568747777203,-0.017738285558376796,-0.0058096897436476355,0.007249072623937601,-0.004385415039171274
1.3203218615949102,0.6906298968342607,0.000524820459398025,-0.008186123523428667,-0.005290978203432947,0.008462043201683669,-0.0007238905309495192
1.3691294554686133,0.6519664073660063,0.00028123274621984413,-0.03290248115237391,-0.01826524172216176,0.025256283702217275,0.012094740331237828
1.403727360615243,0.6360639602787821,0.0004596491020708672,-0.049946785363020114,-0.015315898435092271,0.020589537536515018,0.013371242274369187
1.4392729011584997,0.6106006247339089,0.0009171876569405673,-0.08450819400376991,-0.012370701988493465,0.01652630985776428,0.010166132124081016
1.4588159959768534,0.5878810730055977,0.0009169089897913637,-0.09861495824513013,-0.010801535250195806,0.015327100739058252,0.0090486696272894
1.460072945826911,0.544803337995116,0.0007329931541144377,-0.05392511372001303,-0.0051030444675079405,0.010407042496865332,0.00866545417277941
1.4904263196225647,0.526032818690317,0.0012236709231938413,-0.03682658765165327,-0.005742660856304861,0.00623047007462566,-0.000561447255404063
1.527818874193967,0.45834566225819007,0.0012243683270708433,-0.01644181217377259,-0.012934031418166292,0.011677219008127189,0.00016999525942069872
1.514531845567765,0.438994737845729,0.0005229364226093701,-0.015762597016159393,-0.00873185468438247,0.008203496423996301,0.00016024594323010692
1.5059062543170485,0.3710203814984032,0.0007344278673133984,-0.015082012288558806,-0.006306264455097147,0.006178295067547994,0.0001504622997795281
1.4961801794006202,0.3252565607392653,0.0007333476852651581,-0.014401500943025647,-0.0060505932502082655,0.005922592444127037,0.0001406942264923621
1.4698669932285142,0.2632597599812264,0.0007355120163956834,-0.013721649007378753,-0.0018662376330749642,0.002463321160288318,0.0001309282318540274
1.4441706460638144,0.1969323608268838,0.000603339726222218,-0.001009004996677789,-0.001791229699739712,0.0023557424555048986,0.00012132671153600866
1.4034839396856564,0.1535060559031187,0.0009177754131716669,-0.0009662888418238282,-0.0017129520377775639,0.0021839939556350047,0.00023025737319206068
1.3389339504294735,0.0877989475691458,0.00367348613155058,-0.0009249273678486367,-0.0016371562249804217,0.002082789289900447,0.00020554815096560965
1.2865487926388357,0.043611823479282566,0.0018349012029966866,-0.0008840682901333135,-0.0008847418400337134,0.0014303211489036813,0.00018113595493034326
1.210386848688749,-0.022007033612522712,0.0009163761139345303,-0.0013436092439049066,-0.0042079656611392615,0.004100936793605804,0.00015651937306295513
1.1403307009945958,-0.04385887311517677,0.0004533844128586779,-0.0036352146740592788,-0.0040318692706914775,0.003917500653741071,0.00013153226739249884
1.050305924410047,-0.08752549370083725,0.000140887832344597,-0.003486397276823516,-0.0015112141146871177,0.0016671355337789485,-0.00020397991929137113
0.9815763323318992,-0.0669256590226295,0.00036749699188024074,-0.0029068469549211402,-0.0014489713445305042,0.001595985137306468,-0.00019052907545455774
0.8785710822484919,-0.06129565690105758,0.0001917083375710551,-0.002786352064830548,-0.0013864615483651277,0.0015245295004607821,-0.00017702052651986396
0.787774879625428,-0.06564790663545234,-3.4302863119223125e-05,-0.002740763630985491,-0.0011925520708864143,0.0013459426705320896,-0.00016352281729205205
0.6791451652038257,-0.043815817109924236,0.00011217886725112508,-0.0026271146118302773,-0.001143028421677331,0.0012852115626737861,-0.00015010343039355257
0.5956410894952336,-0.04412156218483213,0.00010757039473560931,-0.0025127240723446637,-0.001093184669444115,0.0015207505722030588,0.00045667929627801784
0.48325768941104386,-0.021966258609592906,7.797493422069708e-05,-0.0023987270997192236,-0.001043508971926762,0.0014487086967251643,0.0004478930905657009
0.391943209782071,-0.02177462276567061,6.188718514092695e-05,-0.002284715480063382,-0.00080380297062947,0.0012217061179542537,0.00043910584486691186
0.28602506998791555,-0.003112819624294466,5.933979608501503e-05,-0.0009086417835174441,-0.0007704273855016273,0.001162929619204528,0.0004303123192498089
0.13019191916481782,0.0035534069405895262,1.6313216933734615e-05,-0.000863111215754689,-0.000729063767186694,0.0010900856929974138,0.00041941417211994645
0.021943389001462144,0.003590578047011319,2.275093564256163e-05,-0.0008262616927945647,-0.0006955905975116536,0.0010311373417395033,0.00041059493572616834
-0.04411130195294216,0.00038800322983270245,2.1821838044493498e-05,-0.0007897388472699123,-0.0006624102152153016,0.0009727046074192885,0.00040185284055118905
-0.131379170880623,-0.0012190265007429846,2.088486757060724e-05,-0.0007529065188363181,-0.0006289506078524389,0.0009137801402437605,0.00039303717744426517
-0.2195100691120055,-0.0006699272625368277,1.9933040332442275e-05,-0.000715490170695995,-0.0005949583254971116,0.0008539175989967602,0.00038408116949622693
-0.2616859820288181,0.0009431492043012877,1.9018877910927745e-05,-0.0006795544272661976,-0.0005623132328180856,0.0007964275432663878,0.0003754801080422885
-0.3270134919373742,0.0006701605128658588,1.8080468146670202e-05,-0.0006426655202987612,-0.0005287991063097529,0.0007374070644562086,0.0003666500806777642
-0.39366037608998805,-0.0019677972075195804,1.7136506226513758e-05,-0.0006055583579697291,-0.0004950919698811029,0.0006780466830706359,0.0003577692006413791
-0.4589265150559827,-0.0009573192268506786,1.6203122405659665e-05,-0.000568867020939963,-0.00046175973692029525,0.0006193465302061368,0.00034898709709792403
-0.5251397933476418,0.00043204137694404887,1.526769561439014e-05,-0.0005320953747015105,-0.0004283528100312271,0.0005605148366491157,0.0003401853138104558
-0.5942243773088255,0.0004545271439724632,1.43418228392182e-05,-0.0004956992970306628,-0.00039529184018251805,0.00050229239513883,0.0003314746804484545
-0.6479208455760201,0.0002436254621909684,1.3405152788264692e-05,-0.0004588787782286812,-0.00036184184789172147,0.00044989332464040704,0.0003096456916664495
-0.7257690046798382,-0.0012768025654433378,1.2469256468071971e-05,-0.000422088674798683,-0.00032842071768567077,0.000404637063897662,0.0002736415083218782
-0.7694427673187558,-0.00017028932924431617,1.1541096038397883e-05,-0.0003856026693827089,-0.00021709871844622746,0.00029600640220664833,0.0002379343691348396
-0.8335595023393236,0.0003400740795859738,1.059892579148669e-05,-0.00034856593776548013,-0.00020792986768226258,0.0002704044212541859,0.00020168654997599944
-0.8781418955992802,0.0002061990530225643,9.673694013043935e-06,-0.0003121950576891263,-0.00019892657028591993,0.00024526471134022005,0.00016609322380490505
-0.9199196699234294,-0.0009007676567290909,8.738260136327906e-06,-0.0002754231329216261,-0.00018982353912077164,0.0002198465170103762,0.00013010561358352417
-0.9854006557046209,-0.0005232641608011095,7.798607584749454e-06,-0.0002854455221910232,-0.00018067415981574855,0.0001942989057857867,9.393477222055501e-05
-1.0353041788090531,0.00016923810925212516,6.863180321116841e-06,-0.0002737648948864028,-0.0001715692899859221,0.00016887557739287646,5.793989308549406e-05
-1.0918645382095178,0.0009551433717476926,5.928697311324784e-06,-0.0002620960584260539,-0.0005128069582445901,0.00042916958121324585,2.2017975671495957e-05
-1.131760720968763,0.0006577303315667729,1.6623417554679701e-06,-0.0002505161753036002,-0.0004919016366741729,0.00040111280131707055,0.0
-1.165129934146566,-0.0014400566509045508,1.5938838600017756e-06,-0.0002388366981813875,-0.0004708416242823598,0.00038393977334471636,0.0
-1.1844634384886141,-0.004385130738910139,1.5255280229004674e-06,-0.00022717463305131532,-0.0010528633419240076,0.0008585394578854121,0.0
-1.2504115525290798,-0.005463253541751087,1.4581197520812535e-06,-0.000215674230482415,-0.0010105943313656646,0.0008240719140313383,0.0
-1.2916715271700883,-0.0004126507406131586,1.3878794307817358e-06,-0.0002036906569283655,-0.0023400597479904936,0.0019081618168868095,0.0
-1.3115208081802687,-0.005475712320972794,1.319359131742162e-06,-0.00019200053324591805,-0.002242122664843308,0.0018283006925376513,0.0
-1.3361509468373567,-0.010927060671129668,-5.141617320187726e-06,-0.00018338221646548004,-0.0021699170638562653,0.0017694218665217103,0.0
-1.3652192211181573,-0.007447109485750613,0.00010228137892832488,-0.00016896475076618267,-0.0009950354838355548,0.000811384717135099,0.0
-1.4020251851577468,-0.010962500431886006,7.44070417347958e-05,-0.00015706682156371704,-0.0009532792244338982,0.0007773352874678931,0.0
-1.4339388591382038,-0.0101781202029908,0.0003954770642201712,-0.000145617599162771,-0.0009130673916127974,0.0007906581590187715,-9.221827664720031e-05
-1.4248368526612432,-0.021920566964019127,0.00037886470478943756,-0.00013384098766164044,-0.001249196605215156,0.0010628062133031034,-8.833303371616134e-05
-1.4563920193606084,-0.021737194318815052,-1.476275668902604e-05,-0.00012217968931983977,-0.00194840637179081,0.002442228727499096,-0.0017067277949245892
-1.4621726825759718,-0.04364694574853647,-5.5731362303479703e-05,-0.00011056778393948304,-0.0018696826420878964,0.0023430150179667877,-0.0016366939730295055
-1.4623409224427968,-0.04365196783411334,0.0001106708754958608,-9.884304271575138e-05,-0.0025234527237326626,0.002845769217179638,-0.001575996027183389
-1.4700432598066544,-0.0648548496973524,0.0001596792688366476,-0.00030044179687679175,-0.002070149890025848,0.020942760973109417,-0.03850622288503299
-1.4924094160793113,-0.06584159188585197,6.615621473929657e-05,-0.012314847149111166,-0.005722224251199724,0.011731733163682086,-0.014130125561532819
-1.4787222954457742,-0.08698366443798672,-0.00039929226314646966,-0.013470662046089286,-0.0054907754116612145,0.011254238410836212,-0.01355264549837174
-1.4681690009761854,-0.08765188065529464,2.7674014142414432e-05,-0.010652356733269268,-0.0020376135974995604,0.008149219554726049,-0.012974299111571845
-1.4471755092737497,-0.10963450827831438,-5.093947808461793e-05,-0.0104159311880896,-0.0028063991598488275,0.0030937532434526715,-0.0016105135524861662
-1.4265678241934594,-0.10973598647641995,-0.00019390260854790467,-0.009986443609545979,-0.002691049624447721,0.0029656788416931937,-0.0015424899584195616
-1.3805968636850499,-0.13148541558905236,-0.00015930992997199666,-0.002894155415511958,-0.0025775162772014052,0.0028396209821815754,-0.001475537401573525
-1.384515605868944,-0.1318586291303756,0.00010717056374869435,-0.002773588680237155,-0.0024621635629075,0.002711543050847468,-0.0014075119328594593
-1.3395539707816055,-0.15371930812247936,-0.00020194302171803032,-0.002654015430683332,-0.0009755513920411565,0.0012583869586664908,-0.0009257044031250832
-1.3019646285673838,-0.15447037966053706,3.987101385970514e-05,-0.002535200676004409,-0.0009349311471761939,0.0012061931000786827,-0.0008875659899245226
-1.2492557706203296,-0.15341737533933872,3.823723601850233e-05,-0.0024145003161148183,-0.0013480232562226443,0.001523656560932518,-0.0008487982634416333
-1.2070958512406196,-0.1755775783622719,3.6623356530279764e-05,-0.0022952700082147716,-0.0012928008549594166,0.0014595005287579405,-0.0008105496709697907
-1.1707190905183573,-0.17671231554994074,-1.134882609353795e-05,-0.0021763640360094785,-0.0012376165004801519,0.0013953886984043663,-0.0007723274307734973
-1.1177551631866107,-0.17533414324495852,-0.001837150846173232,-0.0020563357861850466,-0.0067314471571393005,0.0059009729436454795,-0.0008237906476304528
-1.0914875782446603,-0.17463801251914562,0.00022554793067764374,-0.0019367545626487869,-0.006459511397622884,0.005661939831537835,-0.0007892180182433046
-1.0323543807882765,-0.19768488142754234,-2.4996108782644506e-05,-0.0018172885389951651,-0.006188265671523901,0.005423513262812058,-0.0007547331164490566
-0.9885961179039061,-0.19771922358078123,4.380754410709488e-05,-0.001697843900112627,-0.0059168646982009085,0.005184950230874648,-0.0007202284772552521
-0.9167968125859448,-0.19645645983984528,0.00011288611499762232,-0.0015782841821653643,-0.005645167231505788,0.0049461265795410075,-0.0006856861432930639
-0.8537182416135758,-0.1970119019108252,0.00010830805330493911,-0.0014598440234341347,-0.005376055159562503,0.004709575505211058,-0.0006514725042209254
-0.7892772242294294,-0.1973193060573573,-1.3758854559064966e-05,-0.0013400896678246437,-0.005103931620910406,0.004470377334152468,-0.0006168760014804681
-0.7428955009602884,-0.17479894140242083,-0.00044764875044524797,-0.0012199193361313245,-0.004830856420893056,0.0042303426472262585,-0.0005821585090042684
-0.6830501118500785,-0.17627099660647186,-0.0004294454246603441,-0.0011023855534038395,-0.0045637985264098836,0.003995597206815088,-0.0005482060283621579
-0.6113385743839672,-0.1746681641097049,1.5146299069153618e-05,-0.0010118679856287742,-0.004358127662908778,0.003814811323193306,-0.0005220580051959391
-0.5458066013211127,-0.17465811242275606,2.1198769261373283e-05,-0.0008636662664461847,-0.004021376942326003,0.0035188054838416307,-0.00047924510747602694
-0.4816958246562093,-0.153266853299703,2.031742974996493e-05,-0.0007403322572207377,-0.0037411286616849957,0.0032724656173836043,-0.00044361566337416735
-0.3942968152914731,-0.1533376503911284,1.9465406909348153e-05,-0.0006211008015504905,-0.0034701941163612963,0.0030343125783667416,-0.00040917032363544065
-0.3278990945948825,-0.131159637837953,1.863764792737187e-05,-0.0005052648125836828,-0.0032069841842395862,0.0028029495192215333,-0.0003757070547720799
-0.24039007931503856,-0.10926821787047207,1.7779319971481423e-05,-0.0002423034771223174,-0.0029340480341231456,0.0025630370579658697,-0.0003410072404442005
-0.1759440011345062,-0.10996500070906638,-6.96426578584076e-06,-0.000232094932385692,-0.00023181782017245135,0.0003421347729522679,-0.0003061806251037859
-0.08729891329374194,-0.10912364161717743,-6.6750303232888175e-06,-0.00022186496491894127,-0.00022199507551030713,0.00031667266121524656,-0.0002712788470932657
-0.043474388637630104,-0.10868597159407525,1.427292661265119e-05,-0.00021173250975027605,-0.0002122664397708491,0.00029145449472848953,-0.00023671145309061517
0.021920566964019127,-0.08768226785607651,-4.586717113846474e-05,-0.0002018603039227273,-0.00020278729753666881,0.0002668830549690925,-0.00020303054929368352
0.06575410233628963,-0.06575410233628963,3.748848224666161e-05,-0.00019171939322089665,-0.0001930504497979035,0.0002416436016779705,-0.00016843397674809905
0.10948264240051918,-0.08758611392041535,3.59783694970008e-05,-0.00018166497142091935,-0.00018339068778230294,0.00021660396680461903,-0.00013411130206815414
0.15370151447644134,-0.06587207763276057,3.444162657142744e-05,-0.00017143324430298338,-0.00017357283986854942,0.00019115454821589414,-9.92269229854479e-05
0.1617218532301504,-0.060645694961306396,5.288612954261863e-05,-0.0001612854944917501,-0.00016382263289646082,0.00016588046567365163,-6.458288295375074e-05
0.17526326843969697,-0.043815817109924236,5.074274031833597e-05,-0.0005375033898547665,-0.00015408868784405364,0.00014064853660584296,-2.999662411562686e-05
0.19736492901829544,-0.04385887311517677,1.709395187464887e-05,-0.0005155151925424512,-0.0001443547722605433,0.00011771163738426002,0.0
0.19793700127631947,-0.021993000141813275,7.26183719772207e-05,-0.0004935647613216338,-0.00013463740837420197,0.00010978777871157683,0.0
0.19711426348092087,-0.02190158483121343,3.086517433871185e-05,-0.0004716197664653387,-0.00012492254934410866,0.00010186596258120623,0.0
0.21978984557457795,-0.0035627841270695227,8.730739159654498e-05,-0.00044962211653552786,-0.0001151846751054298,9.392537909146867e-05,0.0
0.21750903133028268,0.001282768899489683,6.243560787055492e-05,-0.00042791185058575884,-0.00010557305053313863,8.608774373927444e-05,0.0
0.218498676753026,0.0004809928684242902,2.400038732937999e-05,-0.00040588942636619624,-9.582412545807107e-05,7.813814903345164e-05,0.0
0.19442052568138657,0.004335238086228081,6.120017993444986e-05,-0.0003840543681140875,-8.615761015356631e-05,7.025575396971548e-05,0.0
0.19741057308143567,0.001283788224404325,4.9391963785174635e-05,-0.0003619518629167258,-7.637370549771623e-05,6.227763576124397e-05,0.0
0.17556742173715698,-0.0003563796821767035,4.8024275870605554e-05,-0.000340191216290843,-6.674054898465692e-05,5.4422442555130605e-05,0.0
0.1754456338268242,-0.000665532251881507,3.99034358464721e-05,-0.000323265217391588,-5.924185415285684e-05,4.830775972841439e-05,0.0
0.15361260800115417,0.0021867851322192665,3.3168618753577236e-05,-0.0002960657543320884,-4.7206167225161996e-05,3.849346406559941e-05,0.0
0.15324032124200537,0.004377303852872778,3.26521877928901e-05,-0.0002741671793720406,-3.7512339164587165e-05,3.058879728068535e-05,0.0
0.13153860240841805,0.005473105478400378,3.5213830190387386e-05,-0.0002521697291454164,-2.7774356873285825e-05,2.264812568127941e-05,0.0
0.13043811327016644,0.010874828081358685,5.2455509877197645e-05,-0.00023015952010409712,-1.8029748991634068e-05,1.4702051357207203e-05,0.0
0.08767720185955143,0.010953321759044897,2.488922886703184e-05,-0.0002084913915266862,-8.43813871191358e-06,6.880736318589652e-06,0.0
0.08797710068903218,0.02182585422576724,4.398720365912802e-05,-0.0001863628250634819,0.0,0.0,0.0
0.06565548066563814,0.010970108216357143,4.6396161549718557e-05,-0.00016438086292843527,0.0,0.0,0.0
0.04368212463399874,0.02184106231699937,4.166668064727695e-05,-0.0001426004900655716,0.0,0.0,0.0
0.021939582029046903,0.043879164058093806,3.372430005843604e-05,-0.00012069215183862665,0.0,0.0,0.0
-0.003600146996362082,0.04380316966242686,3.236326267395606e-05,-9.874456084090662e-05,0.0,0.0,0.0
-0.02188263554515078,0.04376527109030156,3.4235198445186966e-05,-7.660198187078068e-05,0.0,0.0,0.0
-0.021945927717144622,0.043891855434289244,3.1375081664567785e-05,-5.504466637265239e-05,0.0,0.0,0.0
-0.043677095607446356,0.06551564341116954,3.702478480074445e-05,-3.298281186837138e-05,0.0,0.0,0.0
-0.022042836119126084,0.08817134447650433,3.552305047658418e-05,-1.1001781681528632e-05,0.0,0.0,0.0
-0.043737520457260676,0.08747504091452135,4.001377206539871e-05,0.0,0.0,0.0,0.0
-0.021896528480103837,0.10948264240051918,3.454705214650715e-05,0.0,0.0,0.0,0.0
-0.02185868013633781,0.10929340068168907,6.037246991173389e-05,0.0,0.0,0.0,0.0
-0.021973892409283463,0.13184335445570078,3.2593303692292394e-05,0.0,0.0,0.0,0.0
-0.011254538919762646,0.15133804365917652,3.8121167094789777e-05,0.0,0.0,0.0,0.0
-0.010862373373597866,0.15286983462606227,4.689027909044637e-05,0.0,0.0,0.0,0.0
-0.010949844212955782,0.19729650248564148,8.69071135620645e-05,0.0,0.0,0.0,0.0
-0.0031063609700127735,0.19686423385704052,3.786132198175359e-05,0.0,0.0,0.0,0.0
0.0006615924008238731,0.21902849283891174,4.56657126810499e-05,0.0,0.0,0.0,0.0
-0.0008047991712126681,0.24072287591768973,4.13197360689751e-05,0.0,0.0,0.0,0.0
0.00038889181226069825,0.26287972221707756,5.981271859111185e-05,0.0,0.0,0.0,0.0
0.0005953360117901722,0.26432973520033376,4.769664947271887e-05,0.0,0.0,0.0,0.0
-0.0007968320177502661,0.2839992100542225,0.00011024731661494011,0.0,0.0,0.0,0.0
-0.00026085326178698463,0.3076166763725186,8.44156723464967e-05,0.0,0.0,0.0,0.0
0.0002646923097210875,0.3250150657772681,0.00013084154098692553,0.0,0.0,0.0,0.0
0.002002080507562156,0.32816381908160924,8.671597810252139e-05,0.0,0.0,0.0,0.0
0.0009736738641070898,0.3291127630960723,0.0001346260515488026,0.0,0.0,0.0,0.0
0.0004192744313460199,0.3294557278234346,0.00015919384988637982,0.0,-6.551617846439729e-05,5.342405049335205e-05,0.0
0.00040174595887007314,0.32875151858429724,0.0002022959732335562,0.0,-6.274614312763308e-05,5.116527241489499e-05,0.0
0.000397530810018486,0.3286565860060171,0.0001304156379774264,0.0,-6.0025805115662895e-05,4.894701917246181e-05,0.0
0.0019853607713558098,0.3252193843121606,8.484063385888057e-05,0.0,-5.7296084847826405e-05,4.672111532947635e-05,0.0
0.005279538808298013,0.3057924770710983,0.00014528426967695218,0.0,-5.4561120097177396e-05,4.4490934962414634e-05,0.0
0.0031612131173116872,0.30648064248401075,-0.00012095616390726463,0.0,-5.184310975461302e-05,4.2274579778305107e-05,0.0
0.0027011987980733814,0.3078841536286538,0.0001615001410496621,0.0,-4.91431329997987e-05,6.79139029282122e-05,-5.5677373965657495e-05
0.0035897835302566394,0.28346055990583524,0.00022675015535140176,0.0,-4.641393580373885e-05,6.454330136142715e-05,-5.338731352255755e-05
0.007215276767711659,0.25540258229202517,0.00021755218345393323,0.0,-4.36975538662053e-05,6.118852684097273e-05,-5.110800632098278e-05
0.007300915257039783,0.2419370268948385,-1.8075978613542438e-05,0.0,-4.0980577278652036e-05,5.783301791836846e-05,-4.882820015052092e-05
0.00726381098932028,0.21593673655090162,-1.7332741415376568e-05,0.0,-3.825658602327382e-05,5.446884577040427e-05,-4.6542507995224224e-05
0.007303901514117266,0.19690964659841473,-1.5281302972886642e-05,0.0,-3.5548829264035145e-05,5.112472348113216e-05,-4.4270438152553554e-05
0.010939650206999996,0.17439717402575605,-1.4653864791596406e-05,0.0,-3.2820702988612615e-05,4.7755444518218776e-05,-4.1981276315458595e-05
0.02191155676087629,0.131159637837953,-1.402143806813372e-05,0.0,-3.0070613204592266e-05,4.4359040275901334e-05,-3.9673684970117e-05
0.02105089626269443,0.12630537757616658,-1.3409933590652563e-05,0.0,-2.741167968967892e-05,4.1075215463138456e-05,-3.744258255211413e-05
0.028218174900240173,0.08465452470072053,-1.2780426927667011e-05,0.0,-2.4672797406724212e-05,3.769265266133916e-05,-3.514439538426965e-05
0.021973892409283463,0.06592167722785039,-1.215866836530785e-05,0.0,-2.1971218400467907e-05,0.00021790297709420818,-0.0003999409994733592
0.04377284555743383,0.04377284555743383,-5.569558386619673e-06,0.0,-1.92405015432466e-05,0.00020743099651054925,-0.000383451825420152
0.044014067225045424,0.01099140260882718,-5.337225661350921e-06,0.0,-1.6514479943472448e-05,0.00019697702169145436,-0.0003669910032325242
0.06282153542743485,-0.002410690042900107,-1.3681504426962189e-05,0.0,-1.3803030022190181e-05,0.00018657892755945255,-0.00035061817073971395
0.0651145807734331,-0.0072383638056068835,-1.3114346747430016e-05,0.0,-1.1059587379246486e-05,0.00017605814507213086,-0.00033405215323963495
0.10944474164732261,-0.021856005189033138,-1.825927364370275e-05,0.0,-8.353924283618834e-06,0.00016568224274142695,-0.00031771426394321735
0.1083507318347744,-0.003097994139343305,-1.7484106922953683e-05,0.0,-5.5790450269025e-06,0.00015504090450766365,-0.0003009584194404707
0.13159183227411692,-0.0021040359387857277,-1.672067822614232e-05,0.0,-2.8460528074530578e-06,0.00014456019817530227,-0.00028445550582883425
0.13137158854260256,0.0009913667641239085,-1.598023421806478e-05,0.0,-1.9485800182378564e-07,0.00013439317538250427,-0.00026844651812167847
0.17650677636349127,0.00027488250782917384,-1.5218631777843774e-05,0.0,0.0,0.00012600220555944217,-0.00025198371770361757
0.1973193060573573,-0.00035802826620023377,-1.4438391908524179e-05,0.0,0.0,0.00011756718200469259,-0.00023511505588292685
0.21943389001462144,-0.004364887642444091,-5.2105528596945e-06,0.0,0.0,0.0001095456300950005,-0.00021907326944766318
0.24155891276389613,-0.0027134848232312674,-4.992115525164187e-06,0.0,0.0,0.00010128304675578743,-0.00020254945973808894
0.275650026928327,-0.0005666462228407306,-4.774810710484113e-06,0.0,0.0,9.306291989423603e-05,-0.00018611055601118609
0.303763770903512,-0.007289653444727981,-4.556662686593721e-06,0.0,0.0,8.480542385102467e-05,-0.0001695969200581257
0.32970386944925756,-0.007265747726973487,-4.33943555616068e-06,0.0,0.0,7.659431613352868e-05,-0.00015317605313811442
0.3716189738742001,-0.010885651838951946,-5.480094267067334e-06,0.0,0.0,6.833048175175316e-05,-0.00013664974154887474
0.41517139710167617,-0.043702252326492226,-5.261192027067674e-06,0.0,0.0,6.0174540439348096e-05,-0.00012033919837903462
0.433378172773908,-0.0216689086386954,-5.03900808909043e-06,0.0,0.0,5.1896271270796305e-05,-0.00010378401958687578
0.45489118998354805,-0.04332297047462362,-1.3160641969577005e-05,0.0,0.0,4.3649224134569006e-05,-8.729127973175346e-05
0.50356202713899,-0.043788002359912176,-2.0311521185836512e-05,0.0,0.0,3.541825351871326e-05,-7.083069027711797e-05
0.5270681365389694,-0.04392234471158078,-4.355794339888992e-05,0.0,0.0,2.7250134283689628e-05,-5.449579326202802e-05
0.5684566945368403,-0.04372743804129542,-2.958637740378346e-05,0.0,0.0,1.8966694693384423e-05,-3.793027447550371e-05
0.6111275496775868,-0.08730393566822668,-5.002005089477623e-05,0.0,0.0,1.0736359989528886e-05,-2.147095674043246e-05
0.6365423698763071,-0.0877989475691458,-0.00010131496750802111,0.0,0.0,2.5011832106390116e-06,-5.001955650509319e-06
0.6514812577783841,-0.10858020962973068,-6.095159313488371e-05,0.0,0.0,0.0,0.0
0.6818620608670368,-0.10997775175274788,-8.320739258291205e-05,0.0,0.0,0.0,0.0
0.712226381313415,-0.12949570569334817,-5.257146577385244e-05,0.0,0.0,0.0,0.0
0.7654948596575445,-0.15309897193150887,-7.000819153095062e-05,0.0,0.0,0.0,0.0
0.7910143106721907,-0.1757809579271535,-0.00010748492864721206,0.0,0.0,0.0,0.0
0.8237008109335279,-0.17341069703863743,-7.42932103279542e-05,0.0,0.0,0.0,0.0
0.8310128886879528,-0.19681884205767303,-0.00010399851429462786,0.0,0.0,0.0,0.0
0.8521939203665986,-0.2403623877957073,-6.272832259577735e-05,0.0,0.0,0.0,0.0
0.8713850185386828,-0.26141550556160487,-6.472262778812741e-05,0.0,0.0,0.0,0.0
0.9202384408168477,-0.28483570787188145,-8.903393762388725e-05,0.0,0.0,0.0,0.0
0.8929645416095896,-0.32669434449131324,-8.737230473447344e-05,0.0,0.0,0.0,0.0
0.9430747979645046,-0.32897958068529226,-4.361782273698048e-05,0.0,0.0,0.0,0.0
0.9468516951181147,-0.35231690981139147,4.2788475180339844e-05,0.0,0.0,0.0,0.0
0.9879096325491902,-0.3951638530196761,-3.80205840485847e-05,0.0,0.0,0.0,0.0
0.9931971819234717,-0.3972788727693887,-3.647886931620324e-05,0.0,0.0,0.0,0.0
1.0220580571463438,-0.41317240608043687,8.124329257520681e-05,0.0,0.0,0.0,0.0
1.0060209611188584,-0.4592704387716527,8.620706731426993e-05,0.0,0.0,0.0,0.0
1.0244068059850118,-0.45771367926989887,0.00016636978249861658,0.0,0.0,0.0,0.0
1.0513974663638217,-0.459986391534172,0.0005820532176837112,0.0,0.0,0.0,0.0
1.022644234054549,-0.5004429230479708,-5.4144590048917714e-05,0.0,0.0,0.0,0.0
1.0476472280187201,-0.5019976300923035,5.443148721230717e-05,0.0,0.0,0.0,0.0
1.0287805714848324,-0.5034458115776839,0.0005189355844824015,0.0,0.0,0.0,0.0
1.0123822724520732,-0.5061911362260366,0.0004980251667180523,0.0,0.0,0.0,0.0
1.030266647308899,-0.526093607136459,8.801004890859638e-05,0.0,0.0,0.0,0.0
1.008520897626493,-0.5261848161529529,-7.511446516216405e-05,0.0,0.0,0.0,0.0
1.0100385237023288,-0.5269766210620845,-0.00023026444224353155,0.0,0.0,0.0,0.0
0.9973964458209313,-0.5203807543413556,5.134123335345743e-05,0.0,0.0,3.883205051495156e-05,-7.76577236197348e-05
0.9665153788220877,-0.5052239480206367,-0.0004538528368311152,-4.692917027125277e-05,0.0,4.799595184543224e-05,-5.296677281777556e-05
0.9496351750845533,-0.4964002051578347,5.841084915003726e-05,-4.505323496594115e-05,-4.8585462878645633e-05,8.559689454092949e-05,-5.0675665496084704e-05
0.9253152498689732,-0.4846889404075574,2.4229094563483408e-05,-0.0040997918358507135,-4.662416528311949e-05,8.194875151073564e-05,-4.8348677374598556e-05
0.8970845694848283,-0.4594823404678389,-5.303364570158326e-05,-0.0034011568078268586,-4.4673913709881144e-05,7.832115481135491e-05,-4.603479484336659e-05
0.8507728621358681,-0.4362937754542914,-7.576683463155921e-05,-0.008293786239820824,-4.2688686203482506e-05,7.462850056687021e-05,-4.36794149987297e-05
0.8256349345947314,-0.4128174672973657,-0.0002268250544130101,-0.007958703041329701,-4.072643450270356e-05,7.09785828379076e-05,-4.1351294875860984e-05
0.7874569354281621,-0.39372846771408104,-9.157448032428814e-05,-0.002912659181084469,-3.877834477542735e-05,6.735500731476093e-05,-3.903997727403381e-05
0.7661573963198758,-0.35024338117480036,-0.00017316542230600337,-0.004732542492402942,-3.6826816108034446e-05,-0.0002063180080540135,0.0005033171575241942
0.7343939070356119,-0.30239749113231085,0.0002291885614615365,-0.022749938409350395,-3.483087349435779e-05,4.1114498219575404e-05,0.0009606229277718361
0.7113765174570834,-0.2802392341497601,-0.00021599658260451624,-0.03933884639026842,-3.291701167379757e-05,3.9460491338021327e-05,0.0009213394879012183
0.6335002200116365,-0.2621380220737807,-0.00014004006789208656,-0.03263486669393699,-3.0952063114765256e-05,3.7762334029262226e-05,0.0008810074546591265
0.6122194149326156,-0.21864979104736273,-0.0002428749111021419,-0.025491846121855514,-2.8988256906051108e-05,3.60651639679979e-05,0.000840698869008473
0.5468450940473348,-0.15311662633325376,-0.0009152723786006675,-0.09876826345505826,-2.702201341912119e-05,3.436588755041344e-05,0.0008003402564064426
0.5066908313259636,-0.13218021686764267,-0.00018391088168869278,-0.14828650256491943,-2.5045882112437695e-05,0.0005379231514393264,-0.0002506685022968664
0.4378042264685004,-0.08756084529370009,-0.00026487985223470515,-0.1535405121159893,-2.3065487550403567e-05,0.0005129064879636577,-0.00024471108898318345
0.3908663810905514,-0.04342959789895015,-0.0002041059966571332,-0.1481655128947847,-2.1156891637858384e-05,0.0004887967966069327,-0.00023896966001856395
0.30718967809415304,-0.007275541390940383,-0.00020425261489165163,-0.09911401289006418,-1.9198100673993195e-05,0.00046405303326723497,-0.00023307723454408347
0.2634273249250867,0.02195227707709056,-0.00021603597450727623,-0.04476552331263627,-1.723387636308108e-05,0.0004392406350114328,-0.00022716846450137647
0.19681884205767303,0.043737520457260676,-5.888233736531013e-05,-0.042908325406311586,-1.5257733167235573e-05,0.00041427767547905464,-0.00022122384012683674
0.13154620403823822,0.04384873467941274,-0.00036642080081905165,-0.04106414819728368,-1.3296071961504058e-05,0.00038949765478123264,-0.00021532278040469952
0.04375769924409216,0.06563654886613825,-0.00045885421095106686,-0.03921900335328749,-1.13317911770723e-05,0.00036468454314282325,-0.00020941384047862488
-0.01088348658446696,0.0659484156529631,-0.00036938526149427433,-0.03736810299042328,-9.364122972225986e-06,0.00033982864106346503,-0.00020349471053089245
-0.06622855730804988,0.08830474307739983,-0.0007340662391930835,-0.0355554833472277,-7.435738540248195e-06,0.0003154689779380744,-0.0001976937538381192
-0.13125795840604743,0.08750530560403161,-0.0009185957371508969,-0.03369032177717475,-5.451601864465672e-06,0.00029040504347806445,-0.00019172508351601332
-0.15268526229655338,0.1090609016403953,-0.0009140836558640745,-0.03186440576781747,-3.509057440512166e-06,0.00026586650905052744,-0.0001858815308040759
-0.21925634424451196,0.10962817212225598,-0.0012265002609558398,-0.030011413674309647,-1.537799699496804e-06,0.00024096526337141576,-0.00017995160283105452
-0.24196508244384934,0.13198095406028146,-0.001839013315730717,-0.028164405271534354,0.0,0.00021649299927938004,-0.00017404090148269284
-0.28437584511339603,0.1531254550610594,-0.000916110419107603,-0.026309937977073903,0.0,0.00019317978264442708,-0.00016810603497036613
-0.3293032108497301,0.13172128433989205,-0.001224943139287831,-0.02449858026398611,0.0,0.00017040897833609273,-0.00016230925085153846
-0.37364273747678256,0.1758318764596624,-0.003689255909275245,-0.022655234718121524,0.0,0.00014723764590114595,-0.0001564105039275305
-0.4382087813413561,0.17528351253654242,-0.0036777502887669652,-0.02081105098989747,0.0,0.0001240544302693177,-0.00015050873188741197
-0.459986391534172,0.1971370249432166,-0.003676688582563511,-0.018965442351662434,0.0,0.00010085166297365494,-0.0001446019825626583
-0.5202023686631262,0.21675098694296924,-0.007276495029423529,-0.017116657002285172,0.0,7.761006162473525e-05,-0.00013868534721806362
-0.5484895507261724,0.24133540231951592,-0.003682642045454546,-0.01526966722578453,0.0,6.039296532561822e-05,-0.00012077601227952917
-0.5913086541620697,0.26280384629425324,-0.007352103706055534,-0.013418596432507238,0.0,4.727707984566233e-05,-9.454639534909347e-05
-0.6332449822114707,0.2838684403016938,-0.003665261094163693,-0.011573692798767844,0.0,-9.146404515674286e-05,0.00018291306912032482
-0.6778534193564639,0.3061273506771128,-0.0036703311959654177,-0.009775510381056467,0.0,-8.781891500895555e-05,0.00017562340746658757
-0.7224603457053037,0.3283910662296835,-0.007349558110681517,-0.00790988036019598,0.0,-8.403727158916532e-05,0.00016806074168849828
-0.7678409666119104,0.3510130133083019,-0.007364858179610248,-0.00024295098486955946,0.0,-8.02640441468973e-05,0.00016051490648329256
-0.7908768943231249,0.3734696445414757,-0.0018425997178819445,-0.00023281744650039768,0.0,-7.652868482780534e-05,0.00015304480130533515
-0.8151586725036193,0.39656367851527424,-0.000615541653778491,-0.00022267225198582675,0.0,-7.278897026866315e-05,0.00014556598636254086
-0.8587226259666211,0.4183520485478411,0.0012155455896552191,-0.00021275198625261485,0.0,-6.913212986771957e-05,0.0001382529061256727
-0.8750026003489109,0.41562623516573266,0.0009040545662095679,-0.00020260082026811989,0.0,-6.539010648387807e-05,0.00013076947391265942
-0.9213026078487262,0.4387155275470125,6.563016124770899e-05,-0.0001924523993161114,0.0,-5.0050772402943035e-06,0.0002365670623711725
-0.9533230786771145,0.4766615393385573,-9.112526133301662e-05,-0.0001822821051668083,0.0,-3.6295275215656977e-06,0.00022431034284802804
-0.9817174445130854,0.45813480743943985,0.00018278448850468363,-0.00017209198635191679,-7.613626806008679e-05,5.983046304720439e-05,0.00021204988631146103
-1.0126172457078353,0.46228178608401177,4.2468035798957203e-05,-0.0005966042353372152,-7.298239303211388e-05,5.863016351855157e-05,0.00019982948241875346
-1.022526944889042,0.47862963377784945,-0.00024402533500901818,-0.0005723714754150328,-6.983039917581511e-05,5.743057992488473e-05,0.00018761636755222643
-1.0697809385893808,0.48030980916257926,-0.0001915331244643404,-0.015525977270427123,-6.667914219133118e-05,5.623127676937224e-05,0.00017540610786262098
-1.0726822486940377,0.4816124381891598,9.378873310612198e-05,-0.034755842227066916,-6.353690273536256e-05,5.503540549848759e-05,0.00016323078863184656
-1.0811040052263838,0.46333028795416453,-7.975964800212198e-05,-0.029621034496151846,-6.04131757911645e-05,5.384657970624596e-05,0.0001511272003253787
-1.1134454666950702,0.45847754510973465,0.0012238103779350588,-0.026836837645943603,-5.7260629678883576e-05,5.264678593538779e-05,0.00013891194561783238
-1.0755993386488267,0.46097114513521154,7.768862852028828e-05,-0.019040098926487416,-0.00045273726736953535,0.0003765032461275128,0.00012668881604866814
-1.0944474164732259,0.4377789665892904,-6.490765337899271e-05,-0.009964427266251292,-0.002842044766658119,0.002461275116112568,-0.00015565869131961752
-1.0911736437134119,0.4146459846110965,0.0003635776016759668,-0.00955450989478955,-0.0033781755105793433,0.0028916367356311584,-0.00015144591739655225
-1.0931859510323856,0.4154106613923065,0.00044855804636901556,-0.009141516247706163,-0.0032419041672472424,0.003919676539930694,-0.00243904897604903
-1.0750395194232982,0.37297289449379734,-5.546692925994631e-05,-0.00873781349452465,-0.003108516431098196,0.003758322148365336,-0.0023431561896333198
-1.0237010486264275,0.32671310062545555,6.40962923403173e-05,-0.008322298009578911,-0.0012853990387148016,0.002217564678681893,-0.00224445176522305
-1.0274763665423023,0.3060567900338773,-0.000405760093920243,-0.007912612243973039,-0.0012330638808172186,0.0021215247923425684,-0.002147139455363034
-0.9594821761413228,0.25586191363768607,0.0001065164857938552,-0.007496454635957448,-0.0011798903405729512,0.0014954066167178978,-0.0009912754954021997
-0.9172718094953497,0.21839804987984515,2.962090453525129e-05,-0.007087437861366939,-0.0011276456754984044,0.0014293257636947064,-0.0009537124966538399
-0.8784468942316157,0.17568937884632313,6.409650507005676e-05,-0.006676960012065136,-0.0010752079714849783,0.0017840605965825196,-0.0017580612518160673
-0.7983780138288129,0.0997972517286016,-0.0007524814332305293,-0.006261283527724977,-0.0010221032121720695,0.0024052264132782687,-0.0030964359079097615
-0.7444390017414144,0.06568579427130128,0.0006009277410434698,-0.005846630732936638,-0.0009691329814428929,0.004471457875267988,-0.007324460969483478
-0.6697469718584652,0.021604741027692425,2.8936230430722496e-05,-0.005433864109578883,-0.0009163995593361899,0.004274240864444379,-0.007025532075911684
-0.5901843636811209,-0.010966866680966832,4.0362172171018454e-05,-0.005026555636454098,-0.0008643661062667218,0.004079641658338874,-0.006730571082799908
-0.5204699930668056,-0.0433724994222338,0.0003020556787227643,-0.004610031874576437,-0.0008111565391825856,0.0038806439193657047,-0.00642894307573239
-0.4354424705265756,-0.06531637057898633,-3.329847410519033e-05,-0.00419698240881555,-0.0007583866645126478,0.0010655514700466657,-0.0008942025604660791
-0.3510130133083019,-0.0658149399953066,3.155837238733597e-05,-0.0037942160764326154,-0.0007069356276159103,0.0010059313662302077,-0.0008588749953092412
-0.2630468035682295,-0.06576170089205738,0.00010667035277416008,-0.003377446962308351,-0.00028342721554550933,0.0006423078333199162,-0.0008223163569805909
-0.17545577636548923,-0.06579591613705846,0.00010232470348666278,-0.002964313143695279,-0.0002715751143347137,0.0006145217059341452,-0.0007860762659602586
-0.06518917219421715,-0.06518917219421715,2.2937181972041884e-05,-0.00255314859969309,-0.00025978005582389757,0.0005868693097492706,-0.0007500105940241501
0.01093237679323659,-0.0433724994222338,2.1982661103687487e-05,-0.002142215244989482,-0.00024799144426744193,0.0005592320278375465,-0.0007139646348974974
0.10831361058821419,-0.04332544423528568,-1.3910222249631595e-05,-0.0017323261994237865,-0.00023623298223063614,0.0005316654286156435,-0.0006780108637564938
0.17517222784083067,-0.06568958544031152,-1.3330760101146407e-05,-0.0013164045711156682,-0.00022429904831648668,0.0005036874522168349,-0.0006415205534235484
0.21817197794368795,-0.0654515933831064,1.2484283479240445e-05,-0.0009042211279705457,-0.0002124775507203655,0.0004759730721036094,-0.0006053740388722004
0.28674132344911224,-0.06144456931052406,3.7941437151032226e-05,-0.000499612362672974,-0.00020086936426198093,0.0004487587797250851,-0.000569879764367553
0.3516637529193248,-0.06593695367237339,-9.925767581876387e-05,-8.677596596834684e-05,-0.00018902730094119962,0.00042099618522058646,-0.0005336703661367352
0.41383659412557705,-0.0871234935001215,2.6442881465611926e-05,0.0,-0.00017708332913703582,0.00039299467594050563,-0.0004971493630142753
0.4614784697272857,-0.06592549567532652,3.7271276583077556e-05,0.0,-0.00016522634640472723,0.0003077494220506329,-0.0003460084159846158
0.5471921370309224,-0.08755074192494756,5.941049021927544e-05,0.0,-0.00015339665119842754,0.0002909346437698301,-0.00033167268315522464
0.5941554417662143,-0.08802302840980952,9.365602267140734e-05,0.0,-0.00014165454255743646,0.0002742443613995607,-0.0003174430914882059
0.6360639602787821,-0.10966620004806586,0.00014279047228602415,0.0,-0.00012968370147268111,0.0002572289577763382,-0.0003029363120199766
0.7245089890467133,-0.13172890709940246,0.00010459019435032017,0.0,-0.00011815954649355839,0.00024084847565331886,-0.0002889708459632328
0.7689080917030381,-0.10984401310043403,0.00017954783572390269,0.0,-0.00010627106390639583,0.00022395013674329583,-0.00027456387206033136
0.809470753734636,-0.13126552763264368,0.00024394802773241908,0.0,-9.443198207794607e-05,0.00020712201627847996,-0.00026021676411898924
0.8749017064197845,-0.13123525596296767,0.00011674353917312877,0.0,-8.543064163118885e-05,0.00019432747329129927,-0.00024930855308728084
0.9410076058600598,-0.15318728467489348,0.0005248765872900098,0.0,-7.077980341132731e-05,0.0003051784212881435,-0.000494883834316165
0.9854006557046209,-0.1751823387919326,0.0005249539056233655,0.0,-5.904760718672539e-05,0.00028543237961278236,-0.00047452706139372634
1.020535992128289,-0.20010509649574293,0.0006040636090106511,0.0,-4.719486665793479e-05,0.00026548345411169357,-0.00045396112959084615
1.0722491417123883,-0.21882635545150778,0.0006086188954050898,-0.00013773472179107708,-3.53696407026653e-05,0.0002455808374094884,-0.0004334429388855835
1.094510566171251,-0.24079232455767524,0.000517324122288199,-0.0001321008363868457,-2.3533211745147796e-05,0.00022565936533314488,-0.00041290530962265903
1.1335816311674143,-0.23979611428541456,0.00045827994717796455,-0.00012647829582096613,-1.171263428894441e-05,0.00020576457235418186,-0.00039239518462292174
1.1785353294655163,-0.2618967398812258,0.0004074277777855276,-0.001598330734851258,7.172908905884969e-08,0.00018593073000063349,-0.00037194789540877883
1.196985938764648,-0.28292394916255326,0.00018148613690024523,-0.0015333655332121809,0.0,0.00017568843216912507,-0.0003513480109251825
1.2258518341118012,-0.28457274720452524,0.00015799722883496633,-0.0014684894678730369,0.0,0.00016539525424741087,-0.00033076334553633146
1.2064677007542843,-0.30710086928290875,0.00012340084982357137,-0.0014038370928232437,0.0,0.00015513819872384137,-0.0003102509190113674
1.222958677008498,-0.3057396692521245,3.649116145808793e-05,-0.0012880608204934969,0.0,0.00014484912137861008,-0.0002896744541020422
1.2247755702155607,-0.3212526085811307,7.288370515358609e-05,-0.001237017981750453,0.0,0.00013479320664838332,-0.0002695642761302946
1.2248438056889213,-0.3438158051056621,6.978856969568024e-05,-0.003213045686926425,0.0,0.0001242539526653703,-0.0002484874990320601
1.2483903353791654,-0.3285237724682014,1.7884503916734366e-05,-0.004651257038797712,0.0,0.0001143044040897262,-0.0002285900359009026
1.2279064927171208,-0.35083042649060603,-2.8073935102026966e-05,-0.013070185908952653,0.0,0.00010402827647907672,-0.00020803946833399854
1.2060492968351741,-0.3508507045338688,0.0007346279661102958,-0.014876835553099646,0.0,9.37823044353053e-05,-0.00018754920694838442
1.2082141797652197,-0.32951295811778725,0.00011897231526050901,-0.021234221680316315,0.0,8.343243384049846e-05,-0.00016685116552401868
1.1518733031423458,-0.32600187824783367,0.00021561976476724913,-0.03282735382407195,0.0,7.314294695602287e-05,-0.0001462738816034637
1.14072632862302,-0.3509927164993908,0.00012211600681143515,-0.03283036954042846,0.0,6.284742584774708e-05,-0.00012568453022631239
1.1331909430298415,-0.3486741363168743,-0.00025881892059601735,-0.02806067630828799,0.0,5.266644094277324e-05,-0.00010532423244541793
1.099331360319557,-0.3517860353022581,-0.0002701836053864177,-0.01742156706586941,0.0,4.236334595050075e-05,-8.471973454413659e-05
1.0335511746449755,-0.35184720838977884,-6.545268157302759e-05,-0.0048845155062710805,0.0,6.223566703884197e-05,-3.566411298483579e-06
1.0402858678903966,-0.34676195596346554,-0.00040582836500612673,-0.004684769695859943,0.0,5.0919641044062984e-05,1.4134203569405518e-05
1.0064270826141197,-0.3500615939527373,4.033734651851026e-05,-0.0068194444651265,0.0,3.9312777630561675e-05,3.2289748563855855e-05
0.9572043756887596,-0.3480743184322762,-0.0006109447845749307,-0.01669554927411467,0.0,2.7767692152518308e-05,5.034866003666363e-05
0.9360401569422768,-0.34829401188549836,0.0001667443691930949,-0.011394972718256093,0.0,2.5228317021586662e-05,5.0452490782043156e-05
0.9121781888449577,-0.32577792458748484,-0.00016579803347743975,-0.010913634747381265,0.0,2.3960413444662344e-05,4.7916891856734006e-05
0.8956898163248556,-0.3495374892975046,9.228628938829716e-05,-0.010449891835082381,0.0,2.2738940969545746e-05,4.547414750963353e-05
0.8331259589088421,-0.3507898774353019,-5.364355555171495e-05,-0.00997273920051438,0.0,2.148200947061182e-05,4.296049093835444e-05
0.789322839280243,-0.328884516366768,-5.730000655554572e-05,-0.009496432581682408,0.0,2.0227378711755472e-05,4.045143546937862e-05
0.7619332266703512,-0.3386369896312672,-0.0012236602916524165,-0.00902381528424464,0.0,1.8982438814575316e-05,3.7961760132219346e-05
0.7196778185058179,-0.32712628113900816,-0.00018261205898331115,-0.00855214383095645,0.0,1.7739933355119755e-05,3.547695327070016e-05
0.6735057167469162,-0.34761585380486,-0.0003028007087604407,-0.00807565607767772,0.0,1.64848609504815e-05,3.296701458269227e-05
0.6554205340275481,-0.3495576181480256,-0.00020305525535075438,-0.007712559931368184,0.0,1.552842790282986e-05,3.105430556294288e-05
0.6140597183938848,-0.32896056342529545,-0.0004577669429893233,-0.0005298563990448505,0.0,1.3948292163591464e-05,2.7894293591074602e-05
0.5653614124837081,-0.3479147153745896,-0.00025957662494361256,-0.0005083950520457363,0.0,1.2692548102527379e-05,2.5383011700521578e-05
0.5238537517237614,-0.34923583448250756,-0.0003316838977278464,-0.0004868526474900624,0.0,1.1431880673134256e-05,2.2861883881878113e-05
0.4809740997993511,-0.349799345308619,-0.0003266091262804616,-0.00046559279662640565,0.0,1.0187832304813683e-05,2.0373991456021716e-05
0.4516675719355893,-0.36563565347166754,-0.0004071010205764223,-0.0004447035085143082,0.0,8.964239676488731e-06,1.7927007150698517e-05
0.4154106613923065,-0.371683223351011,-0.0005238802363041093,-0.0004232144421263622,0.0,7.707893025555794e-06,1.5414520179371476e-05
0.35219425814566085,-0.3742063992797646,-0.0004030806336391276,-0.0004017102058697629,0.0,6.449475011551093e-06,1.2897890822082059e-05
0.3274274330664088,-0.37108442414193,-0.0006107720680016925,-0.00038023578961192986,0.0,5.192826748864665e-06,1.0384800676781906e-05
0.26221351395895337,-0.3714691447751839,-0.0005246358494360336,-0.0003588714604737273,0.0,3.942596606873825e-06,7.884545718821246e-06
0.24312098904218288,-0.35363052951590235,-0.0006109819520091566,-0.0003374797584390535,0.0,2.690694293837903e-06,5.380946693392042e-06
0.19774212497923851,-0.35154155551864624,-0.0007353467312478462,-0.0003160896047921151,0.0,1.4390543069909394e-06,2.877872277258773e-06
0.15347057137794462,-0.3507898774353019,-0.0006022735757496658,-0.0002945715738084177,0.0,1.7898313108528095e-07,3.579368676671812e-07
0.10929969819829416,-0.3497590342345413,-0.000523605888180015,-0.00027293614688186316,0.0,7.891592338466872e-05,0.00015781888636148974
0.0873894045370064,-0.3495576181480256,-0.00030316818820918574,-0.0002514644700792551,0.0,7.572039755439641e-05,0.00015142835950400477
0.043785475497291136,-0.3283910662296835,-0.0003325070342511487,-0.0002304182858952154,0.0,7.258730499234537e-05,0.0001451626889295105
0.004359705140757484,-0.3288655100955955,-0.0003668307703970224,-0.00020858195836694803,0.0,6.933804829307714e-05,0.0001386647091582855
-0.021948384942557953,-0.308152096440468,-0.0003674201058327169,-0.00018753413917208233,0.0,6.619781331743952e-05,0.0001323847549296208
-0.04410360991005336,-0.30872526937037353,-0.00040702800315533334,-0.00016600303892966612,0.0,6.30007726250797e-05,0.00012599119859674752
-0.021608432673365555,-0.30251805742711774,-0.0003338221452498152,-0.00014444063526806528,0.0,5.9791303617381525e-05,0.00011957278767430692
-0.04337745854633879,-0.2819534805512021,-0.00024349109021004484,-0.000123068845716228,0.0,5.660824477977737e-05,0.00011320719275469684
-0.04382594032764732,-0.26295564196588395,-0.0003059865720496485,-0.00010141562857254424,0.0,5.338803475525735e-05,0.00010676730156261599
-0.04377032044375876,-0.24073676244067319,-0.0002408126211295907,-8.016364958220078e-05,0.0,5.022305918093272e-05,0.00010043787019974013
-0.021920566964019127,-0.2192056696401913,-0.0001455942163154752,-5.911736794718452e-05,0.0,4.7092404902220214e-05,9.417707579148226e-05
-0.021807165169068176,-0.21807165169068177,-0.00018344722499106055,-3.728270791340132e-05,0.0,4.384260510877806e-05,8.767800992110205e-05
-0.02137588756176916,-0.19238298805592244,-0.00010416426531576967,-1.567102654142015e-05,0.0,4.062584058972918e-05,8.124500917410614e-05
-0.010934380114315167,-0.17447737968210592,-0.00011373542573218899,0.0,0.0,3.74597578768364e-05,7.491336371591999e-05
-0.0024226871573994704,-0.1532049594510184,-6.247410971885439e-05,0.0,0.0,3.4295080440262994e-05,6.858452857958327e-05
-0.0005943845883409257,-0.10996500070906638,-3.9932374445699385e-05,-0.0001919500287551308,0.0,3.109919845624452e-05,6.219328947309731e-05
0.001086656114803697,-0.1101118164643522,-6.942977061804491e-05,-0.00018408761387906665,0.0,2.7910640991574186e-05,5.581669820239758e-05
0.0008851487890119084,-0.08703854372154379,-3.533825924826685e-05,-0.00017632212500844004,0.0,2.4761025151882573e-05,4.951798378624965e-05
-0.0014510364820140731,-0.043737520457260676,-3.1285607892054466e-05,-0.00016843928144288938,0.0,2.1564124664843656e-05,4.312470784099215e-05
-0.0015512111544515102,-0.04364945664687097,-4.013628334619446e-05,-0.00016049688433341055,-3.955801404492899e-05,5.059996204707307e-05,3.668309564906317e-05
-0.00040114342930475604,-0.010941537456126929,-2.07676624519911e-05,-0.00015263126269749112,-3.791161209284449e-05,4.606738833227761e-05,3.030353291420612e-05
0.0003806989707400115,0.002725984997261665,-1.9941908210390826e-05,-0.00014489143982674652,-3.629165263293887e-05,4.160761126647289e-05,2.402643090439093e-05
-0.0005708035356038494,0.010733123171041376,-1.910902655330773e-05,-0.0001370848114458584,-3.465537371722543e-05,3.710290644998096e-05,1.7686093430117826e-05
-0.0003826096547066004,0.007299618082065847,-1.8268059358032387e-05,-0.00012920239703776028,-3.30077200052413e-05,3.256688661802612e-05,1.1301680311793637e-05
-0.0008416643131825833,0.0016645351252745227,-9.340122609447745e-06,-0.00012133153014408509,-3.135880954295257e-05,2.802740693023882e-05,4.912397472925347e-06
-0.0008075474805814218,-0.0012786884499172398,-8.952707933844538e-06,-0.00011346381040506346,-2.9713457239368636e-05,2.42293320076768e-05,0.0
-0.00012170195631098928,-0.0010063624769803099,-8.564692752756164e-06,-0.00010558389544175966,-2.806413340520614e-05,2.288441901272749e-05,0.0
-0.0010921535181853612,0.0006443801213553398,-8.1776563036446e-06,-9.772385682640602e-05,-2.641900566984341e-05,2.154292765498914e-05,0.0
-0.0012037821495724864,0.0004347070435680474,-7.789513546936688e-06,-8.984135102366528e-05,-2.4769111266052205e-05,2.019754939876592e-05,0.0
-0.000679052078585921,-0.0008015002817116647,-7.401562544994327e-06,-8.196273942744022e-05,-2.3120008673174292e-05,1.885281681124933e-05,0.0
-0.0011478318310278967,-0.00022866830302875054,-7.016465949704892e-06,-7.414209587677612e-05,-2.1483022783431165e-05,1.751796458268008e-05,0.0
-0.0010330513724682614,0.0008029564726571124,-6.6257499614441614e-06,-0.0003205101499133446,-1.9822277575885404e-05,1.616373822357198e-05,0.0
-0.0005810189731678508,-0.0008085178057464282,-6.237822048340923e-06,-0.0003073234321978341,-1.8173209084107748e-05,1.4819033443216078e-05,0.0
-0.00016461594746751269,-0.0006849996261298142,-5.858733638593335e-06,-0.0002944371930804315,-1.6561820644644463e-05,1.350505421896887e-05,0.0
-0.0008627403838608244,0.0005196950179468834,-5.463625292192716e-06,-0.00028100639303990855,-1.4882279908718693e-05,1.213550136676001e-05,0.0
-0.0007506918213010262,0.0003149149098495589,-5.07946946926325e-06,-0.0002679478988593354,-1.3248490373323932e-05,1.0803255550837285e-05,0.0
-0.0007189888798598583,0.00016572516985175736,-4.6891810158624525e-06,-0.00025468094000234313,-1.1590291104019224e-05,9.451105233652433e-06,0.0
-0.0006883068912416105,-0.0002566806714908258,-4.31146130467102e-06,-0.00024184122664626896,-9.984738111370428e-06,8.141884424999292e-06,0.0
-0.000656259319613483,0.0004371878641455111,-3.916930179248338e-06,-0.0002284300479060914,-8.307697568307319e-06,6.774370312424955e-06,0.0
-4.260990925335549e-05,0.000341513006701023,-3.5301177701434744e-06,-0.00021528124918491012,-6.663422360450974e-06,5.4335741337036904e-06,0.0
0.0009046606722279206,-0.0003966062339580271,-3.146118873052751e-06,-0.00020222808933751573,-5.030244149658359e-06,4.101826812002978e-06,0.0
0.0008678008447698684,0.000329853913289232,-2.7577949276582103e-06,-0.0001890279094145814,-3.3805601746077843e-06,2.7566201463078986e-06,0.0
0.0008308811940702935,0.00031628019977591895,-2.3688407352230176e-06,-0.000175806305692185,-1.7272739589423796e-06,1.408476094931809e-06,0.0
-7.398197370416325e-05,8.344610258069577e-05,-1.979239663956279e-06,-0.00016256271281082503,-7.113988553853948e-08,5.800980652691036e-08,0.0
0.00018084047534468458,-0.0006783006294075772,-1.6036627144358152e-06,-0.00014979583771240737,0.0,0.0,0.0
0.00017330588731489906,-0.0006498120455262821,-1.2135617111017482e-06,-0.00013653525078956128,0.0,0.0,0.0
0.00016581777617119948,0.0002636636421431473,-8.258670344072196e-07,-0.0001233564614096481,0.0,0.0,0.0
6.0891848573665617e-05,-0.00019553702544811263,-4.375113907759246e-07,-0.00011015520397801703,0.0,0.0,0.0
0.00015460045059053444,0.0002731771286357893,-4.922286131257246e-08,-9.695622793825669e-05,0.0,0.0,0.0
-0.0005090173710927885,0.00026206458354978565,0.0,-8.380142975507135e-05,0.0,0.0,0.0
-0.0009297923882048908,0.00011987494467853162,0.0,-7.04834289120272e-05,0.0,0.0,0.0
-0.001117874912385593,-0.00016050257209506495,0.0,-5.764225227253755e-05,0.0,0.0,0.0
0.00015209738009925127,0.00017628167773253394,0.0,-4.418343700589356e-05,0.0,0.0,0.0
0.00014586118566095466,0.00016906948546203555,0.0,-3.1071419908750255e-05,0.0,0.0,0.0
0.00013974045896465834,0.0001619908322536345,0.0,-1.8202181484122123e-05,0.0,0.0,0.0
