0.005089280964113952,0.0011738553968821254,0.004814421060000001,0.04324888878776551,-0.08649777757553102,0.00032651362352851204,-0.6448864086871968,0.03058340118142204,1.3060993100194562
0.005089280964113952,0.0011738553968821254,0.004814421060000001,0.04324888878776551,-0.08649777757553102,0.00032651362352851204,-0.6448864086871968,0.03058340118142204,1.3060993100194562
0.0053672993475860345,0.00034752297934010295,0.00481701364,0.021583845505278434,-0.08633538202111374,0.00018108624303381866,-0.6283657164634544,0.11507494141142227,1.2892268089874352
0.0053672993475860345,0.00034752297934010295,0.00481701364,0.021583845505278434,-0.08633538202111374,0.00018108624303381866,-0.6283657164634544,0.11507494141142227,1.2892268089874352
0.005568090402315871,-0.0005019776368245931,0.004813124770000001,0.0433378172773908,-0.0866756345547816,-0.0018203197624560503,-0.43389356800110973,0.16180489941572224,1.159870967741932
0.005568090402315871,-0.0005019776368245931,0.004813124770000001,0.0433378172773908,-0.0866756345547816,-0.0018203197624560503,-0.43389356800110973,0.16180489941572224,1.159870967741932
0.006317195491115649,-0.0012510827256243706,0.0047988655800000005,0.08639928318066023,-0.06479946238549518,-0.0009089768164547834,0.024909656041119384,0.21183899586477198,0.7802396945214337
0.006317195491115649,-0.0012510827256243706,0.0047988655800000005,0.08639928318066023,-0.06479946238549518,-0.0009089768164547834,0.024909656041119384,0.21183899586477198,0.7802396945214337
0.006788282196443344,-0.0018302876911912088,0.0047846063900000005,0.02163430956012084,-0.04326861912024168,-0.0012106971035020344,0.27130398006379786,0.2821699427601343,0.5833938491478337
0.006788282196443344,-0.0018302876911912088,0.0047846063900000005,0.02163430956012084,-0.04326861912024168,-0.0012106971035020344,0.27130398006379786,0.2821699427601343,0.5833938491478337
0.007274814367519488,-0.0022318698006508833,0.00478201381,0.06479577326153356,-0.021598591087177856,-0.001194763572205064,0.2731920591750819,0.3562770478780669,0.4315413398596448
0.007274814367519488,-0.0022318698006508833,0.00478201381,0.06479577326153356,-0.021598591087177856,-0.001194763572205064,0.2731920591750819,0.3562770478780669,0.4315413398596448
0.007954414860451245,-0.0024326608553807204,0.004779421230000001,0.06466691803061574,-0.010753490014679236,-0.00021233144081892144,0.3354986698474833,0.44454474633063523,0.3809238367635687
0.007954414860451245,-0.0024326608553807204,0.004779421230000001,0.06466691803061574,-0.010753490014679236,-0.00021233144081892144,0.3354986698474833,0.44454474633063523,0.3809238367635687
0.008332828771288246,-0.0024172153896322717,0.004780717520000001,0.021673860400267312,0.00720855901587108,0.00010325202496991486,0.4553916934140727,0.5318684052275604,0.3893600872795792
0.008332828771288246,-0.0024172153896322717,0.004780717520000001,0.021673860400267312,0.00720855901587108,0.00010325202496991486,0.4553916934140727,0.5318684052275604,0.3893600872795792
0.008703519949251023,-0.0023245425951415773,0.00478201381,0.04317997410041874,0.010791308807779015,0.00019010571444350537,0.4775766229716715,0.6182480245688446,0.3528030017102048
0.008703519949251023,-0.0023245425951415773,0.00478201381,0.04317997410041874,0.010791308807779015,0.00019010571444350537,0.4775766229716715,0.6182480245688446,0.3528030017102048
0.00921322031894984,-0.001922960485681903,0.004780717520000001,0.043347720800534624,0.043347720800534624,-9.51019138021467e-05,0.5243065809759715,0.669698180351358,0.36967550274222577
0.00921322031894984,-0.001922960485681903,0.004780717520000001,0.043347720800534624,0.043347720800534624,-9.51019138021467e-05,0.5243065809759715,0.669698180351358,0.36967550274222577
0.009560743298289943,-0.001197023595504799,0.004779421230000001,0.021556864165366164,0.08622745666146465,-0.00012491760383931828,0.5790608752032346,0.7225643954673349,0.3668634192368933
0.009560743298289943,-0.001197023595504799,0.004779421230000001,0.021556864165366164,0.08622745666146465,-0.00012491760383931828,0.5790608752032346,0.7225643954673349,0.3668634192368933
0.010217175592599026,-4.633639724534706e-05,0.004779421230000001,0.08637961121272292,0.12956941681908438,-0.0001236189489869708,0.5861411718705525,0.7829829270284522,0.37248758624755823
0.010217175592599026,-4.633639724534706e-05,0.004779421230000001,0.08637961121272292,0.12956941681908438,-0.0001236189489869708,0.5861411718705525,0.7829829270284522,0.37248758624755823
0.011174794469002866,0.001320587321492391,0.004780717520000001,0.12926039265631312,0.1508037914323653,0.0001120645707748549,0.6290949716522843,0.8353771223666064,0.36405133573154774
0.011174794469002866,0.001320587321492391,0.004780717520000001,0.12926039265631312,0.1508037914323653,0.0001120645707748549,0.6290949716522843,0.8353771223666064,0.36405133573154774
0.012618945516482849,0.0031431522798093755,0.0047833101,0.15094951214255403,0.19407794418328378,0.0005136101052174723,0.6489198023207743,0.8882433374825833,0.36967550274222577
0.012618945516482849,0.0031431522798093755,0.0047833101,0.15094951214255403,0.19407794418328378,0.0005136101052174723,0.6489198023207743,0.8882433374825833,0.36967550274222577
0.014433787741925608,0.0050970036969881765,0.0047833101,0.19390159986464373,0.2154462220718264,-0.00020115474261082902,0.6824332065460816,0.9345012757090628,0.3893600872795792
0.014433787741925608,0.0050970036969881765,0.0047833101,0.19390159986464373,0.2154462220718264,-0.00020115474261082902,0.6824332065460816,0.9345012757090628,0.3893600872795792
0.01665021207682804,0.007506496353746224,0.0047846063900000005,0.23668170241090458,0.25819822081189586,0.00017971625850831218,0.7301072041060247,0.9618784228226954,0.37811175325823626
0.01665021207682804,0.007506496353746224,0.0047846063900000005,0.23668170241090458,0.25819822081189586,0.00017971625850831218,0.7301072041060247,0.9618784228226954,0.37811175325823626
0.0189361410075985,0.010186284661102128,0.0047833101,0.2378688883327103,0.2811177771204758,-0.00016330317949672643,0.7598444501087619,1.0029441434931412,0.3893600872795792
0.0189361410075985,0.010186284661102128,0.0047833101,0.2378688883327103,0.2811177771204758,-0.00016330317949672643,0.7598444501087619,1.0029441434931412,0.3893600872795792
0.021361079130104994,0.01313636861905589,0.0047846063900000005,0.2363332074362368,0.30078771855521047,0.00011270187243489458,0.7872215972223924,1.0284332114954875,0.3921721707849248
0.021361079130104994,0.01313636861905589,0.0047846063900000005,0.2363332074362368,0.30078771855521047,0.00011270187243489458,0.7872215972223924,1.0284332114954875,0.3921721707849248
0.023909580978599083,0.01634902549473329,0.004785902680000001,0.25964132709908455,0.34618843613211275,0.00017914881464025983,0.7971340125566395,1.046841982830514,0.38654800377424675
0.023909580978599083,0.01634902549473329,0.004785902680000001,0.25964132709908455,0.34618843613211275,0.00017914881464025983,0.7971340125566395,1.046841982830514,0.38654800377424675
0.026635705683200332,0.019878314418253887,0.004787198970000001,0.2802392341497601,0.3664666908112248,7.691143944398723e-05,0.8094065267799911,1.0742191299441466,0.4174809223329563
0.026635705683200332,0.019878314418253887,0.004787198970000001,0.2802392341497601,0.3664666908112248,7.691143944398723e-05,0.8094065267799911,1.0742191299441466,0.4174809223329563
0.02966301696989634,0.023863244581353735,0.004787198970000001,0.3032434789750446,0.3898844729679145,-0.00036222552775175856,0.8207350014476997,1.0803553870558213,0.3837359202689143
0.02966301696989634,0.023863244581353735,0.004787198970000001,0.3032434789750446,0.3898844729679145,-0.00036222552775175856,0.8207350014476997,1.0803553870558213,0.3837359202689143
0.02966301696989634,0.023863244581353735,0.004787198970000001,0.3032434789750446,0.3898844729679145,-0.00036222552775175856,0.8207350014476997,1.0803553870558213,0.3837359202689143
0.02966301696989634,0.023863244581353735,0.004787198970000001,0.3032434789750446,0.3898844729679145,-0.00036222552775175856,0.8207350014476997,1.0803553870558213,0.3837359202689143
0.02966301696989634,0.023863244581353735,0.004787198970000001,0.3032434789750446,0.3898844729679145,-0.00036222552775175856,0.8207350014476997,1.0803553870558213,0.3837359202689143
0.02966301696989634,0.023863244581353735,0.004787198970000001,0.3032434789750446,0.3898844729679145,-0.00036222552775175856,0.8207350014476997,1.0803553870558213,0.3837359202689143
0.02966301696989634,0.023863244581353735,0.004787198970000001,0.3032434789750446,0.3898844729679145,-0.00036222552775175856,0.8207350014476997,1.0803553870558213,0.3837359202689143
0.02966301696989634,0.023863244581353735,0.004787198970000001,0.3032434789750446,0.3898844729679145,-0.00036222552775175856,0.8207350014476997,1.0803553870558213,0.3837359202689143
0.02966301696989634,0.023863244581353735,0.004787198970000001,0.3032434789750446,0.3898844729679145,-0.00036222552775175856,0.8207350014476997,1.0803553870558213,0.3837359202689143
0.02966301696989634,0.023863244581353735,0.004787198970000001,0.3032434789750446,0.3898844729679145,-0.00036222552775175856,0.8207350014476997,1.0803553870558213,0.3837359202689143
0.02966301696989634,0.023863244581353735,0.004787198970000001,0.3032434789750446,0.3898844729679145,-0.00036222552775175856,0.8207350014476997,1.0803553870558213,0.3837359202689143
0.02966301696989634,0.023863244581353735,0.004787198970000001,0.3032434789750446,0.3898844729679145,-0.00036222552775175856,0.8207350014476997,1.0803553870558213,0.3837359202689143
0.02966301696989634,0.023863244581353735,0.004787198970000001,0.3032434789750446,0.3898844729679145,-0.00036222552775175856,0.8207350014476997,1.0803553870558213,0.3837359202689143
0.02966301696989634,0.023863244581353735,0.004787198970000001,0.3032434789750446,0.3898844729679145,-0.00036222552775175856,0.8207350014476997,1.0803553870558213,0.3837359202689143
0.02966301696989634,0.023863244581353735,0.004787198970000001,0.3032434789750446,0.3898844729679145,-0.00036222552775175856,0.8207350014476997,1.0803553870558213,0.3837359202689143
0.02966301696989634,0.023863244581353735,0.004787198970000001,0.3032434789750446,0.3898844729679145,-0.00036222552775175856,0.8207350014476997,1.0803553870558213,0.3837359202689143
0.02966301696989634,0.023863244581353735,0.004787198970000001,0.3032434789750446,0.3898844729679145,-0.00036222552775175856,0.8207350014476997,1.0803553870558213,0.3837359202689143
0.02966301696989634,0.023863244581353735,0.004787198970000001,0.3032434789750446,0.3898844729679145,-0.00036222552775175856,0.8207350014476997,1.0803553870558213,0.3837359202689143
0.02966301696989634,0.023863244581353735,0.004787198970000001,0.3032434789750446,0.3898844729679145,-0.00036222552775175856,0.8207350014476997,1.0803553870558213,0.3837359202689143
0.02966301696989634,0.023863244581353735,0.004787198970000001,0.3032434789750446,0.3898844729679145,-0.00036222552775175856,0.8207350014476997,1.0803553870558213,0.3837359202689143
0.02966301696989634,0.023863244581353735,0.004787198970000001,0.3032434789750446,0.3898844729679145,-0.00036222552775175856,0.8207350014476997,1.0803553870558213,0.3837359202689143
0.02966301696989634,0.023863244581353735,0.004787198970000001,0.3032434789750446,0.3898844729679145,-0.00036222552775175856,0.8207350014476997,1.0803553870558213,0.3837359202689143
0.02966301696989634,0.023863244581353735,0.004787198970000001,0.3032434789750446,0.3898844729679145,-0.00036222552775175856,0.8207350014476997,1.0803553870558213,0.3837359202689143
0.02966301696989634,0.023863244581353735,0.004787198970000001,0.3032434789750446,0.3898844729679145,-0.00036222552775175856,0.8207350014476997,1.0803553870558213,0.3837359202689143
0.02966301696989634,0.023863244581353735,0.004787198970000001,0.3032434789750446,0.3898844729679145,-0.00036222552775175856,0.8207350014476997,1.0803553870558213,0.3837359202689143
0.02966301696989634,0.023863244581353735,0.004787198970000001,0.3032434789750446,0.3898844729679145,-0.00036222552775175856,0.8207350014476997,1.0803553870558213,0.3837359202689143
0.02966301696989634,0.023863244581353735,0.004787198970000001,0.3032434789750446,0.3898844729679145,-0.00036222552775175856,0.8207350014476997,1.0803553870558213,0.3837359202689143
0.02966301696989634,0.023863244581353735,0.004787198970000001,0.3032434789750446,0.3898844729679145,-0.00036222552775175856,0.8207350014476997,1.0803553870558213,0.3837359202689143
0.02966301696989634,0.023863244581353735,0.004787198970000001,0.3032434789750446,0.3898844729679145,-0.00036222552775175856,0.8207350014476997,1.0803553870558213,0.3837359202689143
0.02966301696989634,0.023863244581353735,0.004787198970000001,0.3032434789750446,0.3898844729679145,-0.00036222552775175856,0.8207350014476997,1.0803553870558213,0.3837359202689143
0.02966301696989634,0.023863244581353735,0.004787198970000001,0.3032434789750446,0.3898844729679145,-0.00036222552775175856,0.8207350014476997,1.0803553870558213,0.3837359202689143
0.02966301696989634,0.023863244581353735,0.004787198970000001,0.3032434789750446,0.3898844729679145,-0.00036222552775175856,0.8207350014476997,1.0803553870558213,0.3837359202689143
0.03289884204419641,0.028157084059422563,0.00478849526,0.4748446011161256,0.6043476741477962,5.4645074138907784e-05,0.8240391398924495,1.0916838617235298,0.4399775903756553
0.1190999863862904,0.13629078976431414,0.004814421060000001,0.7832570446789037,0.9790713058486297,0.00020198240897368255,0.8273432783371971,1.1011242572799544,0.3893600872795792
0.12698489665087362,0.1461681651104473,0.00481701364,0.8016580434330282,0.9966559458897106,0.00033029309304246377,0.8405598321161919,1.0916838617235298,0.3921721707849248
0.12698489665087362,0.1461681651104473,0.00481701364,0.8016580434330282,0.9966559458897106,0.00033029309304246377,0.8405598321161919,1.0916838617235298,0.3921721707849248
0.13481574778533725,0.15630039064142986,0.004820902510000001,0.7788351441643502,0.9951782397655586,0.0002789860781315716,0.7452118369963036,0.9755669963795107,0.4399775903756553
0.13481574778533725,0.15630039064142986,0.004820902510000001,0.7788351441643502,0.9951782397655586,0.0002789860781315716,0.7452118369963036,0.9755669963795107,0.4399775903756553
0.1427083807827947,0.1663940025080413,0.004822198800000001,0.7990568873747552,1.0366143403780608,0.0004005400073571153,0.597469646538261,0.8193284499206845,0.4624742584183412
0.1427083807827947,0.1663940025080413,0.004822198800000001,0.7990568873747552,1.0366143403780608,0.0004005400073571153,0.597469646538261,0.8193284499206845,0.4624742584183412
0.15115705054719633,0.17731394679219475,0.004822198800000001,0.8149469526827927,1.0722986219510429,0.0003963560576959855,0.5129781063082629,0.6951872483537044,0.4624742584183412
0.15115705054719633,0.17731394679219475,0.004822198800000001,0.8149469526827927,1.0722986219510429,0.0003963560576959855,0.5129781063082629,0.6951872483537044,0.4624742584183412
0.15941265198974233,0.18797904089149878,0.00482349509,0.8217288869675448,1.0812222196941377,5.242772104290884e-05,0.48843307786155965,0.6772504967964963,0.49059509347171826
0.15941265198974233,0.18797904089149878,0.00482349509,0.8217288869675448,1.0812222196941377,5.242772104290884e-05,0.48843307786155965,0.6772504967964963,0.49059509347171826
0.15941265198974233,0.18797904089149878,0.00482349509,0.8217288869675448,1.0812222196941377,5.242772104290884e-05,0.48843307786155965,0.6772504967964963,0.49059509347171826
0.15941265198974233,0.18797904089149878,0.00482349509,0.8217288869675448,1.0812222196941377,5.242772104290884e-05,0.48843307786155965,0.6772504967964963,0.49059509347171826
0.15941265198974233,0.18797904089149878,0.00482349509,0.8217288869675448,1.0812222196941377,5.242772104290884e-05,0.48843307786155965,0.6772504967964963,0.49059509347171826
0.15941265198974233,0.18797904089149878,0.00482349509,0.8217288869675448,1.0812222196941377,5.242772104290884e-05,0.48843307786155965,0.6772504967964963,0.49059509347171826
0.15941265198974233,0.18797904089149878,0.00482349509,0.8217288869675448,1.0812222196941377,5.242772104290884e-05,0.48843307786155965,0.6772504967964963,0.49059509347171826
0.15941265198974233,0.18797904089149878,0.00482349509,0.8217288869675448,1.0812222196941377,5.242772104290884e-05,0.48843307786155965,0.6772504967964963,0.49059509347171826
0.15941265198974233,0.18797904089149878,0.00482349509,0.8217288869675448,1.0812222196941377,5.242772104290884e-05,0.48843307786155965,0.6772504967964963,0.49059509347171826
0.15941265198974233,0.18797904089149878,0.00482349509,0.8217288869675448,1.0812222196941377,5.242772104290884e-05,0.48843307786155965,0.6772504967964963,0.49059509347171826
0.15941265198974233,0.18797904089149878,0.00482349509,0.8217288869675448,1.0812222196941377,5.242772104290884e-05,0.48843307786155965,0.6772504967964963,0.49059509347171826
0.15941265198974233,0.18797904089149878,0.00482349509,0.8217288869675448,1.0812222196941377,5.242772104290884e-05,0.48843307786155965,0.6772504967964963,0.49059509347171826
0.15941265198974233,0.18797904089149878,0.00482349509,0.8217288869675448,1.0812222196941377,5.242772104290884e-05,0.48843307786155965,0.6772504967964963,0.49059509347171826
0.15941265198974233,0.18797904089149878,0.00482349509,0.8217288869675448,1.0812222196941377,5.242772104290884e-05,0.48843307786155965,0.6772504967964963,0.49059509347171826
0.15941265198974233,0.18797904089149878,0.00482349509,0.8217288869675448,1.0812222196941377,5.242772104290884e-05,0.48843307786155965,0.6772504967964963,0.49059509347171826
0.15941265198974233,0.18797904089149878,0.00482349509,0.8217288869675448,1.0812222196941377,5.242772104290884e-05,0.48843307786155965,0.6772504967964963,0.49059509347171826
0.15941265198974233,0.18797904089149878,0.00482349509,0.8217288869675448,1.0812222196941377,5.242772104290884e-05,0.48843307786155965,0.6772504967964963,0.49059509347171826
0.15941265198974233,0.18797904089149878,0.00482349509,0.8217288869675448,1.0812222196941377,5.242772104290884e-05,0.48843307786155965,0.6772504967964963,0.49059509347171826
0.15941265198974233,0.18797904089149878,0.00482349509,0.8217288869675448,1.0812222196941377,5.242772104290884e-05,0.48843307786155965,0.6772504967964963,0.49059509347171826
0.15941265198974233,0.18797904089149878,0.00482349509,0.8217288869675448,1.0812222196941377,5.242772104290884e-05,0.48843307786155965,0.6772504967964963,0.49059509347171826
0.15941265198974233,0.18797904089149878,0.00482349509,0.8217288869675448,1.0812222196941377,5.242772104290884e-05,0.48843307786155965,0.6772504967964963,0.49059509347171826
0.15941265198974233,0.18797904089149878,0.00482349509,0.8217288869675448,1.0812222196941377,5.242772104290884e-05,0.48843307786155965,0.6772504967964963,0.49059509347171826
0.15941265198974233,0.18797904089149878,0.00482349509,0.8217288869675448,1.0812222196941377,5.242772104290884e-05,0.48843307786155965,0.6772504967964963,0.49059509347171826
0.15941265198974233,0.18797904089149878,0.00482349509,0.8217288869675448,1.0812222196941377,5.242772104290884e-05,0.48843307786155965,0.6772504967964963,0.49059509347171826
0.15941265198974233,0.18797904089149878,0.00482349509,0.8217288869675448,1.0812222196941377,5.242772104290884e-05,0.48843307786155965,0.6772504967964963,0.49059509347171826
0.15941265198974233,0.18797904089149878,0.00482349509,0.8217288869675448,1.0812222196941377,5.242772104290884e-05,0.48843307786155965,0.6772504967964963,0.49059509347171826
0.15941265198974233,0.18797904089149878,0.00482349509,0.8217288869675448,1.0812222196941377,5.242772104290884e-05,0.48843307786155965,0.6772504967964963,0.49059509347171826
0.15941265198974233,0.18797904089149878,0.00482349509,0.8217288869675448,1.0812222196941377,5.242772104290884e-05,0.48843307786155965,0.6772504967964963,0.49059509347171826
0.15941265198974233,0.18797904089149878,0.00482349509,0.8217288869675448,1.0812222196941377,5.242772104290884e-05,0.48843307786155965,0.6772504967964963,0.49059509347171826
0.15941265198974233,0.18797904089149878,0.00482349509,0.8217288869675448,1.0812222196941377,5.242772104290884e-05,0.48843307786155965,0.6772504967964963,0.49059509347171826
0.15941265198974233,0.18797904089149878,0.00482349509,0.8217288869675448,1.0812222196941377,5.242772104290884e-05,0.48843307786155965,0.6772504967964963,0.49059509347171826
0.15941265198974233,0.18797904089149878,0.00482349509,0.8217288869675448,1.0812222196941377,5.242772104290884e-05,0.48843307786155965,0.6772504967964963,0.49059509347171826
0.3185472855960126,0.37904717493268736,0.00489738362,1.1458996056108046,1.275624089264858,0.000604293636435325,0.4119658738545204,0.6234402421248785,0.48497092646104023
0.3185472855960126,0.37904717493268736,0.00489738362,1.1458996056108046,1.275624089264858,0.000604293636435325,0.4119658738545204,0.6234402421248785,0.48497092646104023
0.32960623907190206,0.39145760666156615,0.004902568780000001,1.0577889706309136,1.2089016807210438,0.0005155104702954658,0.277912256953293,0.38412621476951786,0.5018434274930612
0.32960623907190206,0.39145760666156615,0.004902568780000001,1.0577889706309136,1.2089016807210438,0.0005155104702954658,0.277912256953293,0.38412621476951786,0.5018434274930612
0.33998559205485984,0.4030648741715256,0.00490516136,1.040523633930712,1.1489115124651612,0.00036136958461443667,-0.018044143740612518,0.024919163847567767,0.48215884295570777
0.33998559205485984,0.4030648741715256,0.00490516136,1.040523633930712,1.1489115124651612,0.00036136958461443667,-0.018044143740612518,0.024919163847567767,0.48215884295570777
0.3505116769624278,0.4147802599417242,0.00490645765,1.0343768314354667,1.1852234526864724,0.0002248581404368832,-0.22195668775938174,-0.23374767439846236,0.4962192604823963
0.3505116769624278,0.4147802599417242,0.00490645765,1.0343768314354667,1.1852234526864724,0.0002248581404368832,-0.22195668775938174,-0.23374767439846236,0.4962192604823963
0.3610145936713732,0.42687405962275976,0.004910346520000001,0.990209124632821,1.1408931218595546,0.0007245845443479305,-0.22950900420452003,-0.28850196862572325,0.49903134398772875
0.3610145936713732,0.42687405962275976,0.004910346520000001,0.990209124632821,1.1408931218595546,0.0007245845443479305,-0.22950900420452003,-0.28850196862572325,0.49903134398772875
0.3610145936713732,0.42687405962275976,0.004910346520000001,0.990209124632821,1.1408931218595546,0.0007245845443479305,-0.22950900420452003,-0.28850196862572325,0.49903134398772875
0.3610145936713732,0.42687405962275976,0.004910346520000001,0.990209124632821,1.1408931218595546,0.0007245845443479305,-0.22950900420452003,-0.28850196862572325,0.49903134398772875
0.3610145936713732,0.42687405962275976,0.004910346520000001,0.990209124632821,1.1408931218595546,0.0007245845443479305,-0.22950900420452003,-0.28850196862572325,0.49903134398772875
0.3610145936713732,0.42687405962275976,0.004910346520000001,0.990209124632821,1.1408931218595546,0.0007245845443479305,-0.22950900420452003,-0.28850196862572325,0.49903134398772875
0.3610145936713732,0.42687405962275976,0.004910346520000001,0.990209124632821,1.1408931218595546,0.0007245845443479305,-0.22950900420452003,-0.28850196862572325,0.49903134398772875
0.3610145936713732,0.42687405962275976,0.004910346520000001,0.990209124632821,1.1408931218595546,0.0007245845443479305,-0.22950900420452003,-0.28850196862572325,0.49903134398772875
0.3610145936713732,0.42687405962275976,0.004910346520000001,0.990209124632821,1.1408931218595546,0.0007245845443479305,-0.22950900420452003,-0.28850196862572325,0.49903134398772875
0.3610145936713732,0.42687405962275976,0.004910346520000001,0.990209124632821,1.1408931218595546,0.0007245845443479305,-0.22950900420452003,-0.28850196862572325,0.49903134398772875
0.3610145936713732,0.42687405962275976,0.004910346520000001,0.990209124632821,1.1408931218595546,0.0007245845443479305,-0.22950900420452003,-0.28850196862572325,0.49903134398772875
0.3610145936713732,0.42687405962275976,0.004910346520000001,0.990209124632821,1.1408931218595546,0.0007245845443479305,-0.22950900420452003,-0.28850196862572325,0.49903134398772875
0.3610145936713732,0.42687405962275976,0.004910346520000001,0.990209124632821,1.1408931218595546,0.0007245845443479305,-0.22950900420452003,-0.28850196862572325,0.49903134398772875
0.3610145936713732,0.42687405962275976,0.004910346520000001,0.990209124632821,1.1408931218595546,0.0007245845443479305,-0.22950900420452003,-0.28850196862572325,0.49903134398772875
0.3610145936713732,0.42687405962275976,0.004910346520000001,0.990209124632821,1.1408931218595546,0.0007245845443479305,-0.22950900420452003,-0.28850196862572325,0.49903134398772875
0.3610145936713732,0.42687405962275976,0.004910346520000001,0.990209124632821,1.1408931218595546,0.0007245845443479305,-0.22950900420452003,-0.28850196862572325,0.49903134398772875
0.3610145936713732,0.42687405962275976,0.004910346520000001,0.990209124632821,1.1408931218595546,0.0007245845443479305,-0.22950900420452003,-0.28850196862572325,0.49903134398772875
0.3610145936713732,0.42687405962275976,0.004910346520000001,0.990209124632821,1.1408931218595546,0.0007245845443479305,-0.22950900420452003,-0.28850196862572325,0.49903134398772875
0.3610145936713732,0.42687405962275976,0.004910346520000001,0.990209124632821,1.1408931218595546,0.0007245845443479305,-0.22950900420452003,-0.28850196862572325,0.49903134398772875
0.3610145936713732,0.42687405962275976,0.004910346520000001,0.990209124632821,1.1408931218595546,0.0007245845443479305,-0.22950900420452003,-0.28850196862572325,0.49903134398772875
0.3610145936713732,0.42687405962275976,0.004910346520000001,0.990209124632821,1.1408931218595546,0.0007245845443479305,-0.22950900420452003,-0.28850196862572325,0.49903134398772875
0.3610145936713732,0.42687405962275976,0.004910346520000001,0.990209124632821,1.1408931218595546,0.0007245845443479305,-0.22950900420452003,-0.28850196862572325,0.49903134398772875
0.3610145936713732,0.42687405962275976,0.004910346520000001,0.990209124632821,1.1408931218595546,0.0007245845443479305,-0.22950900420452003,-0.28850196862572325,0.49903134398772875
0.3610145936713732,0.42687405962275976,0.004910346520000001,0.990209124632821,1.1408931218595546,0.0007245845443479305,-0.22950900420452003,-0.28850196862572325,0.49903134398772875
0.3610145936713732,0.42687405962275976,0.004910346520000001,0.990209124632821,1.1408931218595546,0.0007245845443479305,-0.22950900420452003,-0.28850196862572325,0.49903134398772875
0.3610145936713732,0.42687405962275976,0.004910346520000001,0.990209124632821,1.1408931218595546,0.0007245845443479305,-0.22950900420452003,-0.28850196862572325,0.49903134398772875
0.3610145936713732,0.42687405962275976,0.004910346520000001,0.990209124632821,1.1408931218595546,0.0007245845443479305,-0.22950900420452003,-0.28850196862572325,0.49903134398772875
0.3610145936713732,0.42687405962275976,0.004910346520000001,0.990209124632821,1.1408931218595546,0.0007245845443479305,-0.22950900420452003,-0.28850196862572325,0.49903134398772875
0.3610145936713732,0.42687405962275976,0.004910346520000001,0.990209124632821,1.1408931218595546,0.0007245845443479305,-0.22950900420452003,-0.28850196862572325,0.49903134398772875
0.3610145936713732,0.42687405962275976,0.004910346520000001,0.990209124632821,1.1408931218595546,0.0007245845443479305,-0.22950900420452003,-0.28850196862572325,0.49903134398772875
0.3610145936713732,0.42687405962275976,0.004910346520000001,0.990209124632821,1.1408931218595546,0.0007245845443479305,-0.22950900420452003,-0.28850196862572325,0.49903134398772875
0.3610145936713732,0.42687405962275976,0.004910346520000001,0.990209124632821,1.1408931218595546,0.0007245845443479305,-0.22950900420452003,-0.28850196862572325,0.49903134398772875
0.3610145936713732,0.42687405962275976,0.004910346520000001,0.990209124632821,1.1408931218595546,0.0007245845443479305,-0.29606379287731216,-0.32579153107360087,0.4877830099663858
0.513739358992037,0.5748879578901467,0.005003679400000001,0.8452322676609473,0.6285060451837813,0.00019003868114160735,-0.3040881291002731,-0.3451443419642704,0.4709105089343648
0.513739358992037,0.5748879578901467,0.005003679400000001,0.8452322676609473,0.6285060451837813,0.00019003868114160735,-0.3040881291002731,-0.3451443419642704,0.4709105089343648
0.5222575333523067,0.5812128761141366,0.005006271980000001,0.7991933694211071,0.5615953406742914,0.00030205235519570225,-0.35601030466060685,-0.42821982286080706,0.49059509347171826
0.529424229459587,0.586387107139867,0.0050101608500000006,0.7137694031201374,0.5191050204510089,0.00032986971403852947,-0.5264094444540687,-0.67697424577259,0.45122592439699827
0.529424229459587,0.586387107139867,0.0050101608500000006,0.7137694031201374,0.5191050204510089,0.00032986971403852947,-0.5264094444540687,-0.67697424577259,0.45122592439699827
0.529424229459587,0.586387107139867,0.0050101608500000006,0.7137694031201374,0.5191050204510089,0.00032986971403852947,-0.5264094444540687,-0.67697424577259,0.45122592439699827
0.536683598361358,0.5918007428846984,0.00501404972,0.6707783508717646,0.5193122716426566,0.0007253782967032329,-0.6274216769078113,-0.8185801791189579,0.4568500914076763
0.5430394075168449,0.5966197281982145,0.005017938590000001,0.6252556445181912,0.4743318682551795,0.00036052645883902424,-0.614677142906637,-0.7992273682282861,0.42872925635429926
0.5430394075168449,0.5966197281982145,0.005017938590000001,0.6252556445181912,0.4743318682551795,0.00036052645883902424,-0.614677142906637,-0.7992273682282861,0.42872925635429926
0.5430394075168449,0.5966197281982145,0.005017938590000001,0.6252556445181912,0.4743318682551795,0.00036052645883902424,-0.614677142906637,-0.7992273682282861,0.42872925635429926
0.5430394075168449,0.5966197281982145,0.005017938590000001,0.6252556445181912,0.4743318682551795,0.00036052645883902424,-0.614677142906637,-0.7992273682282861,0.42872925635429926
0.5430394075168449,0.5966197281982145,0.005017938590000001,0.6252556445181912,0.4743318682551795,0.00036052645883902424,-0.614677142906637,-0.7992273682282861,0.42872925635429926
0.5430394075168449,0.5966197281982145,0.005017938590000001,0.6252556445181912,0.4743318682551795,0.00036052645883902424,-0.614677142906637,-0.7992273682282861,0.42872925635429926
0.5430394075168449,0.5966197281982145,0.005017938590000001,0.6252556445181912,0.4743318682551795,0.00036052645883902424,-0.614677142906637,-0.7992273682282861,0.42872925635429926
0.5430394075168449,0.5966197281982145,0.005017938590000001,0.6252556445181912,0.4743318682551795,0.00036052645883902424,-0.614677142906637,-0.7992273682282861,0.42872925635429926
0.5430394075168449,0.5966197281982145,0.005017938590000001,0.6252556445181912,0.4743318682551795,0.00036052645883902424,-0.614677142906637,-0.7992273682282861,0.42872925635429926
0.5430394075168449,0.5966197281982145,0.005017938590000001,0.6252556445181912,0.4743318682551795,0.00036052645883902424,-0.614677142906637,-0.7992273682282861,0.42872925635429926
0.5430394075168449,0.5966197281982145,0.005017938590000001,0.6252556445181912,0.4743318682551795,0.00036052645883902424,-0.614677142906637,-0.7992273682282861,0.42872925635429926
0.5430394075168449,0.5966197281982145,0.005017938590000001,0.6252556445181912,0.4743318682551795,0.00036052645883902424,-0.614677142906637,-0.7992273682282861,0.42872925635429926
0.5430394075168449,0.5966197281982145,0.005017938590000001,0.6252556445181912,0.4743318682551795,0.00036052645883902424,-0.614677142906637,-0.7992273682282861,0.42872925635429926
0.5430394075168449,0.5966197281982145,0.005017938590000001,0.6252556445181912,0.4743318682551795,0.00036052645883902424,-0.614677142906637,-0.7992273682282861,0.42872925635429926
0.5430394075168449,0.5966197281982145,0.005017938590000001,0.6252556445181912,0.4743318682551795,0.00036052645883902424,-0.614677142906637,-0.7992273682282861,0.42872925635429926
0.5430394075168449,0.5966197281982145,0.005017938590000001,0.6252556445181912,0.4743318682551795,0.00036052645883902424,-0.614677142906637,-0.7992273682282861,0.42872925635429926
0.5430394075168449,0.5966197281982145,0.005017938590000001,0.6252556445181912,0.4743318682551795,0.00036052645883902424,-0.614677142906637,-0.7992273682282861,0.42872925635429926
0.5430394075168449,0.5966197281982145,0.005017938590000001,0.6252556445181912,0.4743318682551795,0.00036052645883902424,-0.614677142906637,-0.7992273682282861,0.42872925635429926
0.5430394075168449,0.5966197281982145,0.005017938590000001,0.6252556445181912,0.4743318682551795,0.00036052645883902424,-0.614677142906637,-0.7992273682282861,0.42872925635429926
0.5430394075168449,0.5966197281982145,0.005017938590000001,0.6252556445181912,0.4743318682551795,0.00036052645883902424,-0.614677142906637,-0.7992273682282861,0.42872925635429926
0.5430394075168449,0.5966197281982145,0.005017938590000001,0.6252556445181912,0.4743318682551795,0.00036052645883902424,-0.614677142906637,-0.7992273682282861,0.42872925635429926
0.5430394075168449,0.5966197281982145,0.005017938590000001,0.6252556445181912,0.4743318682551795,0.00036052645883902424,-0.614677142906637,-0.7992273682282861,0.42872925635429926
0.5430394075168449,0.5966197281982145,0.005017938590000001,0.6252556445181912,0.4743318682551795,0.00036052645883902424,-0.614677142906637,-0.7992273682282861,0.42872925635429926
0.5430394075168449,0.5966197281982145,0.005017938590000001,0.6252556445181912,0.4743318682551795,0.00036052645883902424,-0.614677142906637,-0.7992273682282861,0.42872925635429926
0.5430394075168449,0.5966197281982145,0.005017938590000001,0.6252556445181912,0.4743318682551795,0.00036052645883902424,-0.614677142906637,-0.7992273682282861,0.42872925635429926
0.5430394075168449,0.5966197281982145,0.005017938590000001,0.6252556445181912,0.4743318682551795,0.00036052645883902424,-0.614677142906637,-0.7992273682282861,0.42872925635429926
0.5430394075168449,0.5966197281982145,0.005017938590000001,0.6252556445181912,0.4743318682551795,0.00036052645883902424,-0.614677142906637,-0.7992273682282861,0.42872925635429926
0.5430394075168449,0.5966197281982145,0.005017938590000001,0.6252556445181912,0.4743318682551795,0.00036052645883902424,-0.614677142906637,-0.7992273682282861,0.42872925635429926
0.5430394075168449,0.5966197281982145,0.005017938590000001,0.6252556445181912,0.4743318682551795,0.00036052645883902424,-0.614677142906637,-0.7992273682282861,0.42872925635429926
0.5430394075168449,0.5966197281982145,0.005017938590000001,0.6252556445181912,0.4743318682551795,0.00036052645883902424,-0.614677142906637,-0.7992273682282861,0.42872925635429926
0.5430394075168449,0.5966197281982145,0.005017938590000001,0.6252556445181912,0.4743318682551795,0.00036052645883902424,-0.614677142906637,-0.7992273682282861,0.42872925635429926
0.5430394075168449,0.5966197281982145,0.005017938590000001,0.6252556445181912,0.4743318682551795,0.00036052645883902424,-0.614677142906637,-0.7992273682282861,0.42872925635429926
0.5430394075168449,0.5966197281982145,0.005017938590000001,0.6252556445181912,0.4743318682551795,0.00036052645883902424,-0.614677142906637,-0.7992273682282861,0.42872925635429926
0.5493874939394574,0.6011915860597554,0.005019234880000001,0.6063830955871569,0.4114742434341422,0.00010347437315898383,-0.6184533011292073,-0.7704341617811921,0.42872925635429926
0.6039022652986082,0.6095089693652952,0.005038679230000001,0.10829505950167818,-0.25990814280402763,-0.00013384761028227551,-0.6127890637953529,-0.7789305177819735,0.36967550274222577
0.6047363204490245,0.6065588854073415,0.0050373829400000006,0.0647515365158353,-0.3021738370738981,-0.0001251783940336234,-0.5750274815696549,-0.7298404608885669,0.4315413398596448
0.6047363204490245,0.6065588854073415,0.0050373829400000006,0.0647515365158353,-0.3021738370738981,-0.0001251783940336234,-0.5750274815696549,-0.7298404608885669,0.4315413398596448
0.6054313664077047,0.6040721654218412,0.00503479036,0.08591015680395812,-0.2147753920098953,-0.0005167531277670149,-0.27576694243099953,-0.3781857264117573,0.36405133573154774
0.6054313664077047,0.6040721654218412,0.00503479036,0.08591015680395812,-0.2147753920098953,-0.0005167531277670149,-0.27576694243099953,-0.3781857264117573,0.36405133573154774
0.6060028486403973,0.6017012864294542,0.0050373829400000006,0.04318980560636146,-0.25913883363816875,0.0004029233927230389,-0.007187688850724428,0.0022622145121484766,0.37811175325823626
0.6060028486403973,0.6017012864294542,0.0050373829400000006,0.04318980560636146,-0.25913883363816875,0.0004029233927230389,-0.007187688850724428,0.0022622145121484766,0.37811175325823626
0.606165026030756,0.5989906071906014,0.005039975520000001,0.007123898261971505,-0.3027939988739471,0.00021309439807942963,0.04567852626525245,0.10044232829896393,0.3218700831514953
0.606165026030756,0.5989906071906014,0.005039975520000001,0.007123898261971505,-0.3027939988739471,0.00021309439807942963,0.04567852626525245,0.10044232829896393,0.3218700831514953
0.605956512243152,0.5955848819930684,0.005039975520000001,-0.0432365664649016,-0.3458925317192128,0.0007266588776273645,-0.11575223774960532,-0.14784007483500075,0.3274942501621733
0.605956512243152,0.5955848819930684,0.005039975520000001,-0.0432365664649016,-0.3458925317192128,0.0007266588776273645,-0.11575223774960532,-0.14784007483500075,0.3274942501621733
0.605956512243152,0.5955848819930684,0.005039975520000001,-0.0432365664649016,-0.3458925317192128,0.0007266588776273645,-0.11575223774960532,-0.14784007483500075,0.3274942501621733
0.605956512243152,0.5955848819930684,0.005039975520000001,-0.0432365664649016,-0.3458925317192128,0.0007266588776273645,-0.11575223774960532,-0.14784007483500075,0.3274942501621733
0.605956512243152,0.5955848819930684,0.005039975520000001,-0.0432365664649016,-0.3458925317192128,0.0007266588776273645,-0.11575223774960532,-0.14784007483500075,0.3274942501621733
0.605956512243152,0.5955848819930684,0.005039975520000001,-0.0432365664649016,-0.3458925317192128,0.0007266588776273645,-0.11575223774960532,-0.14784007483500075,0.3274942501621733
0.605956512243152,0.5955848819930684,0.005039975520000001,-0.0432365664649016,-0.3458925317192128,0.0007266588776273645,-0.11575223774960532,-0.14784007483500075,0.3274942501621733
0.605956512243152,0.5955848819930684,0.005039975520000001,-0.0432365664649016,-0.3458925317192128,0.0007266588776273645,-0.11575223774960532,-0.14784007483500075,0.3274942501621733
0.605956512243152,0.5955848819930684,0.005039975520000001,-0.0432365664649016,-0.3458925317192128,0.0007266588776273645,-0.11575223774960532,-0.14784007483500075,0.3274942501621733
0.605956512243152,0.5955848819930684,0.005039975520000001,-0.0432365664649016,-0.3458925317192128,0.0007266588776273645,-0.11575223774960532,-0.14784007483500075,0.3274942501621733
0.605956512243152,0.5955848819930684,0.005039975520000001,-0.0432365664649016,-0.3458925317192128,0.0007266588776273645,-0.11575223774960532,-0.14784007483500075,0.3274942501621733
0.605956512243152,0.5955848819930684,0.005039975520000001,-0.0432365664649016,-0.3458925317192128,0.0007266588776273645,-0.11575223774960532,-0.14784007483500075,0.3274942501621733
0.605956512243152,0.5955848819930684,0.005039975520000001,-0.0432365664649016,-0.3458925317192128,0.0007266588776273645,-0.11575223774960532,-0.14784007483500075,0.3274942501621733
0.605956512243152,0.5955848819930684,0.005039975520000001,-0.0432365664649016,-0.3458925317192128,0.0007266588776273645,-0.11575223774960532,-0.14784007483500075,0.3274942501621733
0.605956512243152,0.5955848819930684,0.005039975520000001,-0.0432365664649016,-0.3458925317192128,0.0007266588776273645,-0.11575223774960532,-0.14784007483500075,0.3274942501621733
0.605956512243152,0.5955848819930684,0.005039975520000001,-0.0432365664649016,-0.3458925317192128,0.0007266588776273645,-0.11575223774960532,-0.14784007483500075,0.3274942501621733
0.605956512243152,0.5955848819930684,0.005039975520000001,-0.0432365664649016,-0.3458925317192128,0.0007266588776273645,-0.11575223774960532,-0.14784007483500075,0.3274942501621733
0.605956512243152,0.5955848819930684,0.005039975520000001,-0.0432365664649016,-0.3458925317192128,0.0007266588776273645,-0.11575223774960532,-0.14784007483500075,0.3274942501621733
0.605956512243152,0.5955848819930684,0.005039975520000001,-0.0432365664649016,-0.3458925317192128,0.0007266588776273645,-0.11575223774960532,-0.14784007483500075,0.3274942501621733
0.605956512243152,0.5955848819930684,0.005039975520000001,-0.0432365664649016,-0.3458925317192128,0.0007266588776273645,-0.11575223774960532,-0.14784007483500075,0.3274942501621733
0.605956512243152,0.5955848819930684,0.005039975520000001,-0.0432365664649016,-0.3458925317192128,0.0007266588776273645,-0.11575223774960532,-0.14784007483500075,0.3274942501621733
0.605956512243152,0.5955848819930684,0.005039975520000001,-0.0432365664649016,-0.3458925317192128,0.0007266588776273645,-0.11575223774960532,-0.14784007483500075,0.3274942501621733
0.605956512243152,0.5955848819930684,0.005039975520000001,-0.0432365664649016,-0.3458925317192128,0.0007266588776273645,-0.11575223774960532,-0.14784007483500075,0.3274942501621733
0.605956512243152,0.5955848819930684,0.005039975520000001,-0.0432365664649016,-0.3458925317192128,0.0007266588776273645,-0.11575223774960532,-0.14784007483500075,0.3274942501621733
0.605956512243152,0.5955848819930684,0.005039975520000001,-0.0432365664649016,-0.3458925317192128,0.0007266588776273645,-0.11575223774960532,-0.14784007483500075,0.3274942501621733
0.605956512243152,0.5955848819930684,0.005039975520000001,-0.0432365664649016,-0.3458925317192128,0.0007266588776273645,-0.11575223774960532,-0.14784007483500075,0.3274942501621733
0.605956512243152,0.5955848819930684,0.005039975520000001,-0.0432365664649016,-0.3458925317192128,0.0007266588776273645,-0.11575223774960532,-0.14784007483500075,0.3274942501621733
0.605956512243152,0.5955848819930684,0.005039975520000001,-0.0432365664649016,-0.3458925317192128,0.0007266588776273645,-0.11575223774960532,-0.14784007483500075,0.3274942501621733
0.605956512243152,0.5955848819930684,0.005039975520000001,-0.0432365664649016,-0.3458925317192128,0.0007266588776273645,-0.11575223774960532,-0.14784007483500075,0.3274942501621733
0.605956512243152,0.5955848819930684,0.005039975520000001,-0.0432365664649016,-0.3458925317192128,0.0007266588776273645,-0.11575223774960532,-0.14784007483500075,0.3274942501621733
0.605956512243152,0.5955848819930684,0.005039975520000001,-0.0432365664649016,-0.3458925317192128,0.0007266588776273645,-0.11575223774960532,-0.14784007483500075,0.3274942501621733
0.605956512243152,0.5955848819930684,0.005039975520000001,-0.0432365664649016,-0.3458925317192128,0.0007266588776273645,-0.11575223774960532,-0.14784007483500075,0.3274942501621733
0.5887425406665054,0.5383439859293163,0.00500886456,-0.19470878604108754,-0.4759548103226584,-0.00014457998385596551,-0.28190319954267645,-0.392346319746393,0.36405133573154774
0.5865570072631,0.5332547049652024,0.00500756827,-0.2155686416536616,-0.4958078758034217,-0.00014471073284076283,-0.2880394566543512,-0.3649691726327625,0.3752996697529038
0.5795988249434236,0.5166122156212486,0.004997197950000001,-0.2812781043573416,-0.6923768722642255,-0.00024093081377086792,-0.5627549673463033,-0.7001032148858297,0.42310508934363433
0.5795988249434236,0.5166122156212486,0.004997197950000001,-0.2812781043573416,-0.6923768722642255,-0.00024093081377086792,-0.5627549673463033,-0.7001032148858297,0.42310508934363433
0.5762317134102618,0.509198392061993,0.0049894202100000005,-0.32368402176748684,-0.712104847888471,-0.0009046517537504261,-0.8105653507024453,-1.0437336131396806,0.43716550687030975
0.5762317134102618,0.509198392061993,0.0049894202100000005,-0.32368402176748684,-0.712104847888471,-0.0009046517537504261,-0.8105653507024453,-1.0437336131396806,0.43716550687030975
0.5728954928085968,0.5023946643998013,0.00498164247,-0.3670297798535593,-0.7124695726569092,-0.0007198688022750834,-0.8747600404861307,-1.2009161991541477,0.40060842130093527
0.5728954928085968,0.5023946643998013,0.00498164247,-0.3670297798535593,-0.7124695726569092,-0.0007198688022750834,-0.8747600404861307,-1.2009161991541477,0.40060842130093527
0.5688024443852578,0.4947182679228221,0.004976457310000001,-0.4110518816422959,-0.7572008346042294,-0.00040203347326473593,-0.8563512691511043,-1.1541862411498456,0.3921721707849248
0.5688024443852578,0.4947182679228221,0.004976457310000001,-0.4110518816422959,-0.7572008346042294,-0.00040203347326473593,-0.8563512691511043,-1.1541862411498456,0.3921721707849248
0.5688024443852578,0.4947182679228221,0.004976457310000001,-0.4110518816422959,-0.7572008346042294,-0.00040203347326473593,-0.8563512691511043,-1.1541862411498456,0.3921721707849248
0.5688024443852578,0.4947182679228221,0.004976457310000001,-0.4110518816422959,-0.7572008346042294,-0.00040203347326473593,-0.8563512691511043,-1.1541862411498456,0.3921721707849248
0.5688024443852578,0.4947182679228221,0.004976457310000001,-0.4110518816422959,-0.7572008346042294,-0.00040203347326473593,-0.8563512691511043,-1.1541862411498456,0.3921721707849248
0.5688024443852578,0.4947182679228221,0.004976457310000001,-0.4110518816422959,-0.7572008346042294,-0.00040203347326473593,-0.8563512691511043,-1.1541862411498456,0.3921721707849248
0.5688024443852578,0.4947182679228221,0.004976457310000001,-0.4110518816422959,-0.7572008346042294,-0.00040203347326473593,-0.8563512691511043,-1.1541862411498456,0.3921721707849248
0.5688024443852578,0.4947182679228221,0.004976457310000001,-0.4110518816422959,-0.7572008346042294,-0.00040203347326473593,-0.8563512691511043,-1.1541862411498456,0.3921721707849248
0.5688024443852578,0.4947182679228221,0.004976457310000001,-0.4110518816422959,-0.7572008346042294,-0.00040203347326473593,-0.8563512691511043,-1.1541862411498456,0.3921721707849248
0.5688024443852578,0.4947182679228221,0.004976457310000001,-0.4110518816422959,-0.7572008346042294,-0.00040203347326473593,-0.8563512691511043,-1.1541862411498456,0.3921721707849248
0.5688024443852578,0.4947182679228221,0.004976457310000001,-0.4110518816422959,-0.7572008346042294,-0.00040203347326473593,-0.8563512691511043,-1.1541862411498456,0.3921721707849248
0.5688024443852578,0.4947182679228221,0.004976457310000001,-0.4110518816422959,-0.7572008346042294,-0.00040203347326473593,-0.8563512691511043,-1.1541862411498456,0.3921721707849248
0.5688024443852578,0.4947182679228221,0.004976457310000001,-0.4110518816422959,-0.7572008346042294,-0.00040203347326473593,-0.8563512691511043,-1.1541862411498456,0.3921721707849248
0.5688024443852578,0.4947182679228221,0.004976457310000001,-0.4110518816422959,-0.7572008346042294,-0.00040203347326473593,-0.8563512691511043,-1.1541862411498456,0.3921721707849248
0.5688024443852578,0.4947182679228221,0.004976457310000001,-0.4110518816422959,-0.7572008346042294,-0.00040203347326473593,-0.8563512691511043,-1.1541862411498456,0.3921721707849248
0.5688024443852578,0.4947182679228221,0.004976457310000001,-0.4110518816422959,-0.7572008346042294,-0.00040203347326473593,-0.8563512691511043,-1.1541862411498456,0.3921721707849248
0.5688024443852578,0.4947182679228221,0.004976457310000001,-0.4110518816422959,-0.7572008346042294,-0.00040203347326473593,-0.8563512691511043,-1.1541862411498456,0.3921721707849248
0.5688024443852578,0.4947182679228221,0.004976457310000001,-0.4110518816422959,-0.7572008346042294,-0.00040203347326473593,-0.8563512691511043,-1.1541862411498456,0.3921721707849248
0.5688024443852578,0.4947182679228221,0.004976457310000001,-0.4110518816422959,-0.7572008346042294,-0.00040203347326473593,-0.8563512691511043,-1.1541862411498456,0.3921721707849248
0.5688024443852578,0.4947182679228221,0.004976457310000001,-0.4110518816422959,-0.7572008346042294,-0.00040203347326473593,-0.8563512691511043,-1.1541862411498456,0.3921721707849248
0.5688024443852578,0.4947182679228221,0.004976457310000001,-0.4110518816422959,-0.7572008346042294,-0.00040203347326473593,-0.8563512691511043,-1.1541862411498456,0.3921721707849248
0.5688024443852578,0.4947182679228221,0.004976457310000001,-0.4110518816422959,-0.7572008346042294,-0.00040203347326473593,-0.8563512691511043,-1.1541862411498456,0.3921721707849248
0.5688024443852578,0.4947182679228221,0.004976457310000001,-0.4110518816422959,-0.7572008346042294,-0.00040203347326473593,-0.8563512691511043,-1.1541862411498456,0.3921721707849248
0.5688024443852578,0.4947182679228221,0.004976457310000001,-0.4110518816422959,-0.7572008346042294,-0.00040203347326473593,-0.8563512691511043,-1.1541862411498456,0.3921721707849248
0.5688024443852578,0.4947182679228221,0.004976457310000001,-0.4110518816422959,-0.7572008346042294,-0.00040203347326473593,-0.8563512691511043,-1.1541862411498456,0.3921721707849248
0.5688024443852578,0.4947182679228221,0.004976457310000001,-0.4110518816422959,-0.7572008346042294,-0.00040203347326473593,-0.8563512691511043,-1.1541862411498456,0.3921721707849248
0.5688024443852578,0.4947182679228221,0.004976457310000001,-0.4110518816422959,-0.7572008346042294,-0.00040203347326473593,-0.8563512691511043,-1.1541862411498456,0.3921721707849248
0.5688024443852578,0.4947182679228221,0.004976457310000001,-0.4110518816422959,-0.7572008346042294,-0.00040203347326473593,-0.8563512691511043,-1.1541862411498456,0.3921721707849248
0.5688024443852578,0.4947182679228221,0.004976457310000001,-0.4110518816422959,-0.7572008346042294,-0.00040203347326473593,-0.8563512691511043,-1.1541862411498456,0.3921721707849248
0.5688024443852578,0.4947182679228221,0.004976457310000001,-0.4110518816422959,-0.7572008346042294,-0.00040203347326473593,-0.8563512691511043,-1.1541862411498456,0.3921721707849248
0.5688024443852578,0.4947182679228221,0.004976457310000001,-0.4110518816422959,-0.7572008346042294,-0.00040203347326473593,-0.8563512691511043,-1.1541862411498456,0.3921721707849248
0.5688024443852578,0.4947182679228221,0.004976457310000001,-0.4110518816422959,-0.7572008346042294,-0.00040203347326473593,-0.8563512691511043,-1.1541862411498456,0.3921721707849248
0.48137338551616216,0.3444029952589162,0.0049349760300000005,-0.7769300351593406,-1.3164647817977715,-0.000516107083783194,-0.8988330491550135,-1.16362663670627,0.40623258831160025
0.47321817960098106,0.33051752155106057,0.00492719829,-0.8019328348098906,-1.3437793448165734,-0.0009087056370154027,-0.8865605349316619,-1.1721229927070536,0.42310508934363433
0.4654491103295112,0.31756649852098606,0.00491942055,-0.7972415709951908,-1.3143712386677469,-0.0007226031804401394,-0.76997164980982,-1.0545900680295686,0.4174809223329563
0.4654491103295112,0.31756649852098606,0.00491942055,-0.7972415709951908,-1.3143712386677469,-0.0007226031804401394,-0.76997164980982,-1.0545900680295686,0.4174809223329563
0.4571394497568456,0.3040362705253447,0.0049142353900000005,-0.796337002355042,-1.3128799228015557,-0.00044807062376925035,-0.5816357584591523,-0.8148040208963876,0.40342050480626773
0.4571394497568456,0.3040362705253447,0.0049142353900000005,-0.796337002355042,-1.3128799228015557,-0.00044807062376925035,-0.5816357584591523,-0.8148040208963876,0.40342050480626773
0.44904602570465835,0.2910852474952702,0.004910346520000001,-0.8622255737415432,-1.3795609179864692,-0.000329115042632613,-0.4995043171182587,-0.6779182853282331,0.4146688388276238
0.44904602570465835,0.2910852474952702,0.004910346520000001,-0.8622255737415432,-1.3795609179864692,-0.000329115042632613,-0.4995043171182587,-0.6779182853282331,0.4146688388276238
0.4401417147006775,0.2769217554039425,0.00490645765,-0.865175034085015,-1.341021302831773,-0.0006022590698761122,-0.48062352600540964,-0.6576214348819205,0.4399775903756553
0.4401417147006775,0.2769217554039425,0.00490645765,-0.865175034085015,-1.341021302831773,-0.0006022590698761122,-0.48062352600540964,-0.6576214348819205,0.4399775903756553
0.4315076993472945,0.2631521226892002,0.00489867991,-0.8837812130850817,-1.4011165573300077,-0.0007258745255274768,-0.45560647778088587,-0.6189158131005793,0.4737225924396973
0.4315076993472945,0.2631521226892002,0.00489867991,-0.8837812130850817,-1.4011165573300077,-0.0007258745255274768,-0.45560647778088587,-0.6189158131005793,0.4737225924396973
0.42295863405552797,0.24956783556343926,0.0048934947500000004,-0.9053368524286203,-1.4011165573300077,-0.0006010702146101384,-0.41501277688826066,-0.5669936375402456,0.46809842542901925
0.42295863405552797,0.24956783556343926,0.0048934947500000004,-0.9053368524286203,-1.4011165573300077,-0.0006010702146101384,-0.41501277688826066,-0.5669936375402456,0.46809842542901925
0.4134365044216091,0.23444672459570767,0.00489090217,-0.8851390969269585,-1.4248580584677866,-0.00015713296503835233,-0.39377188688630493,-0.5235678179806932,0.4174809223329563
0.4134365044216091,0.23444672459570767,0.00489090217,-0.8851390969269585,-1.4248580584677866,-0.00015713296503835233,-0.39377188688630493,-0.5235678179806932,0.4174809223329563
0.4134365044216091,0.23444672459570767,0.00489090217,-0.8851390969269585,-1.4248580584677866,-0.00015713296503835233,-0.39377188688630493,-0.5235678179806932,0.4174809223329563
0.40452447068475406,0.2200592732510274,0.00489219846,-0.9048227485941919,-1.4434077179954965,0.00027646477382674864,-0.35081808710457524,-0.4485166733071175,0.4315413398596448
0.39548887322191134,0.20546330811874308,0.00488571701,-0.908744644846796,-1.471300853561479,-0.0009063595072362647,-0.3022000499889891,-0.40981105152577846,0.4427896738809878
0.39548887322191134,0.20546330811874308,0.00488571701,-0.908744644846796,-1.471300853561479,-0.0009063595072362647,-0.3022000499889891,-0.40981105152577846,0.4427896738809878
0.3870942625876293,0.19178634819849147,0.00487793927,-0.8854918222872277,-1.4686205833056458,-0.0007218146368602432,-0.2866233973208876,-0.38196188463432534,0.4652863419236868
0.3870942625876293,0.19178634819849147,0.00487793927,-0.8854918222872277,-1.4686205833056458,-0.0007218146368602432,-0.2866233973208876,-0.38196188463432534,0.4652863419236868
0.37749490562496824,0.17596246853920544,0.00487275411,-0.9084855808622909,-1.4925120257023352,-0.00045261564279530116,-0.2521659535399393,-0.33475990685220497,0.4315413398596448
0.37749490562496824,0.17596246853920544,0.00487275411,-0.9084855808622909,-1.4925120257023352,-0.00045261564279530116,-0.2521659535399393,-0.33475990685220497,0.4315413398596448
0.3684979218264967,0.16104987135907792,0.004867568950000001,-0.9051311408057101,-1.4870011598950952,-0.000602418325441976,-0.19033136264535838,-0.26726107862376974,0.4877830099663858
0.3684979218264967,0.16104987135907792,0.004867568950000001,-0.9051311408057101,-1.4870011598950952,-0.000602418325441976,-0.19033136264535838,-0.26726107862376974,0.4877830099663858
0.3684979218264967,0.16104987135907792,0.004867568950000001,-0.9051311408057101,-1.4870011598950952,-0.000602418325441976,-0.19033136264535838,-0.26726107862376974,0.4877830099663858
0.3594854925622767,0.1460368786515855,0.004862383790000001,-0.9084337857892656,-1.4924269337966507,-0.0007238706196107836,-0.15870603753133722,-0.23091555573153522,0.4343534233649773
0.3504112814350629,0.13108566780708683,0.00485719863,-0.8836305942337921,-1.4655336684853135,-0.0004512802615934511,-0.10867194108228748,-0.19173791417237357,0.4315413398596448
0.3504112814350629,0.13108566780708683,0.00485719863,-0.8836305942337921,-1.4655336684853135,-0.0004512802615934511,-0.10867194108228748,-0.19173791417237357,0.4315413398596448
0.3413370703078491,0.11634297075019223,0.004854606050000001,-0.9069859177335906,-1.4684533906162895,-0.0004492796810576699,-0.07987873463519346,-0.1398157386120398,0.42872925635429926
0.3413370703078491,0.11634297075019223,0.004854606050000001,-0.9069859177335906,-1.4684533906162895,-0.0004492796810576699,-0.07987873463519346,-0.1398157386120398,0.42872925635429926
0.3413370703078491,0.11634297075019223,0.004854606050000001,-0.9069859177335906,-1.4684533906162895,-0.0004492796810576699,-0.07987873463519346,-0.1398157386120398,0.42872925635429926
0.3323400865093776,0.1018396784123986,0.00485071718,-0.8943606085958531,-1.4267181137124323,-0.0005146341095555161,-0.04919744907681322,-0.09119770149645362,0.40342050480626773
0.3237524075532399,0.08807776843053053,0.00484553202,-0.879135779703693,-1.3937518458717084,-0.0006025103812034706,-0.01049182729547202,-0.05438015882639865,0.42872925635429926
0.3237524075532399,0.08807776843053053,0.00484553202,-0.879135779703693,-1.3937518458717084,-0.0006025103812034706,-0.01049182729547202,-0.05438015882639865,0.42872925635429926
0.3148712647478817,0.07405328553093882,0.00484293944,-0.8719406553224645,-1.3823449413648825,-0.0003602426108042573,0.03623813070882793,0.005094333179075613,0.4315413398596448
0.3148712647478817,0.07405328553093882,0.00484293944,-0.8719406553224645,-1.3823449413648825,-0.0003602426108042573,0.03623813070882793,0.005094333179075613,0.4315413398596448
0.3148712647478817,0.07405328553093882,0.00484293944,-0.8719406553224645,-1.3823449413648825,-0.0003602426108042573,0.03623813070882793,0.005094333179075613,0.4315413398596448
0.3059592310110266,0.06012919815871203,0.00483775428,-0.8752278500054829,-1.3662093268378266,-0.000596750781828199,0.06833547560067174,0.05748852851723204,0.40623258831160025
0.3059592310110266,0.06012919815871203,0.00483775428,-0.8496003930752157,-1.3506467787349583,-0.00039998879874572916,0.0966566622699453,0.11035474363320892,0.4343534233649773
0.29692363354818396,0.04588847873864204,0.004835161700000001,-0.8496003930752157,-1.3506467787349583,-0.00039998879874572916,0.0966566622699453,0.11035474363320892,0.4343534233649773
0.29692363354818396,0.04588847873864204,0.004835161700000001,-0.8496003930752157,-1.3506467787349583,-0.00039998879874572916,0.13017006649525048,0.16227691919354267,0.40342050480626773
0.28842862738653696,0.032188350619767755,0.004833865410000001,-0.8452805556104251,-1.3654532052168409,-0.00032512192249137733,0.13017006649525048,0.16227691919354267,0.40342050480626773
0.28842862738653696,0.032188350619767755,0.004833865410000001,-0.8452805556104251,-1.3654532052168409,-0.00032512192249137733,0.13017006649525048,0.16227691919354267,0.40342050480626773
0.28004173948512917,0.01865039989125219,0.0048325691200000005,-0.8362983747120101,-1.3509435283809392,-7.069068668096288e-05,0.18209224205558647,0.20995091675348795,0.4484138408916658
0.28004173948512917,0.01865039989125219,0.0048325691200000005,-0.8362983747120101,-1.3509435283809392,-7.069068668096288e-05,0.18209224205558647,0.20995091675348795,0.4484138408916658
0.2716394061179729,0.005212844690101544,0.004827383960000001,-0.819114295054466,-1.336449639299392,-0.000708943241558268,0.2094693891692169,0.2590409736468946,0.4484138408916658
0.2716394061179729,0.005212844690101544,0.004827383960000001,-0.819114295054466,-1.336449639299392,-0.000708943241558268,0.2094693891692169,0.2590409736468946,0.4484138408916658
0.26332974554530736,-0.008332828771288246,0.00482349509,-0.8097042189958655,-1.313033868641944,-0.0006045885407576091,0.23071027917117262,0.30482689209555364,0.4343534233649773
0.26332974554530736,-0.008332828771288246,0.00482349509,-0.8097042189958655,-1.313033868641944,-0.0006045885407576091,0.23071027917117262,0.30482689209555364,0.4343534233649773
0.2554371125478499,-0.021090783479507137,0.004822198800000001,-0.8077472862534426,-1.2880294564581922,-0.00016514855224786167,0.28971275139882424,0.33786827654303836,0.3921721707849248
0.2554371125478499,-0.021090783479507137,0.004822198800000001,-0.8077472862534426,-1.2880294564581922,-0.00016514855224786167,0.28971275139882424,0.33786827654303836,0.3921721707849248
0.24749814315314708,-0.03356299707137972,0.004819606220000001,-0.7861424675108528,-1.2447255735588503,-0.00019244965113499773,0.3166178787346342,0.3685495621014186,0.4315413398596448
0.24749814315314708,-0.03356299707137972,0.004819606220000001,-0.7861424675108528,-1.2447255735588503,-0.00019244965113499773,0.3166178787346342,0.3685495621014186,0.4315413398596448
0.23986036034053904,-0.04576491501265444,0.00481701364,-0.7612379656951079,-1.2179807451121727,-0.0003027482549932751,0.32181009629066804,0.4091432629940438,0.4399775903756553
0.23986036034053904,-0.04576491501265444,0.00481701364,-0.7612379656951079,-1.2179807451121727,-0.0003027482549932751,0.32181009629066804,0.4091432629940438,0.4399775903756553
0.23233841852104437,-0.05769653730333131,0.00481571735,-0.7598439963158664,-1.1940405656392188,-0.00012988028713114167,0.368540054294968,0.4525690825535962,0.40342050480626773
0.23233841852104437,-0.05769653730333131,0.00481571735,-0.7598439963158664,-1.1940405656392188,-0.00012988028713114167,0.368540054294968,0.4525690825535962,0.40342050480626773
0.22497865409190843,-0.06937330940915877,0.00481571735,-0.7408899818020384,-1.1767076181561784,-0.00012858410322549627,0.3973332607420642,0.48797056589018756,0.4343534233649773
0.22497865409190843,-0.06937330940915877,0.00481571735,-0.7408899818020384,-1.1767076181561784,-0.00012858410322549627,0.3973332607420642,0.48797056589018756,0.4343534233649773
0.21768839425864048,-0.08105780424786045,0.004813124770000001,-0.6947940295473548,-1.1073279845910964,-0.0002017348913579784,0.4029974980759185,0.5049632778917504,0.42310508934363433
0.21768839425864048,-0.08105780424786045,0.004813124770000001,-0.6947940295473548,-1.1073279845910964,-0.0002017348913579784,0.4029974980759185,0.5049632778917504,0.42310508934363433
0.21083060746632912,-0.09192368940189434,0.00481053219,-0.6902748707463864,-1.0667884366080516,-0.00032902165331334123,0.44500725830200727,0.5384766821170578,0.42029300583828877
0.21083060746632912,-0.09192368940189434,0.00481053219,-0.6902748707463864,-1.0667884366080516,-0.00032902165331334123,0.44500725830200727,0.5384766821170578,0.42029300583828877
0.20415816626299912,-0.10238799244646855,0.004806643320000001,-0.6489552727442337,-1.0166965939659662,-0.0004030293299536721,0.46152795052574963,0.5734061456758287,0.40060842130093527
0.20415816626299912,-0.10238799244646855,0.004806643320000001,-0.6489552727442337,-1.0166965939659662,-0.0004030293299536721,0.46152795052574963,0.5734061456758287,0.40060842130093527
0.19783324803900926,-0.11240437698433774,0.004806643320000001,-0.6285419516077521,-0.9753237180120291,0.0003027425873219507,0.4771046031938489,0.6021993521229227,0.40342050480626773
0.19783324803900926,-0.11240437698433774,0.004806643320000001,-0.6285419516077521,-0.9753237180120291,0.0003027425873219507,0.4771046031938489,0.6021993521229227,0.40342050480626773
0.19164733900675543,-0.1220037339469988,0.0048053470300000005,-0.6055879977478942,-0.9516382821752624,-0.0002256101703391946,0.5073138689744087,0.6295764992365532,0.3837359202689143
0.19164733900675543,-0.1220037339469988,0.0048053470300000005,-0.6055879977478942,-0.9516382821752624,-0.0002256101703391946,0.5073138689744087,0.6295764992365532,0.3837359202689143
0.18544598450875316,-0.13156447724528875,0.00480405074,-0.6056570539081939,-0.9084855808622909,-0.00010642099090500944,0.5186423436421173,0.6536495079054361,0.4174809223329563
0.18544598450875316,-0.13156447724528875,0.00480405074,-0.6056570539081939,-0.9084855808622909,-0.00010642099090500944,0.5186423436421173,0.6536495079054361,0.4174809223329563
0.1797002712503301,-0.14040700638627582,0.00480405074,-0.5618832562576619,-0.8644357788579414,-0.00010534931949121962,0.5261946600872577,0.6701702001291784,0.3837359202689143
0.1797002712503301,-0.14040700638627582,0.00480405074,-0.5618832562576619,-0.8644357788579414,-0.00010534931949121962,0.5261946600872577,0.6701702001291784,0.3837359202689143
0.17427119003975028,-0.14880933975343208,0.00480405074,-0.5164843189466617,-0.8177668383322142,-0.00010427909488551016,0.5412992929775365,0.6876349319085638,0.3921721707849248
0.17427119003975028,-0.14880933975343208,0.00480405074,-0.5164843189466617,-0.8177668383322142,-0.00010427909488551016,0.5412992929775365,0.6876349319085638,0.3921721707849248
0.16912784994551677,-0.15687187287412246,0.00480405074,-0.47414324568642496,-0.7758707656686954,-0.00010320542404822286,0.5559319060899949,0.7140680394665534,0.3612392522262153
0.16912784994551677,-0.15687187287412246,0.00480405074,-0.47414324568642496,-0.7758707656686954,-0.00010320542404822286,0.5559319060899949,0.7140680394665534,0.3612392522262153
0.16420846910463574,-0.16483401046744794,0.00480275445,-0.45338972805439676,-0.755649546757328,-3.333006811582764e-05,0.5545158467565313,0.7206763163560508,0.3837359202689143
0.16420846910463574,-0.16483401046744794,0.00480275445,-0.45338972805439676,-0.755649546757328,-3.333006811582764e-05,0.5545158467565313,0.7206763163560508,0.3837359202689143
0.15972928403758554,-0.1721011021020932,0.004801458160000001,-0.4327108667764802,-0.7139729301811923,-0.0001061885231575458,0.5672603807577034,0.7211483361338713,0.39498425429025724
0.15972928403758554,-0.1721011021020932,0.004801458160000001,-0.4327108667764802,-0.7139729301811923,-0.0001061885231575458,0.5672603807577034,0.7211483361338713,0.39498425429025724
0.15560534468274964,-0.17894344342865612,0.004800161870000001,-0.38811176720846957,-0.6684147101923644,-0.0001336969152780876,0.5653723016464194,0.7235084350229779,0.3752996697529038
0.15560534468274964,-0.17894344342865612,0.004800161870000001,-0.38811176720846957,-0.6684147101923644,-0.0001336969152780876,0.5653723016464194,0.7235084350229779,0.3752996697529038
0.1517439782456374,-0.18532242078276556,0.004800161870000001,-0.3682662759999283,-0.6065562192939995,-0.0001323528033380002,0.5724525983137372,0.7258685339120824,0.36405133573154774
0.1517439782456374,-0.18532242078276556,0.004800161870000001,-0.3682662759999283,-0.6065562192939995,-0.0001323528033380002,0.5724525983137372,0.7258685339120824,0.36405133573154774
0.1480602346646323,-0.1914774388835225,0.004800161870000001,-0.3466035538822854,-0.5848934971763566,-0.00013095660276552575,0.5729246180915577,0.7310607514681162,0.37248758624755823
0.1480602346646323,-0.1914774388835225,0.004800161870000001,-0.3466035538822854,-0.5848934971763566,-0.00013095660276552575,0.5729246180915577,0.7310607514681162,0.37248758624755823
0.1449093596519487,-0.19679067910098896,0.004800161870000001,-0.32445913602224674,-0.5191346176355949,-0.00012966251034439113,0.5696204796468101,0.7216203559116917,0.36405133573154774
0.1449093596519487,-0.19679067910098896,0.004800161870000001,-0.32445913602224674,-0.5191346176355949,-0.00012966251034439113,0.5696204796468101,0.7216203559116917,0.36405133573154774
0.141789375570762,-0.20204986018833584,0.004800161870000001,-0.2802073905915361,-0.4957515372004101,-0.00012826764089244848,0.5639562423129558,0.7093478416883401,0.3443667511941943
0.141789375570762,-0.20204986018833584,0.004800161870000001,-0.2802073905915361,-0.4957515372004101,-0.00012826764089244848,0.5639562423129558,0.7093478416883401,0.3443667511941943
0.1391790918592741,-0.2064749861252665,0.0047988655800000005,-0.2590651015395976,-0.4533639276942958,-2.7051745096116474e-05,0.5493236292004975,0.6980193670206315,0.39498425429025724
0.1391790918592741,-0.2064749861252665,0.0047988655800000005,-0.2590651015395976,-0.4533639276942958,-2.7051745096116474e-05,0.5493236292004975,0.6980193670206315,0.39498425429025724
0.13667692640802537,-0.21076882560333532,0.00479756929,-0.23699084427900902,-0.3878031997292875,-0.00013857994899909852,0.5370511149771459,0.6857468527972799,0.34155466768884873
0.13667692640802537,-0.21076882560333532,0.00479756929,-0.23699084427900902,-0.3878031997292875,-0.00013857994899909852,0.5370511149771459,0.6857468527972799,0.34155466768884873
0.1346072339977332,-0.21434445092410126,0.004796273,-0.19430988345188432,-0.3454397928033499,-0.00011243260714507252,0.5247786007537941,0.6583697056836494,0.3499909182048723
0.1346072339977332,-0.21434445092410126,0.004796273,-0.19430988345188432,-0.3454397928033499,-0.00011243260714507252,0.5247786007537941,0.6583697056836494,0.3499909182048723
0.13269971897779975,-0.21778106705313116,0.004796273,-0.17240593158204,-0.323261121716325,-0.00011125837812484678,0.49220923608412986,0.632880637681303,0.3499909182048723
0.13269971897779975,-0.21778106705313116,0.004796273,-0.17240593158204,-0.323261121716325,-0.00011125837812484678,0.49220923608412986,0.632880637681303,0.3499909182048723
0.13109339053996105,-0.2208083783398272,0.004796273,-0.1514574408077993,-0.2812781043573416,-0.0001100829885489727,0.47993672186077824,0.6036154114563863,0.3668634192368933
0.13109339053996105,-0.2208083783398272,0.004796273,-0.1514574408077993,-0.2812781043573416,-0.0001100829885489727,0.47993672186077824,0.6036154114563863,0.3668634192368933
0.12986547601295936,-0.22329509832532748,0.004796273,-0.1072177403476936,-0.2573225768344647,-0.00010898946880548046,0.4501994758580411,0.5752942247871128,0.3359305006781838
0.12986547601295936,-0.22329509832532748,0.004796273,-0.1072177403476936,-0.2573225768344647,-0.00010898946880548046,0.4501994758580411,0.5752942247871128,0.3359305006781838
0.12883835254068748,-0.2256659773177144,0.004796273,-0.08650763936752458,-0.21626909841881145,-0.00010781567269093308,0.41999021007748133,0.5431968798952711,0.3303063336675058
0.12883835254068748,-0.2256659773177144,0.004796273,-0.08650763936752458,-0.21626909841881145,-0.00010781567269093308,0.41999021007748133,0.5431968798952711,0.3303063336675058
0.12810469291763615,-0.22764299693351586,0.004794976710000001,-0.06474048676557663,-0.17264129804153766,-2.3335247431738075e-05,0.387420845407817,0.4931627834462214,0.34155466768884873
0.12810469291763615,-0.22764299693351586,0.004794976710000001,-0.06474048676557663,-0.17264129804153766,-2.3335247431738075e-05,0.387420845407817,0.4931627834462214,0.34155466768884873
0.12760271528081157,-0.22934199816584527,0.004793680420000001,-0.04319718217435571,-0.17278872869742284,-0.0001802395486571441,0.34541108518172825,0.4412406078858854,0.3359305006781838
0.12760271528081157,-0.22934199816584527,0.004793680420000001,-0.04319718217435571,-0.17278872869742284,-0.0001802395486571441,0.34541108518172825,0.4412406078858854,0.3359305006781838
0.12731697416446527,-0.23069347641883456,0.004793680420000001,-0.02160561253929396,-0.12931914070433329,-0.00017842485688557267,0.3071774831782097,0.37610187854655686,0.34155466768884873
0.12731697416446527,-0.23069347641883456,0.004793680420000001,-0.02160561253929396,-0.12931914070433329,-0.00017842485688557267,0.3071774831782097,0.37610187854655686,0.34155466768884873
0.12718568770560346,-0.23174376808972907,0.004793680420000001,-0.00721653589072834,-0.08626176726836722,-0.0001766090707319605,0.2694159009525116,0.31757142609672573,0.3528030017102048
