0.02,-0.040848061,-0.218799517,-0.14471298,0.002662139,-0.003357512,-0.005938714,4.02E-05
0.04,-0.066337129,-0.29809884,-0.231887569,0.001723419,-0.00352794,-0.006501075,-0.000241012
0.06,-0.114483146,-0.443952951,-0.434357581,0.002036326,-0.001977993,-0.00577804,4.02E-05
0.08,-0.114955166,-0.426488219,-0.439981748,0.002286651,-0.002279434,-0.006501075,-0.000160675
0.1,-0.115899205,-0.376926143,-0.454042165,0.00128535,-0.000257619,-0.004492643,-0.000120506
0.12,-0.140916254,-0.323587908,-0.459666332,0.001911163,-0.002733538,-0.006822425,-8.03E-05
0.14,-0.163101183,-0.281578147,-0.445605915,0.002036326,-0.001191916,-0.004813992,-0.000281181
0.16,-0.19047833,-0.259393218,-0.380927994,0.001035025,-0.001144176,-0.005697702,-0.000160675
0.18,-0.257033119,-0.238624348,-0.338746742,0.001848582,-0.002776837,-0.005697702,-0.000321349
0.2,-0.327364066,-0.249480802,-0.24876007,0.001723419,-0.001611046,-0.004974667,0.000281181
0.22,-0.404775309,-0.287714404,-0.172833815,0.002662139,-0.001676552,-0.005055004,0
0.24,-0.472746157,-0.325475987,-0.102531727,0.000909862,-0.000489112,-0.004894329,-0.000562361
0.26,-0.536468827,-0.376926143,0.012763696,0.001410512,-0.002344941,-0.006581413,0.000281181
0.28,-0.588391003,-0.419407923,0.074629534,0.001535675,-0.002571992,-0.006742087,-0.00060253
0.3,-0.625208546,-0.447257089,0.156179955,0.001723419,-0.003139343,-0.006260064,-0.000522192
0.32,-0.672410523,-0.487378771,0.23210621,0.001786,-0.002065149,-0.005296016,-0.00060253
0.34,-0.6790188,-0.51003572,0.254602878,0.002286651,-0.002344941,-0.006581413,0.000361518
0.36,-0.65919397,-0.515227937,0.293972047,0.001598256,-0.001418968,-0.004974667,0.000361518
0.38,-0.653529732,-0.504843502,0.322092882,0.002411813,-0.002575876,-0.005215679,-0.000642698
0.4,-0.623320467,-0.499651285,0.324904966,0.001035025,-0.003414693,-0.007304448,-0.000160675
0.42,-0.601607557,-0.487378771,0.319280798,0.002536976,-0.003440784,-0.006983099,-8.03E-05
0.44,-0.591223122,-0.46755394,0.361462051,0.001347931,0.000449628,-0.004331968,0.00060253
0.46,-0.578478588,-0.444424971,0.409267471,0.001410512,-0.002034617,-0.005376353,-0.000241012
0.48,-0.601607557,-0.438760733,0.443012473,0.001035025,0.000571757,-0.004653317,-4.02E-05
0.5,-0.597831399,-0.434984575,0.45707289,0.001786,-0.000524086,-0.005055004,-0.000642698
0.52,-0.586502924,-0.414215705,0.437388306,0.001723419,-0.002654707,-0.006019052,-0.000482024
0.54,-0.59499928,-0.420351962,0.468321224,0.002286651,-0.002008526,-0.005697702,0
0.56,-0.245704644,-0.370789885,0.338965383,0.001535675,-0.002178954,-0.006260064,-0.000200843
0.58,-0.303763077,-0.376454123,0.61736165,0.001535675,-0.002029618,-0.003367921,-0.000923879
0.6,-0.405719349,-0.413271665,0.752341658,0.001535675,-0.002916733,-0.006340401,-0.000964048
0.62,-0.491154929,-0.44678507,0.603301233,0.00128535,-0.002628616,-0.006340401,-0.00088371
0.64,-0.565734054,-0.472274138,0.327717049,0.001723419,-0.001607162,-0.006501075,-0.000642698
0.66,-0.726220778,-0.500595324,0.409267471,0.00322537,-0.002357707,-0.005537028,-0.001606746
0.68,-0.830065129,-0.521364195,0.800147078,0.001535675,-0.000960423,-0.004412306,0.001285397
0.7,-0.919276867,-0.528916511,0.929502919,0.003913765,-0.000253177,-0.004251631,0.000401687
0.72,-0.830537149,-0.518060056,0.586428731,0.002098907,-0.000794437,-0.004090956,-0.001767421
0.74,-0.795135666,-0.498707245,0.417703721,0.002098907,0.000785485,-0.005215679,0.000723036
0.76,-0.752653886,-0.465193841,0.614549567,0.001410512,-0.000222645,-0.004331968,0.001004216
0.78,-0.627096625,-0.455281426,0.921066669,0.000972443,-0.001873072,-0.005296016,-4.02E-05
0.8,-0.537884887,-0.435456595,0.991368756,0.00322537,-0.001903604,-0.005215679,-0.000964048
0.82,-0.396278953,-0.418935903,0.631422068,0.001848582,-0.002030175,-0.005135341,-4.02E-05
0.84,-0.261281297,-0.393918855,0.454260807,0.002849883,-0.000668423,-0.005938714,-0.000200843
0.86,-0.177733796,-0.371733925,0.749529575,0.002224069,-0.001012605,-0.003769607,-0.000642698
0.88,-0.142332313,-0.378342202,0.94637542,0.002349232,-0.00140176,-0.00577804,-0.001325566
0.9,-0.08568994,-0.379286241,0.84232833,0.002161488,-0.001838098,-0.005135341,-0.000120506
0.92,-0.072001366,-0.388254617,0.586428731,0.003413114,-0.002995006,-0.005376353,0.000241012
0.94,-0.118259304,-0.391086736,0.583616648,0.002161488,-0.002269994,-0.004251631,-0.000160675
0.96,-0.260337257,-0.407607428,0.923878752,0.002286651,-0.001663228,-0.004331968,-0.000923879
0.98,-0.296210761,-0.411855606,0.915442502,0.002161488,-0.000820528,-0.003769607,0.00088371
1,-0.279690068,-0.411855606,0.72140874,0.002161488,-0.001978551,-0.00754546,0.000361518
1.02,-0.281106128,-0.404775309,0.653918736,0.002536976,-0.000576825,-0.006179726,0.000160675
1.04,-0.243816565,-0.392974815,0.755153742,0.003538277,-0.001729292,-0.006179726,-8.03E-05
1.06,-0.234848189,-0.383534419,0.968872088,0.001660838,-0.001135851,-0.006983099,8.03E-05
1.08,-0.185286113,-0.363709589,0.845140414,0.000847281,-0.000777228,-0.004894329,-0.000160675
1.1,-0.181509954,-0.345300817,0.696099988,0.00366344,-0.000464136,-0.00875052,0.000160675
1.12,-0.109762948,-0.328308105,0.583616648,0.001222768,-0.001527774,-0.003930282,8.03E-05
1.14,-0.0417921,-0.308955295,0.77765041,0.00272472,0.00088485,-0.008509508,0.000923879
1.16,0.026178748,-0.288658444,0.977308339,0.003100208,-0.002452631,-0.002002186,0.000160675
1.18,0.06346831,-0.260337257,1.025113758,0.003538277,0.000910941,-0.008830857,-0.000522192
1.2,0.143711672,-0.219271537,0.679227487,0.002036326,-0.001121411,-0.002725222,-0.000923879
1.22,0.198465967,-0.165461282,0.518938727,0.002349232,0.000645031,-0.007625798,-0.000321349
1.24,0.201770105,-0.110706988,0.859200832,0.000534374,-0.000784996,-0.001841512,0.000482024
1.26,0.222538975,-0.056896733,1.095415846,0.000972443,-6.22E-05,-0.007786472,0.000321349
1.28,0.207906362,0.004937858,1.030737925,0.002536976,-0.002304968,-0.004412306,-0.001285397
1.3,0.221594936,0.06394033,0.743905408,0.002787301,-0.001668785,-0.008107822,0.001446071
1.32,0.207434342,0.10736615,0.496442059,0.002286651,-0.001676552,-0.005055004,-0.001285397
1.34,0.476013596,0.065828409,0.07181745,0.002599557,0.001051394,-0.006420738,0.000682867
1.36,0.42409142,0.069604567,1.334442944,0.002975045,-0.001820889,-0.005938714,-0.000682867
1.38,0.408514768,0.058748112,1.508792121,0.001535675,-0.000817201,-0.007063437,4.02E-05
1.4,0.317414951,0.091789497,0.743905408,0.002849883,-0.002458188,-0.00577804,0.000281181
1.42,0.177697096,0.17108882,0.51331456,0.00128535,-0.000957097,-0.007706135,4.02E-05
1.44,0.04364348,0.215930698,0.620173734,0.002411813,-0.00201241,-0.004171294,0.000200843
1.46,0.010130075,0.226787153,0.814207495,0.001973744,0.000488485,-0.005697702,-0.000964048
1.48,0.04364348,0.243779865,1.146033349,0.001911163,-0.000267059,-0.006742087,0.001325566
1.5,0.143711672,0.251332182,1.179778351,0.001786,-0.001345136,-0.006179726,0.001365734
1.52,0.225843114,0.241419766,0.634234151,0.003475696,-0.001183591,-0.006099389,-0.000120506
1.54,0.289093764,0.256524399,0.659542903,0.002787301,0.000314173,-0.004733655,0.000964048
1.56,0.348568256,0.241891786,0.901382084,0.002662139,-0.001951902,-0.006099389,-0.000281181
1.58,0.476957636,0.198937986,0.923878752,0.002787301,-0.002069591,-0.005537028,0.000321349
1.6,0.61573145,0.177697096,0.690475821,0.002912464,0.000445186,-0.00457298,-0.000241012
1.62,0.70163905,0.16920074,0.696099988,0.001973744,-0.000375865,-0.005697702,0
1.64,0.734680434,0.19138567,0.968872088,0.002286651,-0.000576268,-0.004412306,-0.000321349
1.66,0.751673146,0.207906362,0.940751253,0.002787301,-0.003488524,-0.006099389,0.00060253
1.68,0.783770491,0.222066956,0.662354986,0.001973744,-0.000938774,-0.004974667,-0.001807589
1.7,0.78518655,0.245667944,0.493629976,0.002224069,-0.001711526,-0.005215679,0.001285397
1.72,0.800291183,0.286261645,1.00261709,0.002036326,-0.002301084,-0.005938714,-0.00060253
1.74,0.749313047,0.269268933,0.915442502,0.002536976,-0.002383798,-0.005215679,0.000482024
1.76,0.678038061,0.271629032,0.876073333,0.002036326,-0.00110976,-0.007304448,-0.00088371
1.78,0.609123173,0.277765289,0.901382084,0.001535675,-0.00155498,-0.007143774,-0.000562361
1.8,0.626115885,0.326383326,1.041986259,0.001848582,-0.001663786,-0.006099389,4.02E-05
1.82,0.55295282,0.301838298,0.712972489,0.002787301,-0.000686189,-0.006902762,-0.000281181
1.84,0.48875813,0.273045092,0.622985817,0.002098907,-0.001864189,-0.004813992,-0.001727252
1.86,0.46798926,0.263132676,1.025113758,0.002599557,-0.00043693,-0.005537028,-0.000321349
1.88,0.429283638,0.243779865,1.115100431,0.001097606,0.000462394,-0.005376353,0.000241012
1.9,0.450052508,0.244723905,0.895757917,0.001973744,-0.002139539,-0.005858377,-8.03E-05
1.92,0.474125517,0.286733665,0.89013375,0.001786,-0.001463383,-0.007384786,-0.000120506
1.94,0.473653497,0.29664608,0.887321667,0.002599557,-0.001579956,-0.003287583,0.001044385
1.96,0.432587776,0.269740953,0.766402076,0.002224069,-0.001406759,-0.007786472,-0.000160675
1.98,0.426923539,0.27682125,0.960435838,0.002474395,-0.000567942,-0.005697702,0.000160675
2,0.355648553,0.260300558,0.898570001,0.002286651,-0.001043138,-0.00368927,-0.001084554
2.02,0.301838298,0.247084004,0.808583328,0.001848582,-0.00055906,-0.005215679,8.03E-05
2.04,0.296174061,0.279181349,1.011053341,0.003162789,-0.000288709,-0.006179726,8.03E-05
2.06,0.258412478,0.302310318,1.092603762,0.001535675,4.33E-05,-0.005537028,0.000160675
2.08,0.136159356,0.228203213,0.718596656,0.002098907,-5.72E-05,-0.00577804,0.001004216
2.1,0.071020627,0.23386745,0.856388748,0.002286651,-0.001615487,-0.005215679,-0.001365734
2.12,-0.009222736,0.204130204,1.033550009,0.002161488,-0.00041528,-0.006099389,0.000763204
2.14,-0.798911824,-0.249008783,-0.268444654,0.001035025,3.88E-05,-0.00577804,-0.00060253
2.16,-0.651641653,-0.187174192,1.511604205,0.001222768,-0.000127163,-0.006099389,0.001004216
2.18,-0.544021144,-0.096074375,2.217437165,0.003100208,-0.000314242,-0.004090956,0.001446071
2.2,-0.463777782,0.044115499,0.929502919,0.002224069,-1.39E-05,-0.006902762,0.001727252
2.22,-0.207943062,0.278709329,-0.122216312,0.001660838,-0.001680994,-0.005296016,-0.000120506
2.24,-0.022911309,0.410402847,0.069005367,0.00272472,-0.000410839,-0.005858377,-0.00088371
2.26,0.104062011,0.453828666,0.926690836,0.002286651,0.000719978,-0.005296016,4.02E-05
2.28,0.144183692,0.400490432,1.070107094,0.001535675,-0.000235969,-0.005055004,0.000321349
2.3,0.203658184,0.400962451,0.980120422,0.000847281,-0.001738175,-0.00666175,-8.03E-05
2.32,0.116806545,0.372169245,0.611737483,0.001786,-0.001453942,-0.005135341,0.000843542
2.34,-0.073889445,0.309390614,0.40083122,0.002849883,-0.001554422,-0.005376353,0.000562361
2.36,-0.302819037,0.196105868,0.594864982,0.002349232,-0.001663228,-0.004331968,-0.000200843
2.38,-0.503427443,0.049779737,0.628609984,0.001535675,-0.001511123,-0.006501075,0.001285397
2.4,-0.606327755,-0.015831012,0.780462493,0.002036326,-0.001310163,-0.006019052,-0.00088371
2.42,-0.721028561,-0.038015942,0.83389208,0.002536976,-0.002008526,-0.005697702,0.001285397
2.44,-0.809768279,-0.008278696,0.780462493,3.37E-05,-0.000288709,-0.006179726,-0.001285397
2.46,-0.853194098,0.012962194,0.451448723,0.001911163,-6.55E-05,-0.004492643,0.001727252
2.48,-0.820152714,0.007297957,0.17586454,0.000534374,-0.001589396,-0.005537028,0.001526409
2.5,-0.694595453,0.011074115,0.451448723,0.002286651,-0.001542213,-0.008188159,-0.000120506
2.52,-0.563845975,0.041283381,0.780462493,0.002975045,-0.000812202,-0.005055004,-0.000803373
2.54,-0.463305762,0.101701912,1.019489591,0.001723419,-0.002196162,-0.00545669,0.00060253
2.56,-0.380702301,0.179113156,0.684851654,0.002536976,-0.000703397,-0.006099389,-0.001164891
2.58,-0.302347018,0.199882026,0.246166627,0.001973744,0.000213135,-0.006742087,0.000682867
2.6,-0.281578147,0.207434342,0.313656631,0.000409211,-0.000864384,-0.004412306,-0.000160675
2.62,-0.309427314,0.158816305,0.628609984,0.002536976,-0.000197111,-0.006420738,-0.000281181
2.64,-0.38259038,0.14890389,0.960435838,0.000659537,-0.002956148,-0.006742087,0.000763204
2.66,-0.483602612,0.126246941,0.794522911,0.001660838,-0.000703397,-0.006099389,0.000361518
2.68,-0.566206073,0.098397774,0.248978711,0.001598256,-0.002501487,-0.004653317,0.000281181
2.7,-0.731885015,0.10547807,0.44863664,0.001347931,-0.001118085,-0.006019052,0.000723036
2.72,-0.804576061,0.054499934,0.648294569,0.002599557,-0.000384748,-0.006179726,-0.000482024
2.74,-0.879155186,0.027594807,0.769214159,0.000409211,0.000436303,-0.005055004,0.000321349
2.76,-0.89284376,0.013434214,0.499254143,0.002912464,-0.001188033,-0.006340401,0.000642698
2.78,-0.84894592,0.045531559,0.482381642,0.001723419,0.000514576,-0.006019052,-0.000482024
2.8,-0.812600397,0.079516983,0.614549567,0.001973744,-0.000856059,-0.005697702,0.000964048
2.82,-0.734717134,0.100285853,0.597677066,0.001723419,-0.001834214,-0.00666175,0.00088371
2.84,-0.676658701,0.113030387,0.597677066,0.000158886,-0.001183591,-0.006099389,0.001164891
2.86,-0.576590509,0.132855218,0.549871646,0.003287952,-0.001166383,-0.006902762,0.000200843
2.88,-0.491154929,0.160704384,0.648294569,0.000784699,-0.000703397,-0.006099389,0.001405903
2.9,-0.469914039,0.177225077,0.667979153,0.002536976,-0.000319241,-0.006099389,0.000763204
2.92,-0.44631305,0.196577888,0.676415404,0.001222768,-0.000398072,-0.006902762,-0.000923879
2.94,-0.495403107,0.202242125,0.667979153,0.002849883,-0.003296447,-0.006099389,0.000200843
2.96,-0.473690197,0.188553551,0.482381642,0.001035025,0.000287525,-0.006179726,-0.000803373
2.98,-0.034239784,0.172032859,0.218045792,0.002349232,-0.000904357,-0.006581413,-0.000361518
3,-0.197086607,0.173920938,1.089791679,0.002975045,-0.00134902,-0.004653317,0.001566577
3.02,-0.330668204,0.161648424,1.089791679,0.001786,-0.000995955,-0.006340401,0.001285397
3.04,-0.416575804,0.155984187,0.521750811,0.004289253,-6.61E-05,-0.006260064,-0.000763204
3.06,-0.566678093,0.113974426,0.038072448,0.002474395,-0.000218761,-0.005858377,0.000482024
3.08,-0.824872912,0.062052251,0.524562894,0.000596955,-8.77E-05,-0.005697702,0.000642698
3.1,-0.967422885,0.035147124,1.101040013,0.002787301,-0.000864942,-0.006179726,0.000321349
3.12,-0.894259819,0.019570471,1.1544696,0.002599557,-0.001144176,-0.005697702,0.001526409
3.14,-0.747461668,0.003993818,0.594864982,0.001786,-0.000463578,-0.006983099,-0.000321349
3.16,-0.7649264,-0.025271408,0.319280798,0.003037627,-0.001249098,-0.006179726,0.000803373
3.18,-0.567622133,-0.045096239,0.594864982,0.002036326,-0.001864189,-0.004813992,0.000200843
3.2,-0.40335925,-0.06256097,1.022301675,0.002599557,-0.001759824,-0.006099389,-0.000281181
3.22,-0.186230152,-0.058312792,1.056046677,0.002474395,-0.001869188,-0.006822425,0.000401687
3.24,-0.060672891,-0.048400377,0.687663738,0.003037627,-0.00179924,-0.006501075,-0.000401687
3.26,-0.008278696,-0.044624219,0.291159963,0.002975045,-0.000969864,-0.00666175,0.000803373
3.28,0.024290669,-0.040848061,0.555495813,0.002536976,-0.000349774,-0.006019052,0.000482024
3.3,0.012490174,-0.051704516,1.027925842,0.002912464,-0.000738371,-0.006260064,-0.001004216
3.32,-0.107874869,-0.070585307,1.044798343,0.002599557,-0.002790719,-0.008188159,-0.000923879
3.34,-0.156964926,-0.067281168,0.653918736,0.002787301,-0.00172985,-0.007947147,0.000562361
3.36,-0.230127992,-0.044624219,0.479569558,0.002474395,-0.001436734,-0.005938714,0.000281181
3.38,-0.31886771,-0.044152199,0.735469157,0.003037627,-0.000471904,-0.005697702,-0.000321349
3.4,-0.348604956,-0.065865109,0.971684172,0.002224069,-0.001445617,-0.006420738,0.000281181
3.42,-0.308955295,-0.068225208,0.901382084,0.002411813,-0.000808319,-0.006581413,-0.000120506
3.44,-0.281578147,-0.054536634,0.755153742,0.001786,-0.002148421,-0.006340401,-8.03E-05
3.46,-0.258449178,-0.040376041,0.67360332,0.002474395,-0.001188033,-0.006340401,0
3.48,-0.27685795,-0.044624219,0.802959161,0.002224069,-0.000572384,-0.005938714,-0.000200843
3.5,-0.201334785,-0.046512298,0.901382084,0.002912464,0.000239784,-0.005296016,-4.02E-05
3.52,-0.089466098,-0.056424713,0.817019579,0.002161488,-0.001768707,-0.006581413,4.02E-05
3.54,0.014850273,-0.056896733,0.741093324,0.002411813,-0.000371423,-0.00545669,0.000522192
3.56,0.083765161,-0.053120575,0.752341658,0.002286651,-0.002868992,-0.007224111,-0.000361518
3.58,0.122470782,-0.048872397,0.783274577,0.001723419,-0.00083441,-0.006260064,4.02E-05
3.6,0.090845457,-0.062088951,0.84232833,0.002536976,-0.00117915,-0.005858377,8.03E-05
3.62,0.083293141,-0.079081663,0.698912072,0.002349232,-0.000162137,-0.006260064,0.000281181
3.64,0.04317146,-0.093242256,0.67360332,0.002036326,-0.000262618,-0.006501075,0.000241012
3.66,0.018626431,-0.087105999,0.783274577,0.003350533,-0.00251981,-0.007384786,4.02E-05
3.68,-0.039432001,-0.08380186,0.89013375,0.002036326,-0.002166187,-0.007304448,0.000160675
3.7,-0.060672891,-0.076721564,0.780462493,0.00272472,-0.001034813,-0.004974667,0.000120506
3.72,-0.113539106,-0.060672891,0.763589992,0.002411813,-0.002672473,-0.006983099,0.000160675
3.74,-0.10551477,-0.053592595,0.679227487,0.002224069,-0.002030175,-0.005135341,0.000682867
3.76,-0.086161959,-0.054064614,0.718596656,0.002161488,-0.00271133,-0.005617365,-0.000281181
3.78,-0.060200872,-0.049344417,0.802959161,0.002098907,-0.001921927,-0.007947147,0.000401687
3.8,-0.024327368,-0.040848061,0.780462493,0.002474395,-0.001074228,-0.005376353,0.000803373
3.82,0.003993818,-0.037071902,0.718596656,0.001786,0.0011219,-0.004331968,-4.02E-05
3.84,-0.001198399,-0.04226412,0.811395412,0.002349232,7.82E-05,-0.005376353,0.000562361
3.86,0.015322293,-0.057368753,0.831079996,0.001723419,-0.000873825,-0.00666175,0.000482024
3.88,0.007297957,-0.06444905,0.760777909,0.001848582,-0.001427851,-0.00545669,0.000843542
3.9,0.035619143,-0.057840773,0.189924957,0.001911163,-0.001323487,-0.006742087,-0.000441855
3.92,-0.038959982,-0.083329841,1.283825441,0.001848582,-0.002964473,-0.00545669,0.000120506
3.94,-0.087578019,-0.121091423,1.503167954,0.001911163,0.000488485,-0.005697702,0.000241012
3.96,-0.147052511,-0.113067087,0.727032907,0.002036326,-0.001201357,-0.007063437,0.000281181
3.98,-0.198502666,-0.066809148,0.195549124,0.001973744,-0.001432292,-0.005697702,0.000321349
4,-0.27544189,-0.049816436,0.552683729,0.002662139,-0.000371423,-0.00545669,0.000682867
4.02,-0.301874998,-0.077193584,0.929502919,0.001222768,-0.000803877,-0.006340401,0.000241012
4.04,-0.301874998,-0.08568994,1.176966268,0.002036326,-0.001166383,-0.006902762,-0.000120506
4.06,-0.29809884,-0.062088951,1.019489591,0.002411813,-0.002707447,-0.007143774,0.000321349
4.08,-0.293850662,-0.028103527,0.507690393,0.001848582,-0.001100877,-0.006822425,-0.000160675
4.1,-0.306123176,-0.029519586,0.308032464,0.001222768,0.000113213,-0.005215679,-0.002008433
4.12,-0.321699829,-0.033767764,0.741093324,0.000972443,-0.000877709,-0.005135341,-0.001164891
4.14,-0.303763077,-0.026687467,1.176966268,0.002286651,-4.48E-06,-0.004653317,-0.000281181
4.16,-0.279690068,-0.009222736,0.921066669,0.001160187,-0.000136046,-0.006581413,0.000200843
4.18,-0.292906622,0.030898946,0.158992039,0.00128535,-0.002008526,-0.005697702,0.000803373
4.2,-0.332556283,0.092733536,0.372710385,0.002098907,-0.000598475,-0.005617365,0.000522192
4.22,-0.36087747,0.110670288,1.019489591,0.002036326,-0.000952098,-0.005697702,0.000803373
4.24,-0.358989391,0.122470782,0.999805007,0.00128535,-0.000358657,-0.006501075,0.000241012
4.26,-0.358045351,0.16920074,0.555495813,0.002036326,-0.003126576,-0.007304448,-8.03E-05
4.28,-0.377870182,0.245667944,0.443012473,0.001911163,-0.00063789,-0.006019052,-8.03E-05
4.3,-0.40383127,0.272573072,0.580804564,0.002036326,-0.000720605,-0.005296016,0.000120506
4.32,-0.417047824,0.271157012,0.639858318,0.001598256,0.000156512,-0.006340401,0
4.34,-0.405719349,0.293813962,0.774838326,0.001535675,2.16E-05,-0.004974667,0.000200843
4.36,-0.373622004,0.335351702,0.811395412,0.001973744,-0.000668423,-0.005938714,0.000200843
4.38,-0.358517371,0.338655841,0.454260807,0.001723419,-0.002659148,-0.006260064,-4.02E-05
4.4,-0.392974815,0.36131279,0.524562894,0.001911163,-0.001808123,-0.006983099,0.000562361
4.42,-0.396278953,0.36036875,0.642670402,0.002161488,-0.000118281,-0.005617365,0.000361518
4.44,-0.370317866,0.358952691,0.791710827,0.001410512,-0.001699317,-0.008027484,0.000200843
4.46,-0.350965055,0.354232493,0.566744147,0.001473094,-0.001087552,-0.006099389,0.000522192
4.48,-0.364653628,0.362728849,0.541435395,0.002098907,-9.66E-05,-0.006179726,8.03E-05
4.5,-0.384006439,0.379721561,0.628609984,0.002662139,-0.000511319,-0.006099389,-0.000522192
4.52,-0.378814222,0.380665601,0.690475821,0.001973744,-0.000157696,-0.006019052,0.000482024
4.54,-0.370789885,0.385385799,0.614549567,0.00128535,-0.001183591,-0.006099389,-4.02E-05
4.56,-0.356629292,0.386801858,0.462697057,0.002224069,0.000309732,-0.004974667,4.02E-05
4.58,-0.349076976,0.397186293,0.18430079,0.001347931,-0.000423605,-0.004813992,-4.02E-05
4.6,-0.358989391,0.397186293,-0.071598809,0.000722118,-0.000904357,-0.006581413,-4.02E-05
4.62,-0.365125648,0.449108469,-0.268444654,0.001535675,0.000410212,-0.004733655,-0.000241012
4.64,-0.344356778,0.44722039,-0.186894232,0.001097606,-2.22E-05,-0.005617365,0.000441855
4.66,-0.334916382,0.443916251,-0.254384237,0.001973744,-0.001327928,-0.006983099,-0.000642698
4.68,-0.324059927,0.438724034,-0.380927994,0.001535675,-0.001314604,-0.006260064,-0.000522192
4.7,-0.321699829,0.450996548,-0.448417998,0.000909862,-0.002131213,-0.007143774,-0.001124722
4.72,-0.323587908,0.460436943,-0.36967966,0.002536976,-9.66E-05,-0.006179726,-0.000562361
4.74,-0.327364066,0.449580488,-0.372491744,0.001973744,-0.001768707,-0.006581413,0.001245228
4.76,-0.324531947,0.470349359,-0.470914667,0.001535675,0.000253108,-0.00457298,0.001446071
4.78,-0.312731453,0.470349359,-0.392176328,0.00322537,-0.000782227,-0.006902762,0.000763204
4.8,-0.300458939,0.465157141,-0.406236746,0.002224069,-0.000266502,-0.004974667,0.001245228
4.82,-0.289602484,0.450996548,-0.403424662,0.002161488,-0.001939136,-0.007143774,0.000803373
4.84,-0.292434602,0.44533231,-0.347182992,0.002975045,-0.00157663,-0.006581413,0.000361518
4.86,-0.278274009,0.437307974,-0.324686324,0.002787301,-8.77E-05,-0.005697702,0.00088371
4.88,-0.272137752,0.443444231,-0.392176328,0.001848582,-4.44E-05,-0.006822425,0.000241012
4.9,-0.224463754,0.244723905,0.167428289,0.002536976,-0.00063789,-0.006019052,0.000562361
4.92,-0.257977158,0.315998891,-0.670572595,0.002286651,-0.001070344,-0.006902762,4.02E-05
4.94,-0.273081791,0.422203341,-1.196432211,0.00322537,-0.002231136,-0.005617365,0.000200843
4.96,-0.266001495,0.463269062,-0.757747184,0.002286651,0.000353031,-0.006099389,0.00060253
4.98,-0.251368882,0.498198526,0.07181745,0.002286651,-0.001354019,-0.00666175,-0.000241012
5,-0.222575675,0.512831139,0.327717049,0.003287952,-0.000520202,-0.006581413,4.02E-05
5.02,-0.234848189,0.59496258,-0.456854249,0.00272472,-0.001139734,-0.00545669,-0.000120506
5.04,-0.23296011,0.647356775,-1.0108347,0.001660838,3.44E-05,-0.006019052,0.000160675
5.06,-0.206999022,0.642164558,-0.752123017,0.001973744,-0.000694514,-0.005617365,-0.000361518
5.08,-0.151300689,0.566169374,-0.037853807,0.001973744,-0.000899916,-0.006340401,0
5.1,-0.080969742,0.514247198,0.23210621,0.001535675,-0.000974305,-0.006902762,-4.02E-05
5.12,-0.022911309,0.493950348,-0.20095465,0.001973744,0.000532342,-0.005055004,0
5.14,0.005409878,0.494422367,-0.704317597,0.002224069,-0.001747058,-0.007143774,0
5.16,0.017210372,0.450524528,-0.735250516,0.002474395,-0.000284267,-0.005938714,0.000441855
5.18,0.035619143,0.398602352,-0.290941322,0.002224069,-0.001292954,-0.006822425,0.000160675
5.2,0.088013339,0.354704513,0.032448281,0.001723419,-0.000157696,-0.006019052,0.000482024
5.22,0.147487831,0.372169245,-0.209390901,0.002098907,-0.001563863,-0.007625798,0.000401687
5.24,0.121998763,0.384441759,-0.614330925,0.001535675,-0.000747254,-0.006742087,0.000522192
5.26,0.071492646,0.40379457,-0.501847585,0.002536976,-0.001462825,-0.005617365,0.000441855
5.28,0.055915994,0.394354174,-0.186894232,0.002536976,-0.000564059,-0.007224111,-0.000120506
5.3,0.077156884,0.378777522,-0.122216312,0.002787301,-0.000275384,-0.00545669,0.000441855
5.32,0.113974426,0.396242254,-0.245947986,0.002161488,0.000781043,-0.00545669,0.000200843
5.34,0.10736615,0.421259302,-0.437169664,0.001973744,-0.00143285,-0.007465123,0.000160675
5.36,0.102173932,0.422675361,-0.490599251,0.001035025,-0.000288709,-0.006179726,0
5.38,0.10547807,0.411818906,-0.24876007,0.001473094,-0.001450058,-0.00666175,0.000241012
5.4,0.115862506,0.389633977,-0.082847143,0.001973744,-0.000642332,-0.006260064,0.000200843
5.42,0.145599752,0.365088948,-0.285317155,0.000847281,-0.000965422,-0.006420738,0.000200843
5.44,0.181945274,0.320719089,-0.493411335,0.001598256,-0.000878266,-0.006902762,-0.000120506
5.46,0.173448918,0.253220261,-0.400612579,0.00128535,-0.002017409,-0.006179726,-0.000160675
5.48,0.214986659,0.172504879,-0.060350475,0.002224069,0.000213693,-0.004974667,0.000441855
5.5,0.229147252,0.10595009,-0.018169222,0.001598256,-0.001497799,-0.00577804,0.000281181
5.52,0.232451391,0.025234708,-0.189706316,0.002474395,-0.000445813,-0.006019052,-0.000401687
5.54,0.231979371,-0.058784812,-0.431545497,0.001723419,-0.001061461,-0.006420738,0.000522192
5.56,0.226315134,-0.142804333,-0.296565489,0.001598256,0.001008095,-0.005296016,-0.000200843
5.58,0.223010995,-0.204166904,0.001515362,0.002224069,-0.000895475,-0.006099389,-0.000200843
5.6,0.206962323,-0.237680308,0.153367872,0.001786,1.72E-05,-0.005215679,0.00088371
5.62,0.25463632,-0.266473514,0.330529133,0.001786,-0.002283876,-0.006742087,-0.000200843
5.64,0.259828538,-0.282522187,0.538623312,0.001598256,-0.000581267,-0.006420738,0.000682867
5.66,0.31788697,-0.310371354,0.656730819,0.001222768,0.000169836,-0.005617365,0.000923879
5.68,-0.179149856,-0.034711804,0.338965383,0.001097606,-0.001948018,-0.007625798,0.000241012
5.7,-0.00072638,-0.065865109,0.620173734,0.003037627,-0.001755383,-0.005858377,0
5.72,0.166840642,-0.150828669,1.05885876,0.000784699,0.00050181,-0.004974667,4.02E-05
5.74,0.237171588,-0.172069559,1.019489591,0.001786,-0.000380306,-0.005938714,-0.000361518
5.76,0.336767762,-0.207943062,0.662354986,0.003851184,-0.001817006,-0.007465123,0
5.78,0.483093893,-0.240984446,0.414891638,0.002536976,-0.000200995,-0.004894329,8.03E-05
5.8,0.653493032,-0.373149984,0.586428731,0.003788602,-0.000816644,-0.005296016,0.000200843
5.82,0.694558753,-0.493043008,0.878885416,0.001035025,-0.000939331,-0.006742087,-4.02E-05
5.84,0.647828795,-0.544493164,0.904194168,0.001598256,-0.000808319,-0.006581413,0.000281181
5.86,0.554840899,-0.505315522,0.853576665,0.002224069,-6.61E-05,-0.006260064,-0.000522192
5.88,0.439196053,-0.451977287,0.724220823,0.002349232,-5.28E-05,-0.005537028,-0.000160675
5.9,0.321191109,-0.413743685,0.637046235,0.002787301,-0.000607358,-0.006099389,-0.000120506
5.92,0.168728721,-0.364653628,0.811395412,0.00128535,-0.00071228,-0.006581413,4.02E-05
5.94,0.096037675,-0.303291057,0.988556673,0.001097606,-0.000969864,-0.00666175,0.000482024
5.96,0.057332053,-0.237680308,1.05885876,0.002474395,-0.00202185,-0.006420738,4.02E-05
5.98,0.041283381,-0.185758132,0.802959161,0.001035025,-0.000607358,-0.006099389,0.000361518
6,0.077628904,-0.19000631,0.670791237,0.002849883,-0.001000396,-0.006581413,-4.02E-05
6.02,0.082821121,-0.186702172,0.676415404,0.000659537,-0.001327928,-0.006983099,-0.000321349
6.04,0.174392958,-0.232016071,0.929502919,0.002536976,0.000540667,-0.006340401,-0.001124722
6.06,-0.203694884,0.005881897,0.308032464,0.000534374,-0.00184698,-0.005617365,-0.000441855
6.08,-0.46755394,0.199410006,0.226482043,0.002161488,-0.001485032,-0.006822425,0.000482024
6.1,0.581274006,-0.469442019,2.79953845,0.003788602,-0.000397514,-0.005135341,-0.000522192
6.12,0.618563569,-0.63795308,1.767503804,0.002286651,-0.001999643,-0.005215679,0.000562361
6.14,0.502446704,-0.519948135,-0.729626349,0.001723419,-9.66E-05,-0.006179726,-0.00120506
6.16,0.549648681,-0.449145169,-0.864606357,0.002536976,-0.002227252,-0.007143774,-8.03E-05
6.18,0.435891915,-0.381174321,0.44863664,0.001410512,-0.002261669,-0.005537028,0.000160675
6.2,0.1706168,-0.435456595,1.505980038,0.001973744,-0.002458188,-0.00577804,-0.00148624
6.22,-0.202278825,-0.305651156,1.317570443,0.000722118,-0.00043693,-0.005537028,-0.000241012
6.24,-0.441592852,-0.090882157,0.741093324,0.002662139,-0.001738175,-0.00666175,-0.001124722
6.26,-0.634648941,0.140407534,0.268663295,0.000784699,-0.001890837,-0.006260064,4.02E-05
6.28,-0.760678222,0.247556024,0.369898302,0.002599557,-0.000327566,-0.004813992,0.000441855
6.3,-0.818736655,0.232451391,0.620173734,0.000534374,-0.001026487,-0.006260064,-0.000522192
6.32,-0.789471428,0.152680048,0.701724155,0.002474395,-0.002205045,-0.005938714,0.00060253
6.34,-0.677602741,0.100285853,0.563932063,0.002536976,-0.001563305,-0.005858377,-0.000562361
6.36,-0.53080459,0.037035203,0.338965383,0.000221467,-0.002035174,-0.007143774,-0.000401687
6.38,-0.462833742,-0.029991606,-0.077222976,0.001535675,-0.000763904,-0.004171294,-0.000843542
6.4,-0.370317866,-0.125811621,-0.648075927,0.002224069,-0.000620125,-0.005055004,0.000160675
6.42,-0.264585435,-0.207943062,-0.785868019,0.000722118,-0.000148813,-0.005537028,-0.000160675
6.44,-0.158380985,-0.272137752,-0.47372675,0.002286651,-0.000642332,-0.006260064,-0.000843542
6.46,-0.160741084,-0.271193712,-0.237511736,0.001473094,-0.00065954,-0.00545669,0.000843542
6.48,-0.261281297,-0.2112472,-0.352807159,0.001535675,-0.000624566,-0.005296016,-0.00060253
6.5,-0.359933431,-0.12817172,-0.740874683,0.001035025,-0.001589396,-0.005537028,0.000562361
6.52,-0.46802596,-0.039432001,-0.870230524,0.001222768,-0.000585151,-0.004894329,-0.00120506
6.54,-0.549213361,0.012490174,-0.712753848,0.001723419,-0.000777786,-0.00666175,0.000401687
6.56,-0.61529613,0.027594807,-0.541216754,0.002349232,-0.001252981,-0.004653317,0.000200843
6.58,-0.664858207,0.049779737,-0.341558825,0.002224069,0.000322499,-0.006019052,-0.000803373
6.6,-0.611991992,0.094149596,0.724220823,0.003350533,-0.000943215,-0.005215679,-0.000321349
6.62,-0.647865495,0.096037675,-0.920848027,0.001973744,-0.000480786,-0.006179726,-0.000964048
6.64,-0.687987176,0.094621616,-2.149728519,0.001786,-0.002113448,-0.006179726,-0.000562361
6.66,-0.699315651,0.069604567,-1.427023058,0.001973744,-0.000122722,-0.005858377,0.00088371
6.68,-0.692235354,0.019570471,0.279911629,0.001410512,-0.001816448,-0.005697702,-0.000321349
6.7,-0.696011512,-0.012054854,0.530187061,0.003726021,-0.00024541,-0.007304448,0.00120506
6.72,-0.739909352,0.056860033,-0.923660111,0.001347931,0.000698329,-0.004733655,-0.001446071
6.74,-0.733773095,0.164480543,-1.247049714,0.002912464,0.000527901,-0.005296016,0.000441855
6.76,-0.760678222,0.279653368,-0.766183435,0.001535675,-0.001052578,-0.005938714,0.000763204
6.78,-0.755486004,0.2971181,-0.172833815,0.001097606,-0.001222449,-0.004733655,-0.001124722
6.8,-0.686099097,0.291925883,-0.184082149,0.00366344,0.001610419,-0.005617365,-0.001004216
6.82,-0.579422627,0.29806214,-0.487787168,0.001410512,0.001195731,-0.005537028,0.001124722
6.84,-0.649753574,0.366977027,-0.932096361,0.002599557,-0.000279826,-0.005697702,-0.001687083
6.86,-0.63795308,0.387273878,-0.220639235,0.000722118,-0.001183591,-0.006099389,0.001164891
6.88,-0.586502924,0.36131279,0.113998703,0.001723419,-0.000174904,-0.005215679,-0.000241012
6.9,-0.512867839,0.29664608,-0.414672996,0.00128535,-0.001436734,-0.005938714,0.000763204
6.92,-0.428848318,0.261244597,-0.813988854,0.002286651,0.000680563,-0.005697702,-0.000562361
6.94,-0.438760733,0.258884498,-0.456854249,0.000909862,-0.000939331,-0.006742087,4.02E-05
6.96,-0.521364195,0.250860162,-0.102531727,0.001848582,-0.000895475,-0.006099389,-0.000441855
6.98,-0.513811878,0.23386745,-0.316250074,0.002662139,0.000855433,-0.004894329,0.000482024
7,-0.432624476,0.219234837,-0.347182992,0.001848582,-0.000349774,-0.006019052,0.000160675
7.02,-0.367485747,0.226315134,-0.341558825,0.001473094,-0.000567942,-0.005697702,0.000321349
7.04,-0.366069688,0.230563312,-0.36967966,0.002787301,-0.000113839,-0.005376353,0.000964048
7.06,-0.408079448,0.263132676,-0.558089255,0.001660838,-0.00143285,-0.007465123,0.000160675
7.08,-0.353797173,0.284845586,-0.31343799,0.001035025,-0.000366982,-0.005215679,0.001526409
7.1,-0.249480802,0.282957507,-0.08847131,0.003287952,-0.001279072,-0.004331968,0.001084554
7.12,-0.200862765,0.265020755,-0.147525063,0.001848582,-0.001637695,-0.006420738,0.001084554
7.14,-0.158853005,0.271629032,-0.355619243,0.000534374,-0.000707281,-0.00457298,0.00088371
7.16,-0.138084135,0.27682125,-0.271256738,0.003350533,-0.000847176,-0.005215679,0.000321349
7.18,-0.131475858,0.284845586,-0.290941322,0.001848582,-0.002074032,-0.00577804,0.000361518
7.2,-0.0847459,0.260772577,-0.260008404,0.002662139,-0.00127963,-0.006099389,0.001084554
7.22,-0.051232496,0.236227549,-0.04066589,0.002036326,-0.001231889,-0.006983099,0.000321349
7.24,-0.011110815,0.204130204,-0.071598809,0.002286651,-0.000725046,-0.005537028,-0.000160675
7.26,-0.004974558,0.182417294,-0.240323819,0.001848582,-0.001973552,-0.005537028,-0.000160675
7.28,0.003993818,0.189025571,-0.276880905,0.00128535,-0.000594034,-0.005376353,0.000401687
7.3,0.001633719,0.182889314,-0.231887569,0.003726021,-0.000563501,-0.00545669,0.000281181
7.32,0.026650768,0.145599752,-0.260008404,0.00128535,-0.001218565,-0.006260064,-0.000200843
7.34,0.062052251,0.12671896,-0.285317155,0.002787301,-3.50E-05,-0.00457298,0.000401687
7.36,0.101229892,0.139935514,-0.293753406,0.001097606,-0.000428047,-0.005055004,0.000321349
7.38,0.141823593,0.130495119,-0.192518399,0.00272472,-0.000921566,-0.00577804,0.000200843
7.4,0.200354046,0.097925754,-0.139088813,0.002599557,-0.001642136,-0.00666175,-0.000160675
7.42,0.236227549,0.072436686,-0.192518399,0.000471793,-0.000467462,-0.00545669,0.000200843
7.44,0.256996419,0.077628904,-0.403424662,0.001347931,-0.001724851,-0.005938714,0.000200843
7.46,0.493478328,-0.095130335,0.822643746,0.002224069,-0.00224446,-0.006340401,0
7.48,0.386801858,-0.060672891,-0.605894675,0.002036326,-0.000449696,-0.004492643,0.000281181
7.5,0.274461151,0.046003578,-1.522633898,0.003600858,-0.000650657,-0.004974667,0.000923879
7.52,0.229619272,0.092733536,-0.752123017,0.001473094,-0.000864942,-0.006179726,0.001446071
7.54,0.206490303,0.04222742,0.518938727,0.002286651,-0.001485032,-0.006822425,-0.000160675
7.56,0.175809017,0.018626431,0.611737483,0.001535675,-0.001319045,-0.006501075,-8.03E-05
7.58,0.150791969,0.077156884,-0.065974642,0.00128535,0.000309732,-0.004974667,0.00060253
7.6,0.157872266,0.167784681,-0.704317597,0.002224069,-0.001558864,-0.005617365,-0.001004216
7.62,0.194689808,0.157872266,-0.600270508,0.002349232,-0.001943577,-0.007384786,0.00060253
7.64,0.279181349,0.088957378,-0.001296721,0.001347931,0.00032694,-0.00577804,0.001004216
7.66,0.417955163,0.019098451,0.437388306,0.003100208,-0.000632891,-0.004010619,-0.000522192
7.68,0.566169374,-0.011582834,0.473945391,0.002662139,-0.001144176,-0.005697702,0.001044385
7.7,0.675677962,-0.02055121,0.479569558,0.001035025,-0.001235773,-0.00545669,0.000200843
7.72,0.734208414,-0.06303299,0.653918736,0.001535675,-0.000371423,-0.00545669,0.000281181
7.74,0.737984573,-0.131947878,0.684851654,0.003788602,-0.001851422,-0.005858377,-8.03E-05
7.76,0.811619658,-0.210303161,0.743905408,0.000847281,-0.000104956,-0.004894329,0.000964048
7.78,0.844189023,-0.267889574,0.800147078,0.004038928,-0.000795552,-0.007625798,-0.00120506
7.8,0.772442016,-0.309427314,0.940751253,0.001660838,-2.67E-05,-0.005858377,-0.001285397
7.82,0.660573329,-0.321227809,0.991368756,0.002599557,-0.001235773,-0.00545669,0.000120506
7.84,0.543512424,-0.348132936,0.755153742,0.003350533,-0.001672668,-0.006581413,-0.00148624
7.86,0.511887099,-0.368429787,0.597677066,0.002036326,-0.002292201,-0.00545669,0.000361518
7.88,0.428339598,-0.367013727,0.766402076,0.001786,-0.000450254,-0.006260064,-0.001325566
7.9,0.393410135,-0.343884758,0.996992923,0.002474395,-0.001506124,-0.004492643,0.000522192
7.92,0.353760474,-0.322171848,0.980120422,0.00128535,-0.002174513,-0.006019052,-0.001687083
7.94,0.325439287,-0.270249673,0.878885416,0.001097606,-0.000371423,-0.00545669,0.00060253
7.96,0.315054852,-0.220687596,0.735469157,0.002912464,0.000191486,-0.006179726,8.03E-05
7.98,0.412290926,-0.23437617,1.013865424,0.001160187,-0.000668423,-0.005938714,4.02E-05
8,0.362728849,-0.2112472,0.814207495,0.001222768,-0.000620682,-0.006822425,-0.000482024
8.02,0.343376038,-0.192366409,0.698912072,0.002161488,-0.000721163,-0.007063437,-0.001727252
8.04,0.310806674,-0.172541579,0.788898744,0.00128535,-0.002288317,-0.006983099,0.000241012
8.06,-0.180093895,-0.027159487,-0.349995076,0.001660838,-0.000105514,-0.00666175,-0.001446071
8.08,-0.950430173,0.206018283,-1.064264286,0.001473094,-0.001113086,-0.004010619,0.000361518
8.1,-0.17018148,-0.060672891,2.467712597,0.002975045,-0.00216563,-0.005537028,-0.000160675
8.12,0.795570986,-0.539772966,5.532883617,0.00128535,-0.00043693,-0.005537028,-0.000160675
8.14,0.727600138,-0.565262034,2.411470926,0.001535675,-0.001572188,-0.006340401,0
8.16,0.691254615,-0.329724165,-3.297058589,0.003350533,-0.00110476,-0.005296016,-0.000441855
8.18,0.749313047,-0.118731324,-4.210985729,0.001535675,-3.94E-05,-0.004813992,-0.002209276
8.2,0.581746026,-0.23390415,0.642670402,0.000722118,-0.000686189,-0.006902762,-0.000361518
8.22,0.231035331,-0.528916511,4.101533113,0.002036326,-0.002755187,-0.006260064,0.00060253
8.24,-0.081441762,-0.590279082,2.698303444,0.002975045,-0.001341253,-0.007706135,-0.001566577
8.26,-0.237208288,-0.381174321,-0.946156779,0.002224069,-0.001280188,-0.00786681,-0.001887927
8.28,-0.589807062,0.060164172,-0.383740078,0.001222768,0.000899289,-0.004251631,-0.000401687
8.3,-1.249690712,0.290981843,1.300697942,0.001848582,0.000445744,-0.002805559,0.000160675
8.32,-1.048610286,0.091317477,1.818121307,0.001097606,-0.000738371,-0.006260064,-0.00060253
8.34,-0.623792486,-0.237208288,0.454260807,0.001598256,-0.001296838,-0.005296016,-0.001164891
8.36,-0.266001495,-0.322171848,-0.226263402,0.001598256,-0.001493357,-0.005537028,0.000642698
8.38,-0.037543922,-0.27591391,0.907006251,0.001598256,0.000148187,-0.005055004,0.000321349
8.4,0.249916122,-0.308955295,1.393496698,0.00322537,-0.000777786,-0.00666175,-0.001365734
8.42,0.500558624,-0.463777782,-0.068786725,0.001347931,-0.000983188,-0.007384786,0.000200843
8.44,0.757809403,-0.635120961,-1.13175429,0.001535675,-0.002082915,-0.006260064,-0.00148624
8.46,0.774330096,-0.688931216,-0.018169222,0.001786,0.000833783,-0.004331968,-0.001325566
8.48,0.605347015,-0.645977416,1.297885858,0.001598256,-5.28E-05,-0.005537028,0.000723036
8.5,0.452884627,-0.59452726,1.019489591,0.003287952,0.00018316,-0.004894329,-0.000562361
8.52,0.220178876,-0.458585564,-0.209390901,0.001160187,-0.001201357,-0.007063437,0.000281181
8.54,-0.046984318,-0.370317866,-0.724002182,0.002286651,-0.00110976,-0.007304448,-0.000401687
8.56,-0.328780125,-0.315091552,-0.459666332,0.001347931,-0.001546097,-0.00666175,-0.000241012
8.58,-0.511451779,-0.313203473,0.085877868,0.002912464,-0.001319045,-0.006501075,0.000241012
8.6,-0.576118489,-0.27685795,0.23210621,0.000722118,-0.001524448,-0.007224111,0.000361518
8.62,-0.603023616,-0.226823853,-0.245947986,0.002849883,-0.001764266,-0.006340401,-0.000642698
8.64,-0.618600269,-0.150356649,-0.535592587,0.000972443,-0.002567551,-0.006501075,0.000642698
8.66,-0.492570988,-0.206054983,-0.805552604,0.002662139,-0.000284267,-0.005938714,0.001245228
8.68,-0.327364066,-0.29762682,-0.760559268,0.002098907,-0.001070344,-0.006902762,0.000281181
8.7,-0.124395561,-0.411855606,-0.52153217,0.001473094,-0.002432097,-0.006099389,-0.000843542
8.72,0.022874609,-0.451505267,-0.110967978,0.001347931,-0.000968749,-0.003126909,-0.000321349
8.74,0.137103396,-0.455753445,-0.130652562,0.001973744,-0.001558864,-0.005617365,-0.000682867
8.76,0.185249413,-0.439704773,-0.36967966,0.001535675,0.001527705,-0.004894329,-0.000803373
8.78,0.23339543,-0.44536901,-1.069888453,0.003287952,-0.000458579,-0.004974667,0.001004216
8.8,0.225371094,-0.464721821,-0.934908445,0.002787301,0.000816575,-0.003528595,-0.000682867
8.82,0.194217789,-0.50909168,-0.549653005,0.001660838,-0.001397876,-0.007304448,-0.000401687
8.84,0.108310189,-0.499179265,-0.105343811,0.001347931,0.001204614,-0.005055004,-0.000642698
8.86,-0.007806676,-0.444896991,-0.116592145,0.00272472,-0.000349774,-0.006019052,0.000723036
8.88,-0.121091423,-0.368429787,-0.636827593,0.001035025,-0.000650657,-0.004974667,-0.001245228
8.9,-0.231072031,-0.311315393,-0.819613021,0.000722118,-0.000816644,-0.005296016,-0.001245228
8.92,-0.273553811,-0.29668278,-0.783055936,0.00366344,-0.000428047,-0.005055004,-0.000482024
8.94,-0.280634108,-0.304707117,-0.468102583,0.001097606,-0.001231332,-0.005215679,0.000964048
8.96,-0.257033119,-0.316979631,-0.231887569,0.00272472,-0.001558864,-0.005617365,-0.000361518
8.98,-0.243816565,-0.294322681,-0.310625907,0.002036326,-0.001292397,-0.005055004,-0.000723036
9,-0.21266326,-0.285354306,-0.560901339,0.002036326,-0.001034813,-0.004974667,-0.000923879
9.02,-0.156964926,-0.27544189,-0.667760512,0.002849883,-0.001493357,-0.005537028,0.000642698
9.04,-0.074833485,-0.321227809,-0.929284278,9.63E-05,-0.001750942,-0.005617365,-0.000923879
9.06,-0.00025436,-0.344828798,-0.397800495,0.004038928,-0.000441371,-0.00577804,-0.000361518
9.08,0.062524271,-0.372677965,-0.113780061,0.001660838,0.000541225,-0.00457298,-0.001526409
9.1,0.087069299,-0.388254617,-0.127840479,0.001723419,-0.0003148,-0.005858377,-0.000642698
9.12,0.093205556,-0.377870182,-0.645263844,0.003287952,-0.001851422,-0.005858377,0.000723036
9.14,0.057332053,-0.376926143,-0.985525948,0.000972443,7.82E-05,-0.005376353,0.000160675
9.16,0.009658056,-0.375982103,-0.583398007,0.002224069,-0.001432292,-0.005697702,-0.001847758
9.18,-0.032351705,-0.163573203,1.528476706,0.002098907,0.001418342,-0.005617365,-0.000361518
9.2,-0.079553682,-0.175373697,-0.808364687,0.001660838,-0.002742421,-0.007304448,0.001365734
9.22,-0.16970946,-0.181037935,-2.731829805,0.001035025,-0.001230774,-0.003448258,-0.000723036
9.24,-0.245232624,-0.199918726,-1.455143893,0.00272472,-3.44E-08,-0.004412306,-0.001526409
9.26,-0.27544189,-0.299986919,1.137597099,0.000972443,-0.000118281,-0.005617365,-0.001807589
9.28,-0.258921198,-0.46802596,0.743905408,0.001473094,-0.001593838,-0.00577804,-0.00060253
9.3,-0.241928486,-0.55204548,-1.294855134,0.002161488,-0.002288317,-0.006983099,-8.03E-05
9.32,-0.280162088,-0.499651285,-1.474828478,0.002662139,-0.000969306,-0.004894329,-0.000803373
9.34,-0.322171848,-0.414215705,-0.150337147,0.002474395,0.000636706,-0.006340401,-0.000642698
9.36,-0.279690068,-0.415631764,0.516126644,0.000534374,0.001270121,-0.004974667,-0.00148624
9.38,-0.16876542,-0.453393347,-1.044579702,0.003350533,-0.001174708,-0.005617365,-0.001646915
9.4,-0.10598679,-0.413271665,-1.609808486,0.000784699,0.001086368,-0.006260064,-0.001084554
9.42,-0.109762948,-0.33963658,-0.330310491,0.002411813,0.000575641,-0.006179726,-0.00088371
9.44,-0.136668076,-0.279690068,0.6089254,0.001973744,-0.000520202,-0.006581413,-0.000923879
9.46,-0.100322553,-0.261753317,-0.130652562,0.00128535,-0.001764266,-0.006340401,-0.001365734
9.48,-0.040376041,-0.230600011,-1.367969305,0.002286651,-0.000489669,-0.00666175,-0.001044385
9.5,-0.046984318,-0.204638924,-1.238613463,0.002474395,-0.002689681,-0.006179726,-0.00088371
9.52,-0.094658315,-0.203694884,0.212421625,0.001723419,-0.000179903,-0.007224111,-0.001084554
9.54,-0.121091423,-0.221631636,0.555495813,0.001848582,-0.000406397,-0.005617365,-0.000763204
9.56,-0.117315265,-0.27591391,-0.546840921,0.002036326,-0.00103537,-0.006742087,-0.000843542
9.58,-0.092298216,-0.285826325,-1.249861797,0.001410512,-0.000790553,-0.005617365,-0.000200843
9.6,-0.124867581,-0.282050167,-0.515908003,0.001786,-0.000721163,-0.007063437,-0.000923879
9.62,-0.167349361,-0.330196185,0.043696615,0.002161488,-0.000380306,-0.005938714,-0.000843542
9.64,-0.146580491,-0.373622004,-0.220639235,0.001723419,0.000392446,-0.005697702,-0.000964048
9.66,-0.102210632,-0.380230281,-0.85054594,0.001786,-0.000104956,-0.004894329,-0.000482024
9.68,-0.077665603,-0.345772837,-0.681820929,0.001848582,0.000619498,-0.005537028,-0.001124722
9.7,-0.113539106,-0.309899334,-0.147525063,0.00128535,-0.00306107,-0.007224111,-0.001004216
9.72,-0.107874869,-0.317451651,-0.245947986,0.002662139,-0.000607358,-0.006099389,-0.000763204
9.74,-0.053120575,-0.315563571,-0.74649885,0.000722118,-0.000489112,-0.004894329,0
9.76,-0.005446577,-0.289602484,-0.760559268,0.002411813,-0.000803877,-0.006340401,-0.00120506
9.78,-0.007806676,-0.268833613,-0.215015068,0.001535675,-0.00179924,-0.006501075,-0.000642698
9.8,-0.029991606,-0.257505139,0.074629534,0.002161488,0.000990887,-0.004492643,-0.000763204
9.82,-0.036127863,-0.269777653,-0.684633013,0.001535675,-0.003096044,-0.007384786,-0.000441855
9.84,-0.019135151,-0.274025831,-1.128942207,0.002224069,-0.000284267,-0.005938714,-0.000441855
9.86,-0.017247072,-0.27544189,-0.653700094,0.001786,-0.001672668,-0.006581413,-4.02E-05
9.88,-0.051232496,-0.286770365,-0.029417556,0.002411813,-0.002205603,-0.007706135,-0.000441855
9.9,-0.069641267,-0.311787413,-0.175645898,0.002224069,-0.00093489,-0.006501075,-0.000642698
9.92,-0.072473386,-0.331140224,-0.763371351,0.002349232,-0.000673422,-0.007947147,-0.00088371
9.94,-0.065393089,-0.337276481,-0.819613021,0.002036326,-0.001860305,-0.006340401,-0.000562361
9.96,-0.094658315,-0.341052639,-0.541216754,0.002161488,-0.000555176,-0.006742087,-0.000923879
9.98,-0.10645881,-0.366541707,-0.490599251,0.00128535,-0.000153254,-0.00577804,-0.000361518
10,-0.119203344,-0.38211836,-0.605894675,0.002224069,0.000182603,-0.00666175,-0.000482024
10.02,-0.113539106,-0.385894518,-0.611518842,0.001973744,-0.000629007,-0.005537028,-0.000401687
