0.02,8.19E-05,0.00084866,0,0.030951697,0,0,0,-0.1854408,-0.5878943,-0.02611965
0.04,-0.003626916,-0.010909226,-0.000522393,0.027871699,0,0,0,0.0257098,0.00102355,0.01305795
0.06,-0.00311272,-0.010888755,-0.000261234,0.015828956,0,0,0,0.00098,-3.72E-05,-0.0096796
0.08,-0.00309312,-0.010889499,-0.000454826,0.032826595,0,0,0,-0.00026135,-0.54557,0.04513565
0.1,-0.003098347,-0.021800899,0.000447887,0.018621219,0,0,0,-0.0628809,0.0119567,-0.02508435
0.12,-0.004355965,-0.021561765,-5.38E-05,-0.026372875,0,0,0,-0.87274805,-0.01245805,-0.0073329
0.14,-0.021810926,-0.021810926,-0.000200458,0.014267023,0,0,0,0.0111698,0.0111698,0.0062079
0.16,-0.02158753,-0.02158753,-7.63E-05,-0.013560484,0,0,0,-1.0928494,-0.03736195,0.00726
0.18,-0.043444518,-0.022334769,6.89E-05,0.020261385,0,0,0,-0.0076135,0.57269065,0.0024404
0.2,-0.043596788,-0.010880956,0.000117708,-0.017207906,0,0,0,-0.01285075,0.3670369,0.0070215
0.22,-0.043853803,-0.003540218,0.000258138,0.014330287,0,0,0,-2.16423495,0.39382655,0.0131882
0.24,-0.087138502,0.004336313,0.000521902,-0.016802864,0,0,0,-2.18447245,-0.2556028,0.03488085
0.26,-0.130827951,-0.000775743,0.001219519,0.020866636,0,0,0,-1.1078183,-0.23338645,0.03028865
0.28,-0.152984317,-0.005443472,0.001825292,-0.014191229,0,0,0,-1.07615795,-0.2736487,0.00035375
0.3,-0.174507476,-0.010916446,0.001832367,0.020869773,0,0,0,-2.88235445,-0.4214884,0.0707484
0.32,-0.232154565,-0.019346214,0.003247335,-0.014324018,0,0,0,-1.50219235,-0.1251827,0.0210124
0.34,-0.262198412,-0.021849868,0.003667583,0.021676701,0,0,0,-1.01682745,-1.08085245,-0.000977
0.36,-0.282534961,-0.043466917,0.003648043,-0.013721373,0,0,0,-2.26631755,-0.01239625,0.18448295
0.38,-0.327861312,-0.043714842,0.007337702,0.020991164,0,0,0,-1.0989177,-0.0007558,-0.1833791
0.4,-0.349839666,-0.043729958,0.00367012,-0.013318042,0,0,0,-2.67647165,-0.997995,-0.0053296
0.42,-0.403369099,-0.063689858,0.003563528,0.021817967,0,0,0,-1.7053488,-0.09657765,0.00540365
0.44,-0.437476075,-0.065621411,0.003671601,-0.013390323,0,0,0,-1.24296825,-1.1221241,0.0011932
0.46,-0.46233544,-0.088063893,0.003695465,0.023485024,0,0,0,-0.9874952,1.11624915,0.18304425
0.48,-0.482085344,-0.06573891,0.00735635,-0.013485574,0,0,0,-2.2369411,-1.1032559,0.0006385
0.5,-0.526824166,-0.087804028,0.00736912,0.02362055,0,0,0,-1.0943755,0.000508,-4.265E-05
0.52,-0.548711676,-0.087793868,0.007368267,-0.012069477,0,0,0,-0.9088431,0.02901235,0.1805543
0.54,-0.566888538,-0.087213621,0.010979353,0.023661312,0,0,0,-1.10032365,-1.09205055,-0.3659153
0.56,-0.588895011,-0.109054632,0.003661047,-0.007978244,0,-0.011507485,0.02301308,0.0219901,1.09380415,0.1827789
0.58,-0.588455209,-0.087178549,0.007316625,0.025369823,0,0.003212906,-0.041349717,-1.13361705,-0.00626935,0.1837049
0.6,-0.61112755,-0.087303936,0.010990723,-0.012762783,0,-0.018790568,-0.01632126,-2.09056635,0.01227095,0.36378275
0.62,-0.652938877,-0.087058517,0.018266378,-0.024546582,0,-0.024949503,-0.003972881,-1.1231039,-0.00449965,-0.1819085
0.64,-0.675400955,-0.08714851,0.014628208,-0.010919412,0,-0.021150172,-0.023189927,-1.20384045,-0.01431055,-0.18105105
0.66,-0.699477764,-0.087434721,0.011007187,0.010129294,0,-0.017076545,-0.015432943,-1.050506,-0.925969,-0.0168154
0.68,-0.720487884,-0.105954101,0.010670879,-0.036163186,-0.014582808,0.01095795,-0.011820619,-3.97398825,0.9735556,0.5551934
0.7,-0.799967649,-0.086482989,0.021774747,0.01198617,0.015210172,-0.029901918,0.021590374,-2.13326185,0.00295515,-0.1820763
0.72,-0.842632886,-0.086423886,0.018133221,0.018838936,-0.00711297,0.007808197,-0.043835361,-1.3477268,-1.1137271,0.0056111
0.74,-0.869587422,-0.108698428,0.018245443,-0.019546512,-0.006968807,-0.010643,0.008775059,-1.1202084,-0.0040517,-0.18191035
0.76,-0.89199159,-0.108779462,0.014607236,0.016642141,-0.00682418,-0.010425745,0.00859646,-1.24026115,-1.10957555,0.18563715
0.78,-0.916796813,-0.130970973,0.018319979,-0.020013116,-0.006679511,-0.010208427,0.008417809,-3.22064085,1.09738405,0.36499915
0.8,-0.98120963,-0.109023292,0.025619962,0.016652238,-0.006534816,-0.009991069,0.008239127,-1.10464905,-0.001567,0.00036825
0.82,-1.003302611,-0.109054632,0.025627327,-0.029473509,-0.006390779,-0.009774699,0.008061255,1.8337648,-0.03946905,-0.1751023
0.84,-0.966627315,-0.109844013,0.022125281,0.034698184,-0.006252152,-0.009566457,0.007890066,1.44326545,1.1305169,-0.1911076
0.86,-0.937762006,-0.087233675,0.018303129,-0.013436728,-0.006111031,-0.000983196,-0.009025373,-2.2542899,-0.0065287,0.36798035
0.88,-0.982847804,-0.087364249,0.025662736,0.022469721,-0.005968273,-0.000963401,-0.00881239,1.0144721,-0.00705285,0.18567295
0.9,-0.962558362,-0.087505306,0.029376195,-0.013358401,-0.005824128,-0.000943414,-0.008597338,0.13836225,0.0125784,-0.00422265
0.92,-0.959791117,-0.087253738,0.029291742,0.021861236,0.02134409,-0.021162461,-0.011969784,2.30480155,1.09949015,-0.1865272
0.94,-0.913695086,-0.065263935,0.025561198,-0.014748478,-0.019259636,0.022441284,0.00910718,-1.2924612,-0.0142834,0.18897335
0.96,-0.93954431,-0.065549603,0.029340665,0.022534536,0.010662838,-0.022079597,-0.016454778,-0.0433294,1.09047805,0.3684497
0.98,-0.940410898,-0.043740042,0.036709659,-0.012273735,-0.06509435,0.046440798,-0.00317709,-0.9469468,-1.0835087,-0.0055908
1,-0.959349834,-0.065410216,0.036597843,-0.028194978,0.04765216,-0.052007703,0.039275196,2.1170986,-0.0045173,-0.36395645
1.02,-0.917007862,-0.065500562,0.029318714,-0.027646284,-0.022558076,0.028343533,-0.007175415,0.7552196,1.1276389,0.1560777
1.04,-0.90190347,-0.042947784,0.032440268,-0.010021708,0.013160031,-0.013452937,0.017897464,-0.26961585,1.06727515,0.19099895
1.06,-0.907295787,-0.021602281,0.036260247,-0.030838557,-0.012005072,0.018543079,-0.005318352,-0.2493427,-0.0059367,0.1922628
1.08,-0.912282641,-0.021721015,0.040105503,-0.030215989,-0.063152149,0.048621442,0.017673507,-0.1099514,-0.0026179,0.1875708
1.1,-0.914481669,-0.021773373,0.043856919,-0.007668591,0.096636405,-0.089423695,0.032902496,1.5626237,0.8171238,-0.20408125
1.12,-0.883229195,-0.005430897,0.039775294,-0.030951557,-0.096326576,0.072834298,0.008920593,1.3792748,0.20880215,-0.1474437
1.14,-0.855643699,-0.001254854,0.03682642,-0.030317517,0.201383365,-0.180143148,0.049355097,0.0691629,0.424714,0.36469215
1.16,-0.854260441,0.007239426,0.044120263,-0.007885066,-0.189829897,0.188835516,-0.002506105,1.23172035,0.7296419,0.17599525
1.18,-0.829626034,0.021832264,0.047640168,0.059111961,0.192503247,-0.21070969,-0.024171362,1.94259305,1.0456143,0.1291838
1.2,-0.790774173,0.04274455,0.050223844,0.045252104,-0.188737714,0.167910785,0.042547641,2.51760025,0.04048475,-0.50073725
1.22,-0.740422168,0.043554245,0.040209099,0.044334214,0.127748161,-0.136972305,0.025644957,3.26850585,-0.000125,0.18264275
1.24,-0.675052051,0.043551745,0.043861954,-0.011787465,-0.12832263,0.096276455,-0.00041292,-0.39990305,1.12749395,0.2109074
1.26,-0.683050112,0.066101624,0.048080102,-0.012750356,0.093211323,-0.084889015,0.02996472,1.40222485,-0.0300531,0.3446243
1.28,-0.655005615,0.065500562,0.054972588,0.031225077,-0.129372668,0.119021334,-0.015094154,2.31297685,1.07315815,0.1708088
1.3,-0.608746078,0.086963725,0.058388764,-0.015270191,0.096769841,-0.098073728,0.054999377,3.1720785,1.10485885,-0.53962105
1.32,-0.545304508,0.109060902,0.047596343,0.016777678,-0.096305031,0.093993905,-0.014577491,3.67932225,0.4434307,-1.19212215
1.34,-0.471718063,0.117929516,0.0237539,-0.016150943,0.034178208,-0.048988651,0.033174934,1.8748323,-0.4687081,0.6344478
1.36,-0.434221417,0.108555354,0.036442856,0.012287663,0.077448619,-0.044002968,-0.019523986,4.13602875,2.2613132,1.49664935
1.38,-0.351500842,0.153781618,0.066375843,-0.029220804,0.076381841,-0.080662347,0.055140064,1.0993942,1.0979313,-0.00019215
1.4,-0.329512958,0.175740244,0.066372,0.013002454,-0.095840943,0.087203207,0.035682753,2.3148282,-0.0726616,-0.3931264
1.42,-0.283216394,0.174287012,0.058509472,-0.026490816,0.076926299,-0.082227163,0.01490765,2.17376915,1.0932362,-0.1817392
1.44,-0.239741011,0.196151736,0.054874688,0.016656737,-0.098509907,0.086672273,0.027667926,1.04888735,1.1305764,0.1938851
1.46,-0.218763264,0.218763264,0.05875239,-0.026489391,0.042065791,-0.055443671,-0.027600101,2.22481335,2.13186155,-0.01248185
1.48,-0.174266997,0.261400495,0.058502753,-0.034261007,0.02523662,-0.009616333,0.01183609,0.0204644,-0.0306966,0.35791335
1.5,-0.173857709,0.260786563,0.06566102,-0.009591783,0.02738633,-0.013786316,0.007206985,3.22317305,1.1819241,0.2057745
1.52,-0.109394248,0.284425045,0.06977651,-0.009401087,0.006507935,-0.01572162,-0.010777486,2.205018,-0.07424325,-0.56620505
1.54,-0.065293888,0.28294018,0.058452409,-0.009206784,-0.010128362,0.019885822,0.012265685,2.17602575,2.1830208,0.1839113
1.56,-0.021773373,0.326600596,0.062130635,-0.009013913,-0.025623834,0.005477794,0.002720004,1.3578885,-0.56198105,0.4224373
1.58,0.005384397,0.315360975,0.070579381,-0.008822494,-0.025112492,0.005372105,0.002660463,3.0069395,1.7048011,-0.04616915
1.6,0.065523187,0.349456997,0.069655998,-0.008627968,-0.004966814,-0.01073892,0.002599938,4.4138122,0.10422795,-0.16362335
1.62,0.153799431,0.351541556,0.066383531,-0.008432734,-0.004864291,-0.020341687,0.022211392,2.0900848,1.9830349,0.1464647
1.64,0.195601127,0.391202254,0.069312825,-0.008241307,0.002556066,-0.025897695,0.02178534,3.3117681,-1.0133614,0.1968794
1.66,0.261836489,0.370935026,0.073250413,-0.008050085,0.002505072,-0.015495884,0.030121767,3.0666422,1.9206398,0.1346432
1.68,0.323169333,0.409347822,0.075943277,-0.007855707,0.002453242,-0.027788522,-0.004073418,2.4149906,0.29117875,-0.3127592
1.7,0.371469145,0.415171397,0.069688093,-0.007658422,0.002400632,-0.010346511,0.037153351,3.2562943,1.0711817,0.17980195
1.72,0.436595031,0.436595031,0.073284132,-0.007463568,0.002348664,-0.026925253,-0.010666621,4.21757095,-0.12364945,0.16141755
1.74,0.52094645,0.434122042,0.076512483,-0.007280317,0.00229979,-0.010748896,0.040146235,2.32156035,2.29833725,0.0204649
1.76,0.567377657,0.480088787,0.076921781,-0.007082858,-0.001195878,-0.008503621,0.048080494,1.15734745,0.0539705,0.0086474
1.78,0.590524606,0.481168197,0.077094729,-0.006888208,0.029563236,-0.050448023,0.03030322,3.89640475,1.8171786,0.3076077
1.8,0.668452701,0.517511769,0.083246883,-0.006693385,-0.013693752,-0.00611236,0.012634989,2.18446845,0.10797355,-0.1239743
1.82,0.71214207,0.51967124,0.080767397,-0.006508573,0.023612063,-0.034740678,0.010643034,1.3800347,0.12500615,-0.5689523
1.84,0.739742764,0.522171363,0.069388351,-0.006314155,-0.015853344,0.010853553,-0.049987087,1.02681495,1.04425555,0.176746
1.86,0.760279063,0.543056474,0.072923271,-0.006116599,0.01424481,-0.009729537,0.03445247,1.40889955,0.22415735,0.58154015
1.88,0.788457054,0.547539621,0.084554074,-0.005922668,0.019221847,-0.041762854,0.024391103,3.19175225,1.0327556,-0.19266505
1.9,0.852292099,0.568194733,0.080700773,-0.005725191,0.011525782,-0.003062397,0.026833874,1.01728145,-0.0490105,0.17613345
1.92,0.872637728,0.567214523,0.084223442,-0.005531944,0.022676298,-0.043719472,0.026256501,1.4537639,0.23017405,-0.15040275
1.94,0.901713006,0.571818004,0.081215387,-0.0053391,-0.012962819,0.01186572,0.015438352,0.82022295,0.9200183,-0.2080319
1.96,0.918117465,0.59021837,0.077054749,-0.005155565,0.022769892,-0.018529103,0.07698801,0.09542185,-1.0339263,0.1918535
1.98,0.920025902,0.569539844,0.080891819,-0.004961568,0.030123512,-0.0248932,0.076592905,0.8571752,0.94576825,-0.02044715
2,0.937169406,0.588455209,0.080482876,-0.004766799,-0.009327432,-0.009978866,-0.006092935,2.1063274,1.04422475,0.1766411
2.02,0.979295954,0.609339704,0.084015698,-0.037167099,-0.011569639,0.00236205,-0.02626257,2.24377455,-1.04929475,0.00554955
2.04,1.024171445,0.588353809,0.084126689,-0.036422612,0.029698968,-0.033924105,-0.031286428,1.06252285,1.0737817,-0.1849629
2.06,1.045421902,0.609829443,0.080427431,-0.048442146,-0.013168357,0.005440498,-0.039057913,-1.4362654,-0.20689275,-0.0272861
2.08,1.016696594,0.605691588,0.079881709,-0.018111725,0.007953683,-0.022631243,-0.016383487,0.42084715,1.34126375,-0.1499864
2.1,1.025113537,0.632516863,0.076881981,-0.032454784,-0.031564766,0.018463317,-0.033069126,-0.21713535,-0.1339771,-0.01628485
2.12,1.02077083,0.629837321,0.076556284,-0.016060436,0.018247255,-0.037497064,-0.001377159,-1.9300777,-2.02678775,-1.446491
2.14,0.982169276,0.589301566,0.047626464,-0.015091429,-0.010516047,0.012418008,-0.052757671,-3.43595175,-1.8491408,0.11468285
2.16,0.913450241,0.55231875,0.049920121,-0.014783768,0.011940272,-0.039447964,0.015376798,-4.07871055,-0.2515944,2.28093105
2.18,0.83187603,0.547286862,0.095538742,0.019565929,-0.017882948,0.013290344,-0.040482072,-0.9820889,-2.11922445,0.38174505
2.2,0.812234252,0.504902373,0.103173643,0.034553813,0.009789229,-0.022348552,-0.013287861,-2.92788405,-2.6348215,-1.544183
2.22,0.753676571,0.452205943,0.072289983,0.019376199,-0.023661393,0.002205726,-0.006793548,-2.02585265,1.16168675,-0.53114915
2.24,0.713159518,0.475439678,0.061667,-0.02019369,-0.008751513,-0.009575024,-0.006573198,1.17496125,1.14441475,0.0079241
2.26,0.736658743,0.498327973,0.061825482,0.013286243,-0.008571337,-0.009324324,-0.006340953,-0.88211205,1.22965595,0.748851
2.28,0.719016502,0.522921092,0.076802502,-0.01626218,-0.008389917,-0.009071894,-0.006107104,0.1180753,0.08587295,0.01261235
2.3,0.721378008,0.524638551,0.077054749,-0.026811465,-0.008207363,-0.008817886,-0.005871795,0.55695735,0.6988502,-0.2363909
2.32,0.732517155,0.538615555,0.072326931,-0.012026716,-0.008026866,-0.00856674,-0.005639137,-0.73275185,-0.82670075,-0.69523435
2.34,0.717862118,0.52208154,0.058422244,0.029499349,0.001352642,-0.015834766,-0.005416989,-1.46081795,0.79614795,0.32990725
2.36,0.688645759,0.538004499,0.065020389,0.028023729,-0.007680221,-0.008070852,-0.005184395,-2.8952865,-0.80063755,0.2172047
2.38,0.630740029,0.521991748,0.069364483,0.01109288,0.014237886,-0.019331778,-0.017377448,-2.228733,-0.04779325,-0.00635095
2.4,0.586165369,0.521035883,0.069237464,0.034693727,-0.01127627,-0.015493101,-0.021111754,-3.48112245,-2.3769103,-0.2104849
2.42,0.51654292,0.473497677,0.065027766,0.034001686,0.01583009,-0.037565567,0.020915051,-3.98985525,-1.8375931,0.23081015
2.44,0.436745815,0.436745815,0.069643969,-0.011546068,0.032057981,-0.047624555,-0.010886751,-3.909909,-0.92201205,-0.2724075
2.46,0.358547635,0.418305574,0.064195819,0.026666075,0.008678118,-0.031708066,0.026401446,-3.76086745,-1.3001051,-0.46605655
2.48,0.283330286,0.392303472,0.054874688,-0.025478253,-0.013609602,0.028452843,-0.012982583,-5.4341112,-1.058817,-0.36186305
2.5,0.174648062,0.371127132,0.047637427,0.026816996,0.022264012,-0.000516228,-0.011422137,-2.19476305,-1.1226498,0.36154785
2.52,0.130752801,0.348674136,0.054868384,0.038698811,-0.016579993,0.007180994,-0.002309902,-2.18296545,-1.103677,0.1803754
2.54,0.087093492,0.326600596,0.058475892,0.019317602,-0.016240305,0.020221215,0.004744923,-3.2679394,-1.11573725,-0.00519265
2.56,0.021734704,0.304285851,0.058372039,0.027920508,-0.004479473,-0.016681975,0.006789338,-1.6347936,-0.98154905,-0.3458112
2.58,-0.010961168,0.28465487,0.051455815,0.027373548,0.004235862,-0.02041431,0.01707239,-1.6342889,-0.04748615,-0.37489915
2.6,-0.043646946,0.283705147,0.043957832,-0.012564499,-0.017383581,-0.005065811,0.021981978,-1.09815585,0.03025625,0.00468795
2.62,-0.065610063,0.284310272,0.044051591,0.024658835,0.01999316,-0.01541651,-0.033429526,-2.1339407,-0.13795955,0.34215825
2.64,-0.108288877,0.281551081,0.050894756,-0.037027491,0.007328944,-0.005561564,0.019065737,-2.2334503,-0.96687835,-0.16067145
2.66,-0.152957883,0.262213514,0.047681327,0.023616213,-0.016566785,-0.014447002,0.026324569,-1.150326,-1.013123,-0.35344625
2.68,-0.175964403,0.241951054,0.040612402,-0.014251855,-0.016763025,-0.005515881,0.009378014,-1.9783749,-0.24329815,-0.22172775
2.7,-0.215531901,0.237085091,0.036177847,0.034606282,-0.009829698,-0.010027317,0.007698662,-3.2178726,-1.08927945,-0.00195045
2.72,-0.279889353,0.215299502,0.036138838,0.073771058,0.01065149,-0.019558653,-0.043643911,-3.41723575,-0.97089195,0.0196959
2.74,-0.348234068,0.195881663,0.036532756,-0.098623415,-0.008722383,0.009884036,-0.019757623,-4.5393035,-1.0136804,0.0156421
2.76,-0.439020138,0.175608055,0.036845598,0.116065198,0.014792527,-0.034249457,0.030446565,-1.9065953,-1.1893475,-0.3860657
2.78,-0.477152044,0.151821105,0.029124284,-0.065671679,0.031782475,-0.026848436,-0.041791654,-2.01357485,-1.123261,0.1722515
2.8,-0.517423541,0.129355885,0.032569314,0.057966473,0.014139552,-0.026382204,-0.013061186,-2.88169335,-0.5189245,-0.1306552
2.82,-0.575057408,0.118977395,0.02995621,0.065711967,-0.011539433,-0.020023294,0.01700484,-2.73178595,-0.5204807,0.14230575
2.84,-0.629693127,0.108567781,0.032802325,-0.049095713,0.008179278,-0.020396634,-0.013519996,-2.4569218,-1.0488306,-0.16986525
2.86,-0.678831563,0.087591169,0.02940502,0.084458798,-0.027027186,0.014553075,0.076377963,-0.742543,-0.0440433,-0.378652
2.88,-0.693682423,0.086710303,0.02183198,-0.042114837,0.015317322,0.012742166,0.020174801,-1.28943015,-1.0651923,0.1892519
2.9,-0.719471026,0.065406457,0.025617018,-0.016833326,-0.016693572,0.038350561,0.019780879,-0.05797845,0.00527075,-0.1812093
2.92,-0.720630595,0.065511872,0.021992832,-0.03654508,0.01991885,-0.005875264,-0.008329823,-2.37384375,-1.08100085,0.1896559
2.94,-0.76810747,0.043891855,0.02578595,0.073403279,-0.014556634,0.039370926,0.006729039,-1.806132,-0.02099785,-0.012336
2.96,-0.80423011,0.043471898,0.02553923,-0.045076787,-0.007183734,0.002678355,0.033070112,5.3541032,0.00499275,-0.7284352
2.98,-0.697148046,0.043571753,0.010970526,-0.029139454,-0.007038802,0.003512007,-0.025597092,-3.09787395,-1.90650785,0.1795808
3,-0.759105525,0.005441596,0.014562142,0.027525623,-0.02235719,0.024010688,0.03709278,-0.2182341,-0.0893992,0.5534066
3.02,-0.763470207,0.003653612,0.025630274,-0.036263438,-0.021900007,0.016308579,0.080126107,-2.06566045,-0.10442905,-0.00367365
3.04,-0.804783416,0.001565031,0.025556801,-0.013869567,-0.003752499,0.000491143,-0.040733123,0.78215025,-0.4433974,-0.3579775
3.06,-0.789140411,-0.007302917,0.018397251,0.011626666,-0.003675726,0.002120478,-0.025248808,0.10005815,-0.72633305,-0.3693446
3.08,-0.787139248,-0.021829578,0.011010359,-0.022642445,-0.003601341,-0.000476834,0.027219907,-4.3861614,-0.85265995,0.26530975
3.1,-0.874862476,-0.038882777,0.016316554,-0.008392141,-0.00352398,0.001815581,-0.020839026,-2.12046665,-0.23984165,0.28394055
3.12,-0.917271809,-0.04367961,0.021995365,0.012215096,-0.003446829,0.005908026,0.053143476,-3.59257475,0.1653615,0.08614675
3.14,-0.989123304,-0.04037238,0.0237183,-0.015506141,-0.003369117,0.002295606,-0.023907786,0.37875945,-0.16259905,-0.45366355
3.16,-0.981548115,-0.043624361,0.014645029,0.012346555,0.001005143,-0.004090797,0.024368278,-2.1576522,0.0010028,-0.18331535
3.18,-1.024701159,-0.043604305,0.010978722,-0.015887478,0.000984729,0.009405154,-0.0451314,-0.1772737,-1.10142295,0.1855111
3.2,-1.028246633,-0.065632764,0.014688944,-0.015565837,0.000964368,0.002667432,0.028277172,0.07992475,0.0051016,0.365511
3.22,-1.026648138,-0.065530732,0.021999164,-0.015260698,0.000945048,-0.020316182,0.019148462,2.26628525,-1.08489645,-0.0018336
3.24,-0.981322433,-0.087228661,0.021962492,-0.014938566,0.00092465,-0.003972019,0.025209337,0.14902605,0.0132468,-0.36826505
3.26,-0.978341912,-0.086963725,0.014597191,-0.014617554,-0.001362129,-0.000175886,0.06295658,2.31297075,0.0129188,-0.18409125
3.28,-0.932082497,-0.086705349,0.010915366,-0.014291261,-0.001334137,-0.000172388,0.061663066,0.74581425,-0.0321907,0.1873261
3.3,-0.917166212,-0.087349163,0.014661888,-0.013967578,-0.001306363,0.015736155,-0.016209299,1.837069,0.17495895,0.49842765
3.32,-0.880424832,-0.083849984,0.024630441,-0.013644659,-0.001278605,0.007374209,0.000195905,-0.56299755,-1.24460315,-0.3188838
3.34,-0.891684783,-0.108742047,0.018252765,-0.013322247,-0.001251,0.007220705,0.000187321,3.05513965,1.0656182,-0.17886805
3.36,-0.83058199,-0.087429683,0.014675404,-0.013012014,-0.001224387,0.007072716,0.000179045,0.0668861,0.00704065,-0.0011818
3.38,-0.829244268,-0.08728887,0.014651768,-0.012689848,-0.001196743,0.006918996,0.000170448,0.13075815,0.013764,0.18025915
3.4,-0.826629105,-0.08701359,0.018256951,-0.012367502,-0.001169084,0.006765195,0.000161847,0.00710855,-1.08673455,-0.000157
3.42,-0.826486934,-0.108748281,0.018253811,-0.012050409,-0.001141876,0.006613896,0.000153386,-0.0735731,-0.00968065,0.18448805
3.44,-0.827958396,-0.108941894,0.021943572,-0.011727461,-0.001114169,0.006459822,0.00014477,2.3470446,0.02336205,-0.1867845
3.46,-0.781017504,-0.108474653,0.018207882,-0.011404624,-0.001086472,0.006305809,0.000136157,-0.10299525,1.0733026,0.18496015
3.48,-0.783077409,-0.087008601,0.021907085,-0.011083137,-0.00105889,0.006152432,0.00012758,-0.0922591,-1.1004213,-0.1804082
3.5,-0.784922591,-0.109017027,0.018298921,-0.010761409,-0.001031292,0.005998966,0.000118997,1.06822895,-0.00313445,0.1836206
3.52,-0.763558012,-0.109079716,0.021971333,-0.010444296,-0.001004081,0.005847651,0.000110535,2.33206845,1.10903645,-0.0045923
3.54,-0.716916643,-0.086898987,0.021879487,-0.010134166,-0.000977472,0.005699689,0.000102261,3.3573143,0.01314695,-0.00331015
3.56,-0.649770357,-0.086636048,0.021813284,-0.009805426,-0.000949266,0.005542844,9.35E-05,2.032015,-0.0191266,0.0048157
3.58,-0.609130057,-0.08701858,0.021909598,-0.009481997,-0.000921519,0.005388545,8.49E-05,0.00174635,1.08791935,0.3650762
3.6,-0.60909513,-0.065260193,0.029211122,-0.009158165,-0.000893735,0.005234047,7.62E-05,2.04665625,-1.1074673,-0.1767541
3.62,-0.568162005,-0.087409539,0.02567604,-0.008835724,-0.000866074,0.005080233,6.76E-05,2.460246,0.04583455,-0.19494055
3.64,-0.518957085,-0.086492848,0.021777229,-0.00851726,-0.000838741,0.004928243,5.91E-05,3.1720844,1.070961,0.18547165
3.66,-0.455515397,-0.065073628,0.025486662,-0.008211199,-0.000812488,0.004782253,5.10E-05,2.05777205,-0.0175814,0.1899172
3.68,-0.414359956,-0.065425256,0.029285006,-0.007888738,-0.000784822,0.004628413,4.24E-05,0.0226036,0.003569,-0.0015975
3.7,-0.413907884,-0.065353876,0.029253056,-0.007566909,-0.000757163,0.004474607,3.38E-05,2.13262855,-0.00808835,0.00362045
3.72,-0.371255313,-0.065515643,0.029325465,-0.00724163,-0.000729299,0.002264446,-0.004085011,1.1100111,0.00339065,-0.00151775
3.74,-0.349055091,-0.06544783,0.02929511,-0.006917554,0.000286258,0.001376335,-0.003949757,1.1199126,0.0058231,-0.00260645
3.76,-0.326656839,-0.065331368,0.029242981,-0.006599725,-0.024054333,0.021165631,-0.003817133,1.09934935,1.09035515,-0.0010065
3.78,-0.304669852,-0.043524265,0.029222851,-0.006288032,0.010661014,-0.007200104,-0.003687053,2.10769675,-0.0114194,0.1912684
3.8,-0.262515917,-0.043752653,0.033048219,-0.005966011,-0.01008782,0.009659581,-0.003552688,1.14081085,1.09808855,-0.006454
3.82,-0.2396997,-0.021790882,0.032919139,-0.005636879,0.012242003,-0.00860983,-0.003415303,2.23676005,-1.0767281,-0.0096804
3.84,-0.194964499,-0.043325444,0.032725531,-0.00531418,-0.009338804,0.008928134,-0.003280622,1.18484245,0.5587893,0.16046875
3.86,-0.17126765,-0.032149658,0.035934906,-0.004992775,0.01166622,-0.008259549,-0.003146488,1.95897375,0.5067481,-0.1338827
3.88,-0.132088175,-0.022014696,0.033257252,-0.004672375,-0.009867573,0.009240531,-0.003012829,2.22282705,0.00533935,-0.7435312
3.9,-0.087631634,-0.021907909,0.018386628,-0.004195563,0.009083359,-0.006300945,-0.002813841,1.0965336,0.5467027,0.36728675
3.92,-0.065700962,-0.010973855,0.025732363,-0.003874572,-0.011152225,0.010140399,-0.00267988,1.0902014,0.6698042,1.1080686
3.94,-0.043896934,0.002422229,0.047893735,-0.003553744,-0.005092244,0.005139502,-0.002545985,1.0983115,-1.21764665,-0.00193805
3.96,-0.021930704,-0.021930704,0.047854974,-0.003228767,0.02256563,-0.017473794,-0.002410364,0.9406225,-0.00991385,-0.535532
3.98,-0.003118254,-0.022128981,0.037144334,-0.002926288,-0.010198391,0.009186988,-0.002283927,0.37460535,0.95034615,-0.20756435
4,0.004373853,-0.003122058,0.032993047,-0.002600982,0.012448486,-0.009340248,-0.002148147,7.77E-05,0.3387741,0.2032412
4.02,0.004375407,0.003653424,0.037057871,-0.002281332,-0.009410848,0.008425504,-0.002014973,-0.2793129,-0.13059405,0.157446
4.04,-0.001210851,0.001041543,0.040206791,-0.001960384,0.011704253,-0.008851867,-0.001881002,-0.117377,-1.1434304,0.19160535
4.06,-0.003558391,-0.021827065,0.044038898,-0.001646675,-0.010401453,0.009115787,-0.001750087,0.3326932,0.82236625,-0.0382806
4.08,0.003095473,-0.00537974,0.043273286,-0.001328995,0.010893956,-0.007970626,-0.000942748,0.06242405,0.4051429,-0.3634651
4.1,0.004343954,0.002723118,0.036003984,-0.00100111,-0.01007103,0.00832574,0.000637075,-0.26658915,0.0812484,-0.16317485
4.12,-0.000987829,0.004348086,0.032740487,-0.000678771,0.013733046,-0.011087299,0.000623814,-0.4927958,0.1446541,0.3543411
4.14,-0.010843745,0.007241168,0.039827309,-0.000353544,-0.010209484,0.010008368,-0.002538455,-0.00220445,0.0012412,0.39009475
4.16,-0.010887834,0.007265992,0.047629204,-3.54E-05,0.010294526,-0.007905876,-0.004809297,0.3310991,-0.44622635,-0.5873472
4.18,-0.004265852,-0.001658535,0.03588226,0,-0.009076105,0.007879313,-0.004711225,0.0927127,0.3542409,-0.69129745
4.2,-0.002411598,0.005426283,0.022056311,0,0.012386546,-0.009632803,-0.004608352,-0.41736355,0.8149232,0.53814595
4.22,-0.010758869,0.021724747,0.03281923,0,-0.009814433,0.008460224,-0.00450913,-0.5504129,0.002119,0.36857065
4.24,-0.021767127,0.021767127,0.040190643,0,0.011594269,-0.009007349,-0.004411525,-0.0080521,1.10446055,-0.3532053
4.26,-0.021928169,0.043856338,0.033126537,0,-0.010089938,0.008664835,-0.004317549,0.0056113,-0.0112226,-0.37466575
4.28,-0.021815943,0.043631886,0.025633222,0,0.011580389,-0.00901624,-0.004218391,0.001816,-0.003632,-0.1849234
4.3,-0.021779623,0.043559246,0.021934754,0,-0.009846764,0.008445903,-0.004120299,-1.0903574,2.18071475,0.18359815
4.32,-0.043586771,0.087173541,0.025606717,0,0.011225243,-0.008747286,-0.004021087,-1.0966322,-1.0827063,-0.1805676
4.34,-0.065519415,0.065519415,0.021995365,0,-0.010306503,0.008800383,-0.003925267,-0.0009432,1.09324785,0.0003166
4.36,-0.065538279,0.087384372,0.022001697,0,0.011633411,-0.009100644,-0.003824938,0.02099865,1.0573069,-0.18922195
4.38,-0.065118306,0.10853051,0.018217258,0,-0.009701588,0.008286181,-0.003725202,-0.02856395,0.0476066,-0.3595506
4.4,-0.065689585,0.109482642,0.011026246,0,0.012366796,-0.009719453,-0.003626318,0.01208775,1.07065085,-0.002029
4.42,-0.06544783,0.130895659,0.010985666,0,-0.010061865,0.008559582,-0.003530408,-2.0972973,0.97278135,-0.0084897
4.44,-0.107393776,0.150351286,0.010815872,0,0.011255707,-0.008833845,-0.003431246,1.0087571,0.11406615,-0.17479415
4.46,-0.087218634,0.152632609,0.007319989,0,-0.010332481,0.008759521,-0.00333229,0.012247,2.1529101,-0.00102785
4.48,-0.086973694,0.195690811,0.007299432,0,0.011596871,-0.009132774,-0.003233092,-1.0485049,-0.06959925,-0.18378385
4.5,-0.107943792,0.194298826,0.003623755,0,-0.010349431,0.008752595,-0.003133995,-0.4794963,0.0795352,-0.09000535
4.52,-0.117533718,0.19588953,0.001823648,0,0.011291212,-0.008904057,-0.003036918,0.4798034,0.9992885,-0.05497575
4.54,-0.10793765,0.2158753,0.000724133,0,-0.009972829,0.008424948,-0.002937577,-0.05271605,0.1054321,-0.06661685
4.56,-0.108991971,0.217983942,-0.000608204,0,0.011472983,-0.009072547,-0.002843206,0.01000155,1.0679163,-0.0306061
4.58,-0.10879194,0.239342268,-0.001220326,0.0001473,-0.009565204,0.008072327,-0.002744229,0.0052984,-0.0116565,-0.12141725
4.6,-0.108685972,0.239109138,-0.003648671,0.000144278,0.011933031,-0.009468451,-0.002644748,-1.11048435,0.04331185,-0.36684975
4.62,-0.130895659,0.239975375,-0.010985666,0.000141223,-0.010581887,0.008880431,-0.002544167,1.06495785,0.0568465,-0.18656425
4.64,-0.109596502,0.241112305,-0.014716951,0.000138318,0.011253964,-0.008935263,-0.002448385,-1.020105,0.9442449,0.1903286
4.66,-0.129998602,0.259997203,-0.010910379,0.000135302,-0.009767361,0.008195841,-0.002349219,1.025798,0.13805695,-0.1895641
4.68,-0.109482642,0.262758342,-0.014701661,0.000132334,0.010612031,-0.007824439,-0.001035656,0.02828845,1.0212764,-0.17902245
4.7,-0.108916873,0.28318387,-0.01828211,0.000129332,-0.011996757,0.010578438,-0.000982274,-0.00594765,0.01546385,-0.00099835
4.72,-0.109035826,0.283493147,-0.018302077,-0.001602064,0.011257709,-0.008417171,-0.000928767,-0.01697495,0.0441349,-0.18643995
4.74,-0.109375325,0.284375845,-0.022030876,-0.029111895,-0.008310905,0.005878202,-0.004133326,0.02916925,-0.0758401,0.0058754
4.76,-0.10879194,0.282859043,-0.021913368,-0.009634345,0.015939409,-0.013895554,-0.004009941,-0.0137616,1.126452,-0.1858453
4.78,-0.109067172,0.305388083,-0.025630274,-0.009441373,-0.010844236,0.007945439,-0.00389035,-0.02393485,0.06701745,-0.00562455
4.8,-0.109545869,0.306728432,-0.025742765,-0.009244902,0.010875099,-0.009764484,-0.003768605,1.14153055,-0.1612515,0.0135333
4.82,-0.086715258,0.303503402,-0.025472099,-0.009059436,-0.010377807,0.007566534,-0.003653652,0.0465684,-0.1629894,-0.16631015
4.84,-0.08578389,0.300243614,-0.028798302,-0.008863395,0.011236751,-0.010057951,-0.003532139,-0.075249,0.2633716,-0.0252617
4.86,-0.08728887,0.305511046,-0.029303536,-0.008670483,-0.010855726,0.007957708,-0.003412582,1.1661696,0.7158173,0.03359705
4.88,-0.063965478,0.319827392,-0.028631595,-0.008471777,0.011008587,-0.009870426,-0.003289428,-0.0664205,-0.75612915,0.3355971
4.9,-0.065293888,0.304704809,-0.021919653,-0.008180484,-0.010237848,0.007455713,-0.003108926,1.03081785,-0.71504295,0.15857105
4.92,-0.044677531,0.29040395,-0.018748232,-0.007983839,0.009256879,-0.00844019,-0.002987043,0.0551638,-0.3585646,-0.8911144
4.94,-0.043574255,0.283232658,-0.03657052,-0.007791566,-0.010403723,0.007592435,-0.002867882,0.0074814,-1.13424485,-0.3581705
4.96,-0.043424627,0.260547761,-0.04373393,-0.007597468,0.011745462,-0.010468009,-0.002747591,-0.01728465,1.1979661,0.16626755
4.98,-0.04377032,0.284507083,-0.040408579,-0.007401887,-0.010917314,0.0080127,-0.002626394,1.12404,-1.45164195,0.59101825
5,-0.02128952,0.255474244,-0.028588214,-0.007209993,0.01066777,-0.009587767,-0.002507455,0.88276355,-0.78803875,0.1491484
5.02,-0.003634249,0.239713469,-0.025605246,-0.007013471,-0.009522037,0.006876406,-0.002385678,0.4538574,0.00344335,-0.54920925
5.04,0.005442899,0.239782336,-0.036589431,-0.006821488,0.011982135,-0.010658081,-0.002266519,0.2726848,2.20675645,-0.5533596
5.06,0.010896595,0.283917465,-0.047656623,-0.006626692,-0.01094795,0.008040598,-0.002145989,0.5439014,-0.04236845,0.372607
5.08,0.021774623,0.283070096,-0.040204483,-0.006431634,0.010658341,-0.00957715,-0.002025087,-0.0024316,-0.03161075,0.36916865
5.1,0.021725991,0.282437881,-0.03282111,-0.006238968,-0.00983329,0.007133126,-0.001905682,1.093039,-2.1355321,0.36071965
5.12,0.043586771,0.239727239,-0.025606717,-0.006044397,0.011648529,-0.010383126,-0.001785089,1.0797467,-1.1227444,-0.17846365
5.14,0.065181705,0.217272351,-0.02917599,-0.005849626,-0.01039325,0.00761697,-0.001715916,2.2296192,1.21153225,-0.3838002
5.16,0.109774089,0.241502996,-0.036851994,-0.005657344,0.010953013,-0.009759293,-0.001655554,-0.0391059,-0.086033,0.01312815
5.18,0.108991971,0.239782336,-0.036589431,-0.005461398,-0.010869472,0.008066178,-0.001594163,-0.0062553,-1.10243025,0.36757425
5.2,0.108866865,0.217733731,-0.029237946,-0.005266113,0.010875486,-0.009634752,-0.001532919,2.12348705,-2.2388805,0.19177615
5.22,0.151336606,0.172956121,-0.025402423,-0.005073805,-0.010619995,0.007924252,-0.001471163,1.1290439,-1.0389161,-0.0070599
5.24,0.173917484,0.152177799,-0.025543621,-0.004882827,0.010991828,-0.009669508,-0.001412702,2.16338995,-0.00740505,-0.36331075
5.26,0.217185283,0.152029698,-0.032809836,-0.004687208,-0.010627425,0.007990255,-0.001351284,1.1051045,-2.1631355,0.1799357
5.28,0.239287373,0.108766988,-0.029211122,-0.004494223,0.010626926,-0.009310972,-0.001290746,-0.041702,-0.01895545,0.18702395
5.3,0.238453333,0.108387879,-0.025470643,-0.004298572,-0.010605676,0.008033489,-0.001229357,1.2228376,-2.1330179,0.1702708
5.32,0.262910085,0.065727521,-0.022065227,-0.004102482,0.010893613,-0.009467044,-0.001167971,1.1036876,0.001899,-0.0006375
5.34,0.284983837,0.065765501,-0.022077977,-0.003905739,-0.010619234,0.008106104,-0.001106247,2.0883391,-1.1099376,0.00697225
5.36,0.326750619,0.043566749,-0.021938532,-0.003713685,0.011258129,-0.0097033,-0.001046015,1.0701778,-1.09035565,0.0011954
5.38,0.348154175,0.021759636,-0.021914624,-0.003515275,-0.011629315,0.008990989,-0.000983795,-0.13473615,-0.5459495,0.18968935
5.4,0.345459452,0.010840646,-0.018120837,-0.003326714,0.010335919,-0.008890617,-0.000924661,1.20999665,-0.7231341,0.35855305
5.42,0.369659385,-0.003622036,-0.010949776,-0.003134521,-0.009879379,0.007623751,-0.00086437,2.2029224,-0.90762935,-0.00075415
5.44,0.413717833,-0.021774623,-0.010964859,-0.002938407,0.011524947,-0.009799286,-0.000802864,1.0650115,-1.08635915,-0.36449995
5.46,0.435018063,-0.043501806,-0.018254858,-0.002743186,-0.011274275,0.008822567,-0.000741636,1.1163882,-1.0916656,0.36440555
5.48,0.457345827,-0.065335118,-0.010966747,-0.002546337,0.010806732,-0.009152146,-0.000679905,1.1647949,-1.10271435,0.1816213
5.5,0.480641725,-0.087389405,-0.007334321,-0.002351221,-0.010945446,0.008615897,-0.000618709,1.24441715,0.1567197,0.27675185
5.52,0.505530068,-0.084255011,-0.001799284,-0.002165554,0.010618479,-0.008938916,-0.000560471,1.15800495,-1.2944387,-0.0949163
5.54,0.528690167,-0.110143785,-0.00369761,-0.001968972,-0.010602266,0.008396009,-0.000498816,1.8790015,-1.02669765,0.0020909
5.56,0.566270197,-0.130677738,-0.003655792,-0.001775928,0.010471936,-0.008758319,-0.00043828,0.90447125,-2.1232927,0.09198065
5.58,0.584359622,-0.173143592,-0.001816179,-0.001579983,-0.012302323,0.009843291,-0.000376826,1.31205015,-1.15604475,0.18237985
5.6,0.610600625,-0.196264487,0.001831418,-0.001384839,0.009820158,-0.008165493,-0.0003156,0.07212095,-1.1161157,0.0918822
5.62,0.612043044,-0.218586801,0.003669062,-0.001193647,-0.012460844,0.010033145,-0.000255656,3.121415,-2.12494405,0.18174875
5.64,0.674471344,-0.261085682,0.007304037,-0.000994388,0.009834693,-0.00811612,-0.000193158,1.1358369,-1.1073488,0.00050335
5.66,0.697188082,-0.283232658,0.007314104,0.000228822,-0.012700564,0.010290569,-0.000131767,1.1472549,-2.2050303,0.1837361
5.68,0.72013318,-0.327333264,0.010988826,-0.008204197,0.006085595,-0.004983723,-4.27E-05,-0.9540053,-1.15966365,0.00215755
5.7,0.701053074,-0.350526537,0.011031977,0.020328132,-0.008418685,0.006864873,0,-1.13065535,0.01819865,0.1831026
5.72,0.678439967,-0.350162564,0.014694029,0.014984286,-0.008249294,0.006726746,0,1.01766685,-1.05356895,0.36494015
5.74,0.698793304,-0.371233943,0.021992832,-0.011282605,-0.008088958,0.006596003,0,1.1063884,-1.0997866,0.18379075
5.76,0.720921072,-0.393229675,0.025668647,0.0392646,-0.007915018,0.006454166,0,-0.21977155,0.69462855,-0.0453429
5.78,0.716525641,-0.379337104,0.024761789,-0.064963921,-0.007744249,0.006314915,0,3.3186107,-0.6055912,-0.14298635
5.8,0.782897855,-0.391448928,0.021902062,0.017660808,-0.007573169,0.006175412,0,4.33198695,-2.16599345,0.36444875
5.82,0.869537594,-0.434768797,0.029191037,0.013980485,-0.007403017,0.006036664,0,1.23294885,-2.25219985,0.00478265
5.84,0.894196571,-0.479812794,0.02928669,-0.014408188,-0.007232743,0.005897817,0,2.21063815,-2.19752775,0.1840842
5.86,0.938409334,-0.523763349,0.032968374,0.022641146,-0.007061685,0.005758331,0,1.31871695,-0.12411455,0.0078124
5.88,0.964783673,-0.52624564,0.033124622,-0.01220737,-0.006893079,0.005620844,0,-1.36186225,-0.94197465,-0.0093282
5.9,0.937546428,-0.545085133,0.032938058,0.017844241,-0.006731264,0.005488894,0,1.9139514,-0.93625655,-0.1909384
5.92,0.975825456,-0.563810264,0.02911929,-0.040907701,-0.006559101,0.005348507,0,1.1756447,-1.1378949,0.184997
5.94,0.99933835,-0.586568162,0.03281923,-0.053516114,-0.006388658,0.005209522,0,-1.2480477,-0.98555535,0.1762934
5.96,0.974377396,-0.606279269,0.036345098,-0.018275971,-0.006219634,0.005071695,0,0.2459279,-0.15302175,0.19181615
5.98,0.979295954,-0.609339704,0.040181421,-0.084432501,-0.00605207,0.004935057,0,-1.05512805,1.0678697,-0.18138475
6,0.958193393,-0.58798231,0.036553726,0.084322437,-0.005880399,0.004795071,0,-0.8972551,0.97300435,0.0074793
6.02,0.940248291,-0.568522223,0.036703312,-0.04517488,-0.005712065,0.004719144,0.000122667,0.89175555,-0.9696296,0.17505855
6.04,0.958083402,-0.587914815,0.040204483,0.045234328,-0.005541492,0.004578799,0.000120158,-6.03008045,4.07652375,-0.5390957
6.06,0.837481793,-0.50638434,0.029422569,-0.05864002,-0.005373434,0.004440523,0.000117687,3.84706465,-4.45269745,-0.22179625
6.08,0.914423086,-0.595438289,0.024986644,-0.016580683,-0.00520241,0.002731735,-0.002855308,1.1286436,2.44286565,0.71664685
6.1,0.936995958,-0.546580976,0.039319581,0.030952452,0.000342181,0.005901062,-0.018115814,2.69157955,-0.6725993,1.6495462
6.12,0.990827549,-0.560032962,0.072310505,-0.066334372,0.00033524,0.00653263,-0.019247075,-0.90301175,-3.34307645,-1.0755724
6.14,0.972767314,-0.626894491,0.050799057,-0.045116152,-0.003745959,0.00304561,-0.070381644,-0.7726574,-0.20312865,-1.62694825
6.16,0.957314166,-0.630957064,0.018260092,0.058893967,-0.003667792,-0.029296697,0.025290221,1.1947732,2.1115643,-0.3640054
6.18,0.98120963,-0.588725778,0.010979984,0.015210564,0.004136516,-0.004577026,0.030142202,2.15103225,2.196122,0.7312631
6.2,1.024230275,-0.544803338,0.025605246,-0.021866024,0.004054008,-0.004082635,-0.038055063,-0.8930615,-2.2945768,0.37224395
6.22,1.006369045,-0.590694874,0.033050125,0.017882308,0.003968571,-0.004503747,0.021614014,-3.2218882,-1.1327864,-0.1817459
6.24,0.941931281,-0.613350602,0.029415207,0.084963731,0.003883925,-0.003180492,-0.024881752,-4.35886665,2.1757318,-0.73499785
6.26,0.854753948,-0.569835966,0.01471525,-0.059378667,0.003799166,-0.002870218,0.020527729,-2.3387095,2.2870494,-0.3692153
6.28,0.807979758,-0.524094978,0.007330944,0.074240068,0.003713056,-0.006321147,0.042197102,-3.68166555,2.38810735,-0.0334044
6.3,0.734346447,-0.476332831,0.006662856,-0.041822222,0.003627854,-0.005436537,-0.065837785,-3.9670416,4.1664731,-0.14990085
6.32,0.655005615,-0.393003369,0.003664839,0.045071707,0.003542527,-0.009373519,-0.030234333,-5.93978405,0.34661085,-0.15721945
6.34,0.536209934,-0.386071152,0.00052045,0.044182969,0.003459803,-0.003962795,-0.045898342,-2.79500625,1.83774635,-0.2092539
6.36,0.480309809,-0.349316225,-0.003664628,0.007145613,0.003374572,-0.006586536,-0.023727636,-2.14799075,2.15856145,-0.1838229
6.38,0.437349994,-0.306144996,-0.007341086,-0.02033257,0.003291056,-0.006953889,-0.05720255,-3.3068709,2.2056295,-0.18273485
6.4,0.371212576,-0.262032406,-0.010995783,0.02632835,0.003204312,-0.002611445,-0.033845536,-2.1609493,-0.0181233,-0.73482675
6.42,0.32799359,-0.262394872,-0.025692318,-0.027855694,0.003119266,-0.005705003,-0.044901287,-2.4702026,0.18522935,-0.3854666
6.44,0.278589538,-0.258690285,-0.03340165,0.017981443,0.003034513,-0.010662007,-0.033815101,-0.7892846,0.88933795,-0.16794345
6.46,0.262803846,-0.240903526,-0.036760519,-0.029644709,0.002948164,-0.019797809,0.021995448,-1.15383035,0.05881435,0.1918799
6.48,0.239727239,-0.239727239,-0.032922921,-0.039400541,-0.011964124,0.01453311,-0.022079294,-2.23535305,0.0684622,-0.3543186
6.5,0.195020178,-0.238357995,-0.040009293,-0.020083063,0.009843302,-0.01847706,0.008623942,-3.19567105,2.084893,-0.3836017
6.52,0.131106757,-0.196660135,-0.047681327,-0.03112192,-0.024028156,0.02611376,-0.00810433,-2.2530102,2.30393335,-0.3240412
6.54,0.086046553,-0.150581468,-0.054162151,-0.011139247,0.009817279,-0.000323059,-0.01052753,-3.2130964,2.08291705,-0.21719805
6.56,0.021784625,-0.108923127,-0.058506112,0.030522126,-0.018024508,0.005731345,0.008901487,-3.27070015,1.0832186,-0.3702048
6.58,-0.043629378,-0.087258755,-0.065910208,-0.013011032,0.010349393,-0.004183165,-0.043319981,-2.1769578,2.1837244,1.10077505
6.6,-0.087168534,-0.043584267,-0.043894707,0.035878859,-0.007219628,-0.016736091,-0.00876775,-4.402713,1.90923645,-0.01115045
6.62,-0.175222794,-0.005399538,-0.044117716,-0.029362533,0.009874992,-0.010205906,-0.048079806,-2.0696029,1.35305115,-1.975471
6.64,-0.216614852,0.021661485,-0.083627136,0.013646987,-0.010044444,-0.013649648,-0.012291352,-4.4141183,2.18368165,-1.30201685
6.66,-0.304897218,0.065335118,-0.109667473,-0.03901526,0.010441911,-0.024069151,0.004326123,-1.06083765,1.08143035,0.55682165
6.68,-0.326113971,0.086963725,-0.09853104,0.021532258,0.015868211,-0.008212123,-0.073870274,-3.3444699,1.1101939,1.0784708
6.7,-0.393003369,0.109167603,-0.076961624,0.118032266,0.014735114,-0.011435689,-0.0320553,-2.1432169,-1.0997031,-0.54164165
6.72,-0.435867707,0.087173541,-0.087794457,-0.148049936,0.010048929,-0.008228141,-0.092004462,-2.1986336,1.09405455,-0.5526902
6.74,-0.479840379,0.109054632,-0.098848261,0.098289334,-0.014137747,-0.003471576,-0.060295182,-2.22178325,1.10071895,-0.5576946
6.76,-0.524276044,0.131069011,-0.110002153,-0.096237758,0.009577803,-0.01650951,0.005666885,-1.6549342,3.09341975,0.28247995
6.78,-0.557374728,0.192937406,-0.104352554,-0.097718739,-0.022359757,0.012545276,-0.000113808,-3.87316895,0.9337648,0.0672285
6.8,-0.634838107,0.211612702,-0.103007984,0.084322998,-0.005341373,-0.011006385,-0.019691899,-1.66933565,0.19718455,-0.0959847
6.82,-0.66822482,0.215556393,-0.104927678,-0.084168404,-0.005233513,0.01469507,0.011916286,-0.9508764,2.1079744,-0.70167195
6.84,-0.687242348,0.257715881,-0.118961117,0.036547761,-0.00512151,0.007789272,-0.046712158,-0.4972867,0.1864825,-0.26893255
6.86,-0.697188082,0.261445531,-0.124339768,-0.039204787,-0.005015379,0.01820051,-0.007866635,-2.22983215,2.1997619,0.7238393
6.88,-0.741784725,0.305440769,-0.109862982,-0.011742093,-0.004907447,0.004865168,-0.040043519,-2.1568933,1.08051555,0.0034727
6.9,-0.784922591,0.32705108,-0.109793528,-0.039270202,-0.004797819,0.007225412,-0.024615799,-1.1342638,0.01787575,-0.55556875
6.92,-0.807607867,0.327408595,-0.120904903,-0.022168357,-0.004687958,0.002843157,-0.059260851,1.1229829,1.0773082,-0.54426005
6.94,-0.785148209,0.348954759,-0.131790104,0.018809722,-0.004578209,0.006582406,-0.020210884,-2.00779335,1.0130111,0.20981485
6.96,-0.825304076,0.369214981,-0.127593807,-0.022253876,-0.004468432,0.002400858,-0.067564279,-1.3960927,0.1352007,0.5041126
6.98,-0.85322593,0.371918995,-0.117511555,0.027721251,-0.004358354,0.004150392,-0.027061865,-0.0637793,0.82453925,-0.31804745
7,-0.854501516,0.38840978,-0.123872504,-0.028038338,-0.004254335,0.004439673,-0.059579538,-1.76225215,-0.97452375,0.18330565
7.02,-0.889746559,0.368919305,-0.120206391,-0.024586413,-0.00414301,0.000649716,-0.02124526,1.21212805,0.4175834,-0.1360628
7.04,-0.865503998,0.377270973,-0.122927647,0.010366911,-0.004033572,0.019362389,0.016675371,-1.51186995,0.79906735,-0.0877909
7.06,-0.895741397,0.39325232,-0.124683465,-0.021817633,-0.003923612,0.002217982,-0.017109888,0.2870145,-0.12600635,-0.1422318
7.08,-0.890001107,0.390732193,-0.127528101,-0.05866424,0.00046514,-0.001344559,-0.01676292,-1.58372705,1.3108157,0.29863975
7.1,-0.921675648,0.416948507,-0.121555306,-0.022182666,0.000455654,-0.001320246,-0.016407681,2.6939211,-0.2372412,0.4333219
7.12,-0.867797226,0.412203683,-0.112888868,0.018241167,0.000446534,-0.001296869,-0.016066126,0.9731683,-1.03324895,-0.19744605
7.14,-0.84833386,0.391538704,-0.116837789,-0.022186532,0.00043718,-0.001272892,-0.015715799,-0.2913974,0.13449115,-0.04013305
7.16,-0.854161808,0.394228527,-0.11764045,0.021587919,0.000427745,-0.00124871,-0.015362464,1.28876155,-0.09174425,0.0273771
7.18,-0.828386577,0.392393642,-0.117092908,-0.020804487,0.000418273,-0.001224431,-0.015007725,0,0,0.18295765
7.2,-0.828386577,0.392393642,-0.113433755,0.01624305,0.000408972,-0.001200591,-0.014659407,2.5175028,0.9118372,0.2301719
7.22,-0.778036521,0.410630386,-0.108830317,-0.032584819,0.000399672,-0.004733318,-0.00719858,-0.33302915,0.1757654,0.3192898
7.24,-0.784697104,0.414145694,-0.102444521,-0.059145949,0.000390246,-0.004620947,-0.007021946,1.95481305,-2.06726365,-0.0310887
7.26,-0.745600843,0.372800421,-0.103066295,-0.023583314,0.000380958,-0.004510228,-0.006847909,1.4731684,-0.1940558,0.0536497
7.28,-0.716137475,0.368919305,-0.101993301,-0.065541144,0.000371539,-0.004397958,-0.006671432,1.1781554,-0.04945865,0.1953161
7.3,-0.692574367,0.367930132,-0.098086979,0.097333902,0.000361762,-0.004281412,-0.006488236,2.0844613,0.04523905,0.5342074
7.32,-0.650885141,0.368834913,-0.087402831,-0.083843816,0.000352317,-0.004168819,-0.006311252,0.98554465,-1.03004225,-0.0137891
7.34,-0.631174248,0.348234068,-0.087678613,0.049347767,0.000343069,-0.004058574,-0.00613796,2.0307798,-1.0072964,0.16183305
7.36,-0.590558652,0.32808814,-0.084441952,-0.031117359,0.000333649,-0.003946287,-0.005961457,2.4464372,-0.15550975,0.40368295
7.38,-0.541629908,0.324977945,-0.076368293,0.03281384,0.00032418,-0.003833412,-0.005784029,1.87138675,-1.9997054,0.3227349
7.4,-0.504202173,0.284983837,-0.069913595,0.032183486,0.000315244,-0.003726894,-0.005616595,2.31521725,-1.1663968,0.2016846
7.42,-0.457897828,0.261655901,-0.065879903,-0.012202569,0.000305734,-0.003613531,-0.005438402,1.01225585,0.0467863,-0.0117799
7.44,-0.437652711,0.262591627,-0.066115501,-0.01027857,0.000296228,-0.003500214,-0.00526028,5.53665755,-0.05279895,1.4766188
7.46,-0.32691956,0.261535648,-0.036583125,0.021056056,0.000282304,-0.003334226,-0.004999365,3.3200809,-2.22186815,0.37152545
7.48,-0.260517942,0.217098285,-0.029152616,-0.035961855,0.00027281,-0.00322106,-0.00482148,2.14607915,-3.23904165,-1.0990754
7.5,-0.217596359,0.152317452,-0.051134124,0.013304798,0.000263323,-0.002536241,-0.005787078,3.26656535,-0.00262,-0.54679755
7.52,-0.152265052,0.152265052,-0.062070075,-0.0244067,0.00025391,-0.002438044,-0.005582663,2.17583855,1.08660985,1.2781226
7.54,-0.108748281,0.173997249,-0.036507623,0.018911086,0.000244444,-0.004422596,-0.001210875,2.1603114,-2.1456571,0.90859095
7.56,-0.065542053,0.131084107,-0.018335804,-0.026697912,0.000234981,0.008845805,-0.027342593,2.18567785,-2.18850625,0.36719085
7.58,-0.021828496,0.087313982,-0.010991987,-0.034689348,0.000226042,-0.010900741,0.01252784,2.17959385,-0.01302295,-0.18101385
7.6,0.021763381,0.087053523,-0.014612264,-0.010336165,0.000216599,0.007245412,-0.014247439,2.1851636,-1.0793435,-0.1851223
7.62,0.065466653,0.065466653,-0.01831471,0.034785108,-0.000248082,-0.011833959,0.006232725,2.23161905,0.0296384,0.3613193
7.64,0.110099034,0.066059421,-0.011088324,-0.038428748,-0.000243143,-0.008126626,-0.000833353,1.0500086,-1.1179843,0.73779535
7.66,0.131099206,0.043699735,0.003667583,0.041091087,0.004059885,0.001121564,-0.025976977,2.09580365,-1.10364125,0.36114465
7.68,0.173015279,0.02162691,0.010890476,0.048788481,0.00397616,-0.007801623,0.041967392,5.4970567,-1.4446136,0.18617325
7.7,0.282956413,-0.007265362,0.014613941,-0.049319971,0.003891036,-0.005650369,-0.024494501,3.33912345,-0.7296659,0.18656855
7.72,0.349738882,-0.02185868,0.018345312,-0.011400997,0.003807784,0.01609868,-0.019133801,2.11134125,0.00414035,0.5447995
7.74,0.391965707,-0.021775873,0.029241302,0.011243689,0.00372788,0.001182685,-0.047981448,2.213895,-2.1830334,0.18550065
7.76,0.436243607,-0.065436541,0.032951315,-0.039080525,0.00364574,0.011767141,0.013490903,3.24157755,0.0039456,0.18085525
7.78,0.501075158,-0.065357629,0.03656842,0.013088697,-0.001056625,-0.009029451,-0.007964258,5.0864619,-2.11430065,0.1591023
7.8,0.602804396,-0.107643642,0.039750466,0.012702541,-0.001034868,-0.005562137,-0.001238458,3.73097665,-1.17353335,0.3966804
7.82,0.677423929,-0.131114309,0.047684074,-0.013201143,0.003883775,-0.001987168,0.013689541,0.84223655,-1.1583808,0.2054769
7.84,0.69426866,-0.154281925,0.051793612,0.026538068,0.022383429,-0.029810208,-0.012022756,2.39928015,-1.01830685,0.1586325
7.86,0.742254263,-0.174648062,0.054966262,-0.027870359,-0.007682797,0.011653107,0.0071105,2.24424925,-1.1068375,0.18778265
7.88,0.787139248,-0.196784812,0.058721915,-0.038663891,0.018052586,-0.036417652,0.009624505,2.28112595,-1.4142968,0.27511745
7.9,0.832761767,-0.225070748,0.064224264,-0.017047189,-0.012742887,0.023022698,-0.007321981,0.6114572,-1.74632275,0.2437402
7.92,0.844990911,-0.259997203,0.069099068,-0.028765545,0.012739337,-0.01207699,-0.037701508,1.28970415,-0.06191475,0.3818664
7.94,0.870784994,-0.261235498,0.076736396,-0.009502042,-0.02680314,0.031968457,-0.001181818,1.09872695,-1.0917299,-0.1818668
7.96,0.892759533,-0.283070096,0.07309906,-0.009311926,0.022289389,-0.003500007,0.042191997,2.31490115,0.28106365,0.2856563
7.98,0.939057556,-0.277448823,0.078812186,-0.034832275,-0.010426234,0.017005796,0.074771175,1.1362185,-0.33570095,-0.08809385
8,0.961781926,-0.284162842,0.077050309,-0.041761102,-0.010221605,-0.014208816,0.012250699,0.84763005,-1.0166172,-0.01921505
8.02,0.978734527,-0.304495186,0.076666008,-0.017115634,-0.010009293,-0.000305967,-0.05837775,-0.0308413,0.00959505,-0.00241585
8.04,0.978117701,-0.304303285,0.076617691,-0.030568026,-0.009799789,0.002400438,0.030529863,-5.2614499,2.1218337,-1.08367805
8.06,0.872888703,-0.261866611,0.05494413,-0.029946792,-0.009588548,-0.014505575,-0.00898366,0.0502671,-0.01508015,-1.46370025
8.08,0.873894045,-0.262168214,0.025670125,0.022573433,0.001534773,0.022590668,-0.028972196,5.31226285,-2.13820065,0.91009505
8.1,0.980139302,-0.304932227,0.043872026,0.032473425,-0.032307642,0.023260627,-0.04791368,0.49163265,4.24692295,4.4532206
8.12,0.989971955,-0.219993768,0.132936438,0.028667602,0.013210955,0.007947982,0.008286798,0.65788215,-4.2653272,2.138175
8.14,1.003129598,-0.305300312,0.175699938,-0.009661577,0.019974505,-0.014267462,0.018665793,-2.06184145,-4.41006375,-3.46424335
8.16,0.961892769,-0.393501587,0.106415071,0.016790647,0.009748856,-0.005057632,0.059782204,0.8870175,2.25937945,-4.58993075
8.18,0.979633119,-0.348313998,0.014616456,0.01645388,-0.014114762,0.0096397,-0.027826968,3.86281335,4.2045826,-0.5460281
8.2,1.056889386,-0.264222346,0.003695894,0.006260805,0.013921589,-0.030053,0.016630717,1.5952122,2.323181,3.28760995
8.22,1.08879363,-0.217758726,0.069448093,-0.008703742,-0.027254449,0.009583643,0.040075442,-2.0814178,-4.38322395,2.203523
8.24,1.047165274,-0.305423205,0.113518553,0.021661413,-0.006971432,-0.017203403,-0.001654782,-2.35412155,-4.295678,-1.844165
8.26,1.000082843,-0.391336765,0.076635253,0.03684396,-0.006827521,-0.016850232,-0.001624843,1.34600435,-2.2842879,-3.2815935
8.28,1.02700293,-0.437022523,0.011003383,0.010556165,-0.006617786,-0.007669592,0.015749233,-4.8469884,4.54762545,0.7205313
8.3,0.930063162,-0.346070014,0.025414009,-0.030939651,-0.012767161,-0.002373938,0.015402952,-8.53268675,4.2850534,1.6428939
8.32,0.759409427,-0.260368946,0.058271887,0.014581622,-0.00945607,-0.004786752,0.015049396,-5.5465738,2.21048145,0.5497983
8.34,0.648477951,-0.216159317,0.069267853,0.048745693,-0.016645892,0.001354503,0.014706579,0.1744228,-4.40458365,-2.1866506
8.36,0.651966407,-0.30425099,0.025534841,-0.036663865,-0.007170369,-0.010686709,0.023552057,0.33771845,-1.2554699,-0.72389815
8.38,0.658720776,-0.329360388,0.011056878,-0.035956786,-0.007032038,0.000186698,0.001786634,-1.29200315,1.1915884,1.4618901
8.4,0.632880713,-0.30552862,0.04029468,0.011955468,-0.006885843,0.003073386,0.007535698,-1.19277125,2.2258891,0.35839755
8.42,0.609025288,-0.261010838,0.047462631,0.015412615,0.019301863,-0.026050172,0.023022516,0.16676485,-1.1649717,-2.00603495
8.44,0.612360585,-0.284310272,0.007341932,-0.020344662,-0.009414706,-0.001512976,0.020730579,4.28145925,-2.14362165,-0.7332223
8.46,0.69798977,-0.327182705,-0.007322514,0.022474633,0.015343218,-0.011624715,-0.006658896,1.0968178,-1.0936193,0.4574436
8.48,0.719926126,-0.349055091,0.001826358,-0.023138566,-0.012316203,0.00945274,0.031623333,1.96548065,-3.15507265,0.6369141
8.5,0.759235739,-0.412156544,0.01456464,0.024252295,0.010668649,-0.0243832,0.000773312,-0.1664043,-0.9895343,-0.54697205
8.52,0.755907653,-0.43194723,0.003625199,-0.024470232,0.020211952,-0.004767903,0.011669214,-0.55838905,1.883659,-0.91659765
8.54,0.744739872,-0.39427405,-0.014706754,0.034799846,0.015988339,-0.019013615,-0.023474641,-1.0031567,1.0477865,-0.3704781
8.56,0.724676738,-0.37331832,-0.022116316,-0.012143278,-0.009711216,0.018763019,0.010402675,-3.30161015,-1.09342005,-0.184004
8.58,0.658644535,-0.395186721,-0.025796396,0.027891943,0.010170907,-0.011947883,-0.01834821,-3.4349054,1.18694855,0.0061657
8.6,0.589946427,-0.37144775,-0.025673082,-0.032545089,-0.009007144,0.014147266,0.017163466,-2.3227144,0.0936548,0.00647305
8.62,0.543492139,-0.369574654,-0.025543621,0.014387934,-0.024465506,0.003627262,-0.029155488,-2.27385125,-1.00881525,-0.35834835
8.64,0.498015114,-0.389750959,-0.032710588,-0.020176615,-0.023960742,0.005756299,0.048856376,-3.44750685,1.25228645,-0.34502565
8.66,0.429064977,-0.36470523,-0.039611101,0.021739168,-0.005118497,0.006265769,0.061280524,-2.8830004,0.7573806,-0.40309945
8.68,0.371404969,-0.349557618,-0.04767309,-0.026628633,-0.005012744,-0.015679122,-0.013455851,-2.4291979,1.33683035,-0.32568205
8.7,0.322821011,-0.322821011,-0.054186731,-0.036497641,0.002921081,0.003700961,-0.041322357,-0.9084317,-1.2676567,-0.03014865
8.72,0.304652377,-0.348174145,-0.054789704,-0.009909919,0.00286406,0.013991477,-0.010951738,-0.01222245,-1.0732027,0.00219815
8.74,0.304407928,-0.369638199,-0.054745741,0.012810838,0.002804321,0.002735109,-0.032675653,-0.2542913,1.2133271,-0.16131005
8.76,0.299322102,-0.345371657,-0.057971942,-0.038595469,0.002745167,0.021715756,-0.016561432,0.34026245,-0.2244086,-0.404701
8.78,0.306127351,-0.349859829,-0.066065962,0.012077268,0.002684614,0.001557356,0.032432705,0.13258815,-0.15152935,-0.769039
8.8,0.308779114,-0.352890416,-0.081446742,0.011831726,0.002624668,0.010191194,-0.004857194,-0.17130725,-0.89476655,0.04518575
8.82,0.305352969,-0.370785747,-0.080543027,0.006919444,-0.001114083,-0.008139721,-0.035713855,0.0263781,-0.0320306,-0.0069578
8.84,0.305880531,-0.371426359,-0.080682183,-0.011183128,-0.001091322,-0.002892317,-0.068631633,-1.12832605,-1.0427289,0.19310165
8.86,0.28331401,-0.392280937,-0.07682015,0.022355906,-0.001069623,0.005413247,-0.038278943,-1.1076721,0.0270042,-0.1773651
8.88,0.261160568,-0.391740853,-0.080367452,0.010944731,-0.001046634,-0.015534828,-0.012131993,-1.08473475,-0.0056197,-0.3665643
8.9,0.239465873,-0.391853247,-0.087698738,-0.011329209,-0.001023824,0.002647049,-0.018215415,-3.130985,0.8027565,-0.62428885
8.92,0.176846173,-0.375798117,-0.100184515,0.020265068,-0.001000936,-0.023784472,-0.02142714,-0.11643315,0.2474204,-0.1171238
8.94,0.17451751,-0.370849709,-0.102526991,-0.032619254,0.001181068,0.004536067,0.042615207,-3.2778421,0.01917195,0.3710896
8.96,0.108960668,-0.37046627,-0.095105199,0.022538785,0.001156699,-0.016721299,-0.004775831,-0.00187705,1.09561315,0.00163835
8.98,0.108923127,-0.348554007,-0.095072432,-0.020987964,0.001133567,-0.016396382,-0.004685252,-1.0827168,-0.0260579,-0.19021255
9,0.087268791,-0.349075165,-0.098876683,0.012466733,0.001108705,-0.009673518,0.00815836,-2.1829737,0.0100315,-0.1801583
9.02,0.043609317,-0.348874535,-0.102479849,-0.03112088,0.001084348,-0.009468348,0.007979838,-0.0203608,0.16288625,-0.49602585
9.04,0.043202101,-0.34561681,-0.112400366,-0.147882029,0.001060398,-0.009266613,0.007804305,-1.61543655,0.9423714,0.1350703
9.06,0.01089337,-0.326769382,-0.10969896,0.197585515,0.001036953,-0.005617775,0.014534603,-0.3267394,0.02342095,0.1904321
9.08,0.004358582,-0.326300963,-0.105890318,-0.117693511,0.001012578,-0.005485945,0.014208995,-0.1098438,-0.0177938,0.17699425
9.1,0.002161706,-0.326656839,-0.102350433,0.025581661,0.000988089,0.000942579,0.001290745,-0.17180975,0.08116045,-0.15643065
9.12,-0.001274489,-0.32503363,-0.105479046,0.1409823,-0.000728128,-0.013941138,0.022677851,-0.0449307,-0.2890951,-0.27891185
9.14,-0.002173103,-0.330815532,-0.111057283,-0.196795748,-0.000713232,-0.004278646,0.003461219,-0.10975675,1.20612615,-0.1466613
9.16,-0.004368238,-0.306693009,-0.113990509,0.085225783,-0.000698245,-0.000856777,0.010058316,-0.8874566,-0.14750875,2.3582894
9.18,-0.02211737,-0.309643184,-0.066824721,0.042078391,-0.000676541,0.01257901,-0.017060861,0.55884995,1.165961,0.1988146
9.2,-0.010940371,-0.286323964,-0.062848429,-0.018532684,-0.000661664,-0.008298778,0.010264005,-0.4475789,-1.59736105,-2.8676689
9.22,-0.019891949,-0.318271185,-0.120201807,-0.039600863,-0.009415096,0.003641895,0.000808348,-1.17775285,2.8794576,-1.4649729
9.24,-0.043447006,-0.260682033,-0.149501265,0.048885484,-0.009783358,0.007644023,0.008031193,-1.07910025,1.11211625,2.01738015
9.26,-0.065029011,-0.238439708,-0.109153662,-0.022585662,0.010587066,-0.008959344,0.007865436,-1.12608655,0.97814265,1.96744865
9.28,-0.087550742,-0.218876855,-0.069804689,0.028113907,-0.00858136,-0.006675932,0.034404859,-0.00277985,-1.1020289,-0.92128245
9.3,-0.087606339,-0.240917433,-0.088230338,-0.011187043,-0.022590492,0.012951722,0.005000354,0.0103434,-2.15654235,-1.45661615
9.32,-0.087399471,-0.28404828,-0.117362661,0.049315212,-0.022149897,0.012699529,0.004904091,0.0202917,1.1533684,0.0272483
9.34,-0.086993637,-0.260980912,-0.116817695,-0.014547436,-0.004482293,0.00150556,0.011008608,-2.1812056,1.07575195,1.45594785
9.36,-0.130617749,-0.239465873,-0.087698738,-0.083228131,0.018150834,-0.016903275,0.010775591,-1.0963593,-0.0123798,0.54415005
9.38,-0.152544935,-0.239713469,-0.076815737,0.098649861,-0.009609733,0.005780699,0.010541921,1.08885555,-0.0013771,-1.2808507
9.4,-0.130767824,-0.239741011,-0.102432751,-0.084257085,0.011995269,-0.011792611,0.010323003,-0.01581415,-0.02899255,-0.37910355
9.42,-0.131084107,-0.240320862,-0.110014822,0.034582755,-0.011988922,0.007811998,0.010089259,1.103354,-1.0660001,1.109
9.44,-0.109017027,-0.261640864,-0.087834822,0.008396095,0.011828491,-0.011562913,0.009858071,-2.26234865,3.16507175,1.43244995
9.46,-0.154264,-0.198339429,-0.059185823,-0.031057651,-0.008915145,0.005399357,0.009623747,0.0793758,0.1020546,-0.5187032
9.48,-0.152676484,-0.196298337,-0.069559887,0.017106842,0.012206258,-0.011779555,0.009404557,2.2267885,0.0822526,-1.24148115
9.5,-0.108140714,-0.194653285,-0.09438951,-0.042196448,-0.010095552,0.006452365,0.009174876,-0.05291555,0.99674225,0.5036973
9.52,-0.109199025,-0.17471844,-0.084315564,-0.039442133,0.011003333,-0.010705134,0.008940546,1.0995208,1.1051687,1.10514035
9.54,-0.087208609,-0.152615066,-0.062212757,-0.015004953,-0.009791136,0.006295618,0.008720954,-1.1159142,-0.0361292,0.53680725
9.56,-0.109526893,-0.15333765,-0.051476612,0.01685717,0.012416613,-0.011766339,0.008487878,0.0217315,0.0304241,-0.7222484
9.58,-0.109092263,-0.152729168,-0.06592158,-0.013105856,-0.009588557,0.006223805,0.008257633,0.0037618,1.0954368,-0.36370525
9.6,-0.109017027,-0.130820432,-0.073195685,0.018856227,0.011334183,-0.010790855,0.00802725,1.1389885,0.07322735,0.76473415
9.62,-0.086237257,-0.129355885,-0.057901002,-0.013355643,-0.010350281,0.006937846,0.007796649,-0.0505732,2.1053582,0.88135865
9.64,-0.087248721,-0.087248721,-0.040273829,0.016785692,0.011922434,-0.011177698,0.007566616,-1.10097485,-2.193657,-0.37064955
9.66,-0.109268218,-0.131121861,-0.04768682,-0.013996461,-0.009605414,0.006423318,0.007335893,1.11372905,1.1189907,-0.1710461
9.68,-0.086993637,-0.108742047,-0.051107742,0.017820613,0.011555141,-0.010785223,0.007105306,1.0776667,-0.01625625,0.1754331
9.7,-0.065440303,-0.109067172,-0.04759908,-0.013002289,-0.010434642,0.007189337,0.006890126,0.0235343,1.12205075,0.9259011
9.72,-0.064969617,-0.086626157,-0.029081058,0.016819157,0.011266076,-0.010458998,0.006656199,-1.11721825,-0.03439125,-0.0115454
9.74,-0.087313982,-0.087313982,-0.029311966,-0.01401711,-0.009825041,0.00678582,0.00642584,0.25363265,0.25363265,-0.60507955
9.76,-0.082241329,-0.082241329,-0.041413557,0.017308671,0.011238066,-0.01034404,0.006199128,1.9348541,-0.24235825,0.2434111
9.78,-0.043544247,-0.087088494,-0.036545335,-0.014423371,-0.010383984,0.007333424,0.005970228,-0.00664245,1.07864255,0.910846
9.8,-0.043677096,-0.065515643,-0.018328415,0.01691729,0.011708155,-0.010634197,0.005736842,-0.00908885,1.0828385,0.3642799
9.82,-0.043858873,-0.043858873,-0.011042817,-0.01413555,-0.009691065,0.006862256,0.005504508,0.00012675,0.00012675,-0.55207705
9.84,-0.043856338,-0.043856338,-0.022084358,0.016856426,0.011982902,-0.010765376,0.005276096,0.0024055,1.0976112,0.00121135
9.86,-0.043808228,-0.021904114,-0.022060131,-0.014090407,-0.010141804,0.007321921,0.005047438,1.6455924,-0.03950525,0.3411444
9.88,-0.01089638,-0.022694219,-0.015237243,0.017271695,0.011261186,-0.010086885,0.00482963,-0.5479261,0.590564,0.57999325
9.9,-0.021854902,-0.010882939,-0.003637378,-0.014387781,-0.009606252,0.006975489,0.004599513,0.00388895,-0.5447092,-0.00089975
9.92,-0.021777123,-0.021777123,-0.003655373,0.015439681,0.011952208,-0.010557507,0.004368876,0.54229465,0.54229465,-0.3674639
9.94,-0.01093123,-0.01093123,-0.011004651,-0.014707953,-0.009586132,0.007051909,0.004138929,0.28554705,0.1826552,0.3672749
9.96,-0.005220289,-0.007278126,-0.003659153,0.016697435,0.01190048,-0.010423038,0.003910959,0.19333,0.28115115,0.12221305
9.98,-0.001353689,-0.001655103,-0.001214892,-0.015460556,-0.009579687,0.007138983,0.003680802,-0.1124922,0.159216,0.02436135
10,-0.003603533,0.001529217,-0.000727665,0.015439474,0.011893725,-0.010324658,0.00345015,-0.03668395,-0.2286119,-0.14652185
10.02,-0.004337212,-0.003043021,-0.003658102,-0.015919454,-0.009800649,0.007412023,0.003220048,0.2168606,0.15215105,0.1829051
