0.02,0.001320587,0.005336408,0.000101111,-0.00041938,0.000136636,5.19E-05,0
0.04,0.001305142,0.005274627,9.85E-05,-0.00062907,0.000136636,5.19E-05,0
0.06,0.001235637,0.004957995,8.94E-05,-0.00041938,0.000136636,5.19E-05,0
0.08,0.001166133,0.004610472,7.78E-05,-0.00062907,0.000136636,5.19E-05,0
0.1,0.001104351,0.004139385,7.91E-05,-0.00041938,0.000136636,5.19E-05,0
0.12,0.001034846,0.003614239,7.78E-05,-0.00083876,0.000136636,5.19E-05,0
0.14,0.000849501,0.003089093,7.52E-05,-0.00041938,0.000136636,5.19E-05,0
0.16,0.000556037,0.002641175,7.39E-05,-0.00083876,0.000136636,5.19E-05,0
0.18,0.000131286,0.002270483,7.65E-05,-0.00041938,0.000136636,5.19E-05,0
0.2,-0.000501978,0.002038801,7.91E-05,-0.00083876,0.000136636,5.19E-05,0
0.22,-0.001444151,0.001915238,8.56E-05,-0.00041938,0.000136636,5.19E-05,0
0.24,-0.002849688,0.001868901,9.33E-05,-0.00083876,0.000136636,5.19E-05,0
0.26,-0.004818985,0.001822565,0.000111481,-0.00041938,0.000136636,5.19E-05,0
0.28,-0.007182142,0.001729892,0.000134814,-0.00083876,0.000136636,5.19E-05,0
0.3,-0.010363908,0.001505933,0.000165925,-0.00041938,0.000136636,5.19E-05,0
0.32,-0.01427161,0.001150687,0.000211295,-0.00083876,0.000136636,5.19E-05,0
0.34,-0.018920696,0.000617819,0.000269628,-0.00041938,0.000136636,5.19E-05,0
0.36,-0.02404859,-8.50E-05,0.000327961,-0.00083876,0.000136636,5.19E-05,0
0.38,-0.030141826,-0.000996233,0.000404442,-0.00041938,0.000136636,5.19E-05,0
0.4,-0.037092286,-0.002116029,0.000497775,-0.00083876,0.000136636,5.19E-05,0
0.42,-0.044490664,-0.003374834,0.00059759,-0.00041938,0.000136636,5.19E-05,0
0.44,-0.052707652,-0.004780372,0.000701293,-0.00083876,0.000136636,5.19E-05,0
0.46,-0.06151929,-0.006278582,0.000812774,-0.00041938,0.000136636,5.19E-05,0
0.48,-0.07081746,-0.007815406,0.000943699,-0.00083876,0.000136636,5.19E-05,0
0.5,-0.080872459,-0.009444902,0.001101847,-0.00041938,0.000136636,5.19E-05,0
0.52,-0.091506662,-0.011136181,0.00126129,-0.00083876,0.000136636,5.19E-05,0
0.54,-0.102936306,-0.012889241,0.0014324,-0.00041938,0.000136636,5.19E-05,0
0.56,-0.119887705,-0.015352793,0.001672214,-0.00083876,0.000136636,-0.000111418,0.000326688
0.58,-0.131556755,-0.016997735,0.001799251,-0.00041938,0.000136636,-0.000111418,-0.000326688
0.6,-0.144036691,-0.018634954,0.002006657,-0.00083876,0.000136636,-0.000193097,0.000163344
0.62,-0.157281178,-0.02031851,0.002312581,-0.00062907,0.000136636,-0.000274775,-0.000326688
0.64,-0.170046855,-0.02190167,0.002608135,-0.00083876,0.000136636,-0.000193097,0.000163344
0.66,-0.18365431,-0.023616117,0.002841468,-0.00062907,0.000136636,-0.000274775,0
0.68,-0.197887307,-0.025430959,0.003044985,-0.00062907,-0.000136636,-5.19E-05,-0.000326688
0.7,-0.21341,-0.027400256,0.003370354,-0.00062907,0.000136636,-0.000438133,0
0.72,-0.229241603,-0.029392721,0.0037735,-0.00041938,-0.000136636,-0.000215297,0
0.74,-0.246409238,-0.031555087,0.004144239,-0.00083876,-0.000136636,-0.000296976,-0.000163344
0.76,-0.264032514,-0.033810125,0.004443682,-0.00041938,-0.000136636,-0.000296976,-0.000163344
0.78,-0.282466678,-0.036080608,0.004767755,-0.00062907,-0.000136636,-0.000296976,-0.000163344
0.8,-0.301881628,-0.038358814,0.005213678,-0.00062907,-0.000136636,-0.000296976,-0.000163344
0.82,-0.321620933,-0.040567516,0.005736083,-0.00083876,-0.000136636,-0.000296976,-0.000163344
0.84,-0.34048757,-0.042621763,0.006165155,-0.00041938,-0.000136636,-0.000296976,-0.000163344
0.86,-0.359585888,-0.044629673,0.006548857,-0.00083876,-0.000136636,-0.000378655,0
0.88,-0.378923611,-0.046521743,0.006999966,-0.00041938,-0.000136636,-0.000378655,0
0.9,-0.398608857,-0.048282526,0.007562556,-0.00083876,-0.000136636,-0.000378655,0
0.92,-0.418402222,-0.049950636,0.008175701,-0.00041938,0.000136636,-0.000519812,-0.000163344
0.94,-0.437322917,-0.051472015,0.008712365,-0.00083876,-0.000136636,-0.000133618,0.000163344
0.96,-0.456089158,-0.052885275,0.009242548,-0.00041938,0.000136636,-0.000519812,0.000163344
0.98,-0.47488629,-0.054159526,0.009873841,-0.00083876,-0.000409909,-0.000155819,0
1,-0.493899658,-0.055310213,0.010553097,-0.00062907,0,-0.000490072,0.000326688
1.02,-0.511739171,-0.056352782,0.011171427,-0.00062907,-0.000546546,0.000118957,0
1.04,-0.530289176,-0.057325846,0.011796239,-0.00083876,0,-0.000490072,0.000326688
1.06,-0.548785121,-0.058159901,0.012465125,-0.00062907,-0.000683182,0.000230375,0
1.08,-0.56714978,-0.05886267,0.013223454,-0.00062907,0.000136636,-0.00060149,0.000326688
1.1,-0.585607111,-0.059403261,0.014038821,-0.00083876,-0.000819819,0.000260114,0.000163344
1.12,-0.602975537,-0.059719893,0.014795854,-0.00062907,0.000409909,-0.000906005,0.000163344
1.14,-0.620676041,-0.059889793,0.01553085,-0.00062907,-0.000956455,0.000289853,0.000326688
1.16,-0.637998131,-0.059858903,0.016312513,-0.00083876,0.000409909,-0.000906005,0.000163344
1.18,-0.654424384,-0.059689002,0.017179731,-0.00041938,-0.000819819,9.68E-05,0.000163344
1.2,-0.6708043,-0.059356925,0.018127319,-0.00083876,0.000136636,-0.000764848,0.000326688
1.22,-0.686195707,-0.058878115,0.019021759,-0.00083876,-0.000819819,9.68E-05,0.000163344
1.24,-0.700946127,-0.058206238,0.019866941,-0.00083876,0,-0.000735109,0.000163344
1.26,-0.714978332,-0.057287232,0.020778232,-0.00104845,-0.000956455,0.000126495,0.000326688
1.28,-0.728300046,-0.056105654,0.021812672,-0.00062907,0,-0.00065343,0.000326688
1.3,-0.74094216,-0.054646058,0.022900259,-0.00104845,-0.000956455,4.48E-05,0.000490032
1.32,-0.752055173,-0.05290072,0.023900995,-0.00062907,-0.000136636,-0.000623691,0.000490032
1.34,-0.766851929,-0.049803904,0.025072841,-0.00104845,-0.001093092,0.000156235,0.000163344
1.36,-0.775493667,-0.047255402,0.025720986,-0.00083876,-0.000136636,-0.000623691,0.000490032
1.38,-0.783787882,-0.044266705,0.026821536,-0.00083876,-0.001093092,0.000319592,0.000163344
1.4,-0.791062697,-0.040984543,0.028185233,-0.00083876,-0.000273273,-0.000593952,0.000326688
1.42,-0.79723316,-0.037617432,0.02940245,-0.00083876,-0.000956455,4.48E-05,0.000163344
1.44,-0.802283827,-0.033879629,0.030515963,-0.00083876,-0.000409909,-0.000482534,0.000326688
1.46,-0.806793903,-0.029678462,0.031651513,-0.00104845,-0.000956455,-3.69E-05,0.000326688
1.48,-0.810948734,-0.025091159,0.032800026,-0.00083876,-0.000546546,-0.000289437,0.000163344
1.5,-0.814593864,-0.020140887,0.034044464,-0.00104845,-0.000819819,1.51E-05,0.000326688
1.52,-0.817428107,-0.014812202,0.035387421,-0.00104845,-0.000683182,-0.000341377,0.000163344
1.54,-0.819196612,-0.009089657,0.036648711,-0.00104845,-0.000956455,0.000126495,0.000326688
1.56,-0.819937995,-0.003119984,0.037811483,-0.00104845,-0.000819819,-0.000229959,0.000163344
1.58,-0.819999777,0.003297607,0.039097403,-0.00104845,-0.000819819,-0.000229959,0.000163344
1.6,-0.819312453,0.010263512,0.040511655,-0.00104845,-0.000956455,-0.000118541,0.000163344
1.62,-0.817204147,0.01749199,0.041857204,-0.00104845,-0.000956455,-0.000118541,0.000163344
1.64,-0.813682581,0.024735913,0.043149605,-0.00104845,-0.000819819,-0.000229959,0.000163344
1.66,-0.808909932,0.032226964,0.044532747,-0.00104845,-0.000819819,-6.66E-05,0.000163344
1.68,-0.802901646,0.040204547,0.046037739,-0.00104845,-0.000819819,-0.00014828,0.000326688
1.7,-0.795634554,0.048529653,0.047492177,-0.00104845,-0.000819819,-6.66E-05,0.000163344
1.72,-0.787093212,0.05719456,0.048886985,-0.00104845,-0.000819819,-0.000229959,0.000163344
1.74,-0.777934051,0.065604616,0.050267534,-0.00104845,-0.000819819,-6.66E-05,0.000163344
1.76,-0.766859652,0.074980013,0.051793267,-0.00104845,-0.000956455,0.000126495,0.000326688
1.78,-0.754920307,0.084424916,0.053271038,-0.00104845,-0.000683182,-0.000259698,0
1.8,-0.741969284,0.094317737,0.054825289,-0.00104845,-0.001093092,-7.12E-06,0.000163344
1.82,-0.728871529,0.103986598,0.056345837,-0.00104845,-0.000956455,-3.69E-05,0
1.84,-0.7143219,0.114412288,0.057849534,-0.00104845,-0.001093092,7.46E-05,-0.000326688
1.86,-0.698845543,0.125247282,0.059303971,-0.00104845,-0.000819819,-0.00014828,0.000326688
1.88,-0.682867209,0.136167226,0.060853038,-0.00104845,-0.000956455,-3.69E-05,-0.000326688
1.9,-0.666070265,0.147473307,0.062514882,-0.00104845,-0.000819819,-6.66E-05,0.000163344
1.92,-0.648748175,0.15867127,0.064130059,-0.00104845,-0.000956455,-3.69E-05,-0.000326688
1.94,-0.630939553,0.169954182,0.065706348,-0.00104845,-0.000956455,-3.69E-05,0
1.96,-0.613540236,0.180881849,0.067210044,-0.00104845,-0.000819819,-6.66E-05,-0.000163344
1.98,-0.594604095,0.192558621,0.06875911,-0.00104845,-0.000956455,4.48E-05,-0.000163344
2,-0.575142808,0.20436668,0.070347066,-0.00104845,-0.000956455,-0.000118541,-0.000163344
2.02,-0.554847466,0.216522262,0.071998539,-0.00104845,-0.001229728,0.000185974,-0.000326688
2.04,-0.534644797,0.228461607,0.073598161,-0.00104845,-0.000819819,-0.00014828,-0.000326688
2.06,-0.513546291,0.240787088,0.07525482,-0.00083876,-0.001229728,0.000185974,-0.000326688
2.08,-0.493822431,0.252409801,0.076828516,-0.00104845,-0.000956455,-0.000118541,-0.000163344
2.1,-0.472299174,0.265059638,0.078473508,-0.00083876,-0.001093092,-7.12E-06,-0.000163344
2.12,-0.452057892,0.277091656,0.079988871,-0.00104845,-0.000956455,-0.00020022,0
2.14,-0.422781011,0.294460082,0.081924232,-0.00083876,-0.001229728,0.000185974,-0.000326688
2.16,-0.404709816,0.305658044,0.082944412,-0.00083876,-0.000956455,-0.000118541,-0.000163344
2.18,-0.388175445,0.315821161,0.084322368,-0.00062907,-0.001093092,-7.12E-06,-0.000163344
2.2,-0.370729792,0.326324078,0.086279766,-0.00083876,-0.001093092,-8.88E-05,0
2.22,-0.354303539,0.336224621,0.08806735,-0.00062907,-0.001093092,-0.00017048,0.000163344
2.24,-0.340085988,0.345144378,0.089314381,-0.00104845,-0.001229728,-5.91E-05,0.000163344
2.26,-0.325250618,0.355137594,0.090582153,-0.00062907,-0.001229728,-5.91E-05,0.000163344
2.28,-0.31030713,0.365895361,0.092032701,-0.00104845,-0.001229728,-5.91E-05,0.000163344
2.3,-0.295255523,0.376954314,0.093624545,-0.00083876,-0.001229728,-5.91E-05,0.000163344
2.32,-0.280559163,0.387673468,0.095130834,-0.00104845,-0.001229728,-5.91E-05,0.000163344
2.34,-0.266635075,0.397705298,0.09641805,-0.00062907,-0.001093092,-0.00017048,0.000163344
2.36,-0.252371188,0.408285442,0.097672859,-0.00083876,-0.001366365,5.24E-05,0.000163344
2.38,-0.238933632,0.419035486,0.098987297,-0.00062907,-0.001093092,-8.88E-05,0
2.4,-0.226476864,0.42970058,0.100336735,-0.00083876,-0.001366365,5.24E-05,0.000163344
2.42,-0.21572682,0.439184096,0.101566914,-0.00083876,-0.001093092,-0.00017048,-0.000163344
2.44,-0.205996177,0.448072961,0.102812649,-0.00083876,-0.001366365,5.24E-05,0.000163344
2.46,-0.197771466,0.45640579,0.104071346,-0.00083876,-0.001229728,-0.000140741,-0.000326688
2.48,-0.191585557,0.464004959,0.105177082,-0.00083876,-0.001366365,5.24E-05,-0.000163344
2.5,-0.186774295,0.471828088,0.106223188,-0.00062907,-0.001366365,0.000134034,0
2.52,-0.183461242,0.479079734,0.10722522,-0.00083876,-0.001366365,-2.93E-05,0
2.54,-0.181183036,0.485952966,0.108294659,-0.00062907,-0.001366365,5.24E-05,-0.000163344
2.56,-0.179908785,0.492246993,0.109418543,-0.00083876,-0.001503001,8.21E-05,0
2.58,-0.179607598,0.498046766,0.110420575,-0.00083876,-0.001366365,-2.93E-05,-0.000326688
2.6,-0.180009181,0.504008716,0.111335756,-0.00083876,-0.001503001,4.16E-07,-0.000163344
2.62,-0.180959077,0.509901161,0.112142048,-0.00083876,-0.001503001,0.000163773,-0.000490032
2.64,-0.182604019,0.515546478,0.112987229,-0.00104845,-0.001366365,5.24E-05,-0.000163344
2.66,-0.185075293,0.520998728,0.113917965,-0.00062907,-0.001639638,0.000193512,-0.000326688
2.68,-0.188133496,0.525887218,0.114787776,-0.00104845,-0.001503001,4.16E-07,-0.000163344
2.7,-0.192025753,0.530551748,0.115525365,-0.00041938,-0.001776274,0.00030493,-0.000326688
2.72,-0.196983747,0.534938261,0.116203324,-0.00104845,-0.001503001,0.000163773,-0.000163344
2.74,-0.203324111,0.53914715,0.116939617,-0.00062907,-0.001776274,0.000386609,-0.000490032
2.76,-0.211015953,0.542915844,0.117695354,-0.00062907,-0.001503001,4.16E-07,-0.000163344
2.78,-0.21937195,0.545865928,0.118300722,-0.00083876,-0.001776274,0.000386609,-0.000490032
2.8,-0.229295662,0.548507102,0.118893126,-0.00062907,-0.001503001,4.16E-07,-0.000163344
2.82,-0.240516793,0.550939763,0.11951016,-0.00104845,-0.001912911,0.000416348,-0.000326688
2.84,-0.252695542,0.553133019,0.120111639,-0.00062907,-0.001639638,0.000111834,-0.000163344
2.86,-0.265994088,0.555017366,0.120679414,-0.00083876,-0.001776274,0.000468288,0
2.88,-0.279501148,0.556500131,0.12116293,-0.00062907,-0.001639638,0.000193512,-0.000326688
2.9,-0.292992763,0.557704877,0.121624409,-0.00104845,-0.001912911,0.000416348,-0.000326688
2.92,-0.307720014,0.55878606,0.122114407,-0.00062907,-0.001776274,0.000386609,-0.000163344
2.94,-0.32274073,0.559651006,0.122606997,-0.00104845,-0.001776274,0.000386609,-0.000490032
2.96,-0.338734509,0.560407834,0.123080143,-0.00062907,-0.001912911,0.000416348,0
2.98,-0.354017798,0.560987039,0.123431438,-0.00125814,-0.001912911,0.000498027,-0.000490032
3,-0.375124027,0.561326839,0.123715325,-0.00104845,-0.001776274,0.000386609,0.000163344
3.02,-0.390144742,0.561404066,0.124139212,-0.00104845,-0.001776274,0.000386609,-0.000490032
3.04,-0.406323867,0.561373175,0.124664209,-0.00125814,-0.001912911,0.000498027,-0.000163344
3.06,-0.422433488,0.561326839,0.125110133,-0.00104845,-0.001912911,0.000416348,-0.000653376
3.08,-0.437956181,0.561172384,0.125305873,-0.00104845,-0.001912911,0.000416348,0
3.1,-0.454706789,0.560778525,0.12550939,-0.00125814,-0.001912911,0.000416348,-0.000653376
3.12,-0.472870657,0.560145261,0.125867166,-0.00104845,-0.001912911,0.000416348,-0.000326688
3.14,-0.492401448,0.559288037,0.126341609,-0.00125814,-0.001912911,0.000416348,-0.000653376
3.16,-0.512426494,0.558268637,0.126709755,-0.00104845,-0.001776274,0.00030493,-0.000326688
3.18,-0.532853123,0.557195177,0.126931421,-0.00125814,-0.001776274,0.000386609,-0.00081672
3.2,-0.553665888,0.555944094,0.127147901,-0.00125814,-0.001776274,0.000386609,-0.000163344
3.22,-0.573474698,0.554554002,0.127447344,-0.00125814,-0.001776274,0.000386609,-0.00081672
3.24,-0.594140731,0.552885892,0.127869934,-0.00125814,-0.001776274,0.000386609,-0.000163344
3.26,-0.614073104,0.551125109,0.128231599,-0.00125814,-0.001912911,0.000579706,-0.000653376
3.28,-0.633735182,0.549248485,0.12844808,-0.00125814,-0.001912911,0.000579706,-0.000653376
3.3,-0.652640432,0.547418197,0.128651597,-0.00125814,-0.001912911,0.000661385,-0.000490032
3.32,-0.671035982,0.545572464,0.129005485,-0.00125814,-0.001912911,0.000743063,-0.000653376
3.34,-0.688798268,0.543618612,0.129431964,-0.00125814,-0.001912911,0.000743063,-0.000653376
3.36,-0.705348084,0.541572088,0.129753444,-0.00125814,-0.001912911,0.000743063,-0.000653376
3.38,-0.722152751,0.53948695,0.130015294,-0.00125814,-0.001912911,0.000743063,-0.000653376
3.4,-0.738941972,0.537463594,0.130310849,-0.00125814,-0.001912911,0.000743063,-0.000653376
3.42,-0.755507234,0.53550202,0.130681587,-0.00125814,-0.001912911,0.000743063,-0.000653376
3.44,-0.772296456,0.533370546,0.131084734,-0.00125814,-0.001912911,0.000743063,-0.000653376
3.46,-0.788637758,0.531223626,0.131473621,-0.00125814,-0.001912911,0.000743063,-0.000653376
3.48,-0.804670152,0.529107597,0.131846952,-0.00125814,-0.001912911,0.000743063,-0.000653376
3.5,-0.820447695,0.52705335,0.132238432,-0.00125814,-0.001912911,0.000743063,-0.000653376
3.52,-0.835630588,0.525153558,0.132663615,-0.00125814,-0.001912911,0.000743063,-0.000653376
3.54,-0.849971703,0.52332327,0.133090094,-0.00125814,-0.001912911,0.000743063,-0.000653376
3.56,-0.864305095,0.521423478,0.133532129,-0.00125814,-0.001912911,0.000743063,-0.000653376
3.58,-0.877549582,0.519600913,0.133981942,-0.00125814,-0.001912911,0.000743063,-0.000653376
3.6,-0.890068132,0.517855576,0.134477125,-0.00125814,-0.001912911,0.000743063,-0.000653376
3.62,-0.901644509,0.516264693,0.135021566,-0.00125814,-0.001912911,0.000743063,-0.000653376
3.64,-0.912178316,0.514789651,0.135533601,-0.00125814,-0.001912911,0.000743063,-0.000653376
3.66,-0.921545991,0.513384113,0.136000265,-0.00125814,-0.001912911,0.000743063,-0.000653376
3.68,-0.930604757,0.511955408,0.136531744,-0.00125814,-0.001912911,0.000743063,-0.000653376
3.7,-0.939099763,0.510557593,0.137135815,-0.00125814,-0.001912911,0.000743063,-0.000653376
3.72,-0.947170019,0.509144333,0.137764516,-0.00125814,-0.001912911,0.000661385,-0.00081672
3.74,-0.954653347,0.507877805,0.138388032,-0.00125814,-0.001776274,0.000549967,-0.00081672
3.76,-0.961395293,0.506758008,0.138986918,-0.00125814,-0.002049547,0.000772802,-0.00081672
3.78,-0.967473084,0.50574633,0.139575433,-0.00125814,-0.001776274,0.000549967,-0.00081672
3.8,-0.973203351,0.504804157,0.140237837,-0.00125814,-0.002049547,0.000772802,-0.00081672
3.82,-0.978462532,0.503939211,0.14093913,-0.00125814,-0.001776274,0.000549967,-0.00081672
3.84,-0.982980331,0.503236442,0.141639127,-0.00125814,-0.002049547,0.000772802,-0.00081672
3.86,-0.986833975,0.502719019,0.142363753,-0.00125814,-0.001776274,0.000549967,-0.00081672
3.88,-0.989977127,0.50232516,0.143094861,-0.00125814,-0.002049547,0.000772802,-0.00081672
3.9,-0.993336516,0.501792291,0.143962079,-0.00125814,-0.001776274,0.000549967,-0.00081672
3.92,-0.994796112,0.501606946,0.14440541,-0.00125814,-0.001912911,0.000661385,-0.00081672
3.94,-0.995939077,0.501614668,0.145175406,-0.00125814,-0.002049547,0.000772802,-0.00081672
3.96,-0.996665014,0.501521996,0.146182623,-0.00125814,-0.001776274,0.000549967,-0.00081672
3.98,-0.996943032,0.501128136,0.146990212,-0.00125814,-0.002049547,0.000772802,-0.00081672
4,-0.996927587,0.500803781,0.147678542,-0.00125814,-0.001776274,0.000549967,-0.00081672
4.02,-0.996904419,0.50082695,0.148366872,-0.00125814,-0.002049547,0.000772802,-0.00081672
4.04,-0.996927587,0.500842395,0.149148535,-0.00125814,-0.001776274,0.000549967,-0.00081672
4.06,-0.996950755,0.500680218,0.150007975,-0.00125814,-0.002049547,0.000772802,-0.00081672
4.08,-0.997012537,0.500456258,0.150902415,-0.00125814,-0.001776274,0.000631645,-0.000653376
4.1,-0.996973923,0.500409922,0.151717782,-0.00125814,-0.002049547,0.000772802,-0.000490032
4.12,-0.996958478,0.500456258,0.152380186,-0.00125814,-0.001776274,0.000549967,-0.000490032
4.14,-0.997066596,0.500556654,0.15309833,-0.00125814,-0.002049547,0.000854481,-0.000653376
4.16,-0.997352337,0.500649327,0.15396166,-0.00125814,-0.001776274,0.000549967,-0.00081672
4.18,-0.997537683,0.500649327,0.154809433,-0.00125814,-0.002049547,0.000772802,-0.00081672
4.2,-0.997584019,0.500649327,0.155448504,-0.00125814,-0.001776274,0.000549967,-0.00081672
4.22,-0.997707583,0.500896454,0.155987761,-0.00125814,-0.002049547,0.000772802,-0.00081672
4.24,-0.998062828,0.501491105,0.156681276,-0.00125814,-0.001776274,0.000549967,-0.00081672
4.26,-0.998557083,0.502054864,0.157379976,-0.00125814,-0.002049547,0.000772802,-0.00081672
4.28,-0.999066784,0.502610901,0.157955529,-0.00125814,-0.001776274,0.000549967,-0.00081672
4.3,-0.999607375,0.50348357,0.158446823,-0.00125814,-0.002049547,0.000772802,-0.00081672
4.32,-1.000294698,0.50481188,0.158938117,-0.00125814,-0.001776274,0.000549967,-0.00081672
4.34,-1.001252317,0.50631009,0.159385337,-0.00125814,-0.002049547,0.000772802,-0.00081672
4.36,-1.002565182,0.508024537,0.15982089,-0.00125814,-0.001776274,0.000549967,-0.00081672
4.38,-1.00391666,0.510017002,0.160264222,-0.00125814,-0.002049547,0.000772802,-0.00081672
4.4,-1.005190911,0.512326099,0.160599961,-0.00125814,-0.001776274,0.000549967,-0.00081672
4.42,-1.006480607,0.514812819,0.1608307,-0.00125814,-0.002049547,0.000772802,-0.00081672
4.44,-1.008140995,0.517662507,0.161057551,-0.00125814,-0.001776274,0.000549967,-0.00081672
4.46,-1.009994451,0.520813382,0.161307735,-0.00125814,-0.002049547,0.000772802,-0.00081672
4.48,-1.011817016,0.524165048,0.161481438,-0.00125814,-0.001776274,0.000549967,-0.00081672
4.5,-1.013577799,0.527725228,0.161560512,-0.00125814,-0.002049547,0.000772802,-0.00081672
4.52,-1.015415809,0.531463031,0.161603289,-0.00125814,-0.001776274,0.000549967,-0.00081672
4.54,-1.017500947,0.535486575,0.161631808,-0.00125814,-0.002049547,0.000772802,-0.00081672
4.56,-1.019562917,0.539402,0.161633104,-0.00125814,-0.001776274,0.000549967,-0.00081672
4.58,-1.021740727,0.543742176,0.161622733,-0.00104845,-0.002049547,0.000772802,-0.00081672
4.6,-1.023933984,0.548290866,0.161563104,-0.00104845,-0.001776274,0.000549967,-0.00081672
4.62,-1.026219913,0.553055792,0.161398475,-0.00104845,-0.002049547,0.000772802,-0.00081672
4.64,-1.028459505,0.557728045,0.161175513,-0.00104845,-0.001776274,0.000549967,-0.00081672
4.66,-1.030853552,0.562886831,0.160940885,-0.00104845,-0.002049547,0.000772802,-0.00081672
4.68,-1.03319354,0.568122844,0.160691997,-0.00104845,-0.001776274,0.000631645,-0.000653376
4.7,-1.035518083,0.573559648,0.160369221,-0.00104845,-0.002049547,0.000854481,-0.000653376
4.72,-1.037819457,0.579112293,0.159975149,-0.00125814,-0.001776274,0.000631645,-0.000653376
4.74,-1.040066773,0.584780779,0.159591447,-0.00104845,-0.002049547,0.000772802,-0.00081672
4.76,-1.042344979,0.590781342,0.15915719,-0.00125814,-0.001776274,0.000549967,-0.00081672
4.78,-1.044515067,0.59668151,0.158680155,-0.00125814,-0.002049547,0.000772802,-0.00081672
4.8,-1.046692877,0.602790192,0.158173306,-0.00125814,-0.001776274,0.000549967,-0.00081672
4.82,-1.048654452,0.608589964,0.157679419,-0.00125814,-0.002049547,0.000772802,-0.00081672
4.84,-1.050569689,0.614744982,0.157118126,-0.00125814,-0.001776274,0.000549967,-0.00081672
4.86,-1.052338195,0.620822773,0.156552943,-0.00125814,-0.002049547,0.000772802,-0.00081672
4.88,-1.054060365,0.6271168,0.15595665,-0.00125814,-0.001776274,0.000549967,-0.00081672
4.9,-1.056199562,0.635912993,0.155154246,-0.00125814,-0.002049547,0.000772802,-0.00081672
4.92,-1.057265299,0.641457915,0.154762767,-0.00125814,-0.001776274,0.000549967,-0.00081672
4.94,-1.058137967,0.646593533,0.154215732,-0.00125814,-0.002049547,0.000772802,-0.00081672
4.96,-1.059018359,0.651922218,0.153386107,-0.00125814,-0.001776274,0.000549967,-0.00081672
4.98,-1.059821523,0.657420804,0.152511111,-0.00125814,-0.002049547,0.000772802,-0.00081672
5,-1.060369837,0.662679985,0.151870744,-0.00125814,-0.001776274,0.000549967,-0.00081672
5.02,-1.060601519,0.667776989,0.151388524,-0.00125814,-0.002049547,0.000772802,-0.00081672
5.04,-1.060562906,0.67261142,0.150805193,-0.00125814,-0.001776274,0.000549967,-0.00081672
5.06,-1.060393005,0.677862878,0.149983346,-0.00125814,-0.002049547,0.000772802,-0.00081672
5.08,-1.060161324,0.683500473,0.149105757,-0.00125814,-0.001776274,0.000549967,-0.00081672
5.1,-1.059798355,0.689022227,0.148397983,-0.00125814,-0.002049547,0.000772802,-0.00081672
5.12,-1.059157368,0.694165567,0.147840578,-0.00125814,-0.001776274,0.000549967,-0.00081672
5.14,-1.057998958,0.698930493,0.147263729,-0.00125814,-0.002049547,0.000772802,-0.00081672
5.16,-1.056330848,0.703564133,0.146565029,-0.00125814,-0.001776274,0.000549967,-0.00081672
5.18,-1.054230265,0.708220941,0.145784662,-0.00125814,-0.002049547,0.000772802,-0.00081672
5.2,-1.051959781,0.712537949,0.14506911,-0.00125814,-0.001776274,0.000549967,-0.00081672
5.22,-1.049364943,0.716237138,0.144510409,-0.00125814,-0.002049547,0.000772802,-0.00081672
5.24,-1.046082781,0.719388013,0.144006152,-0.00125814,-0.001776274,0.000549967,-0.00081672
5.26,-1.041966565,0.722222256,0.143378748,-0.00125814,-0.002049547,0.000772802,-0.00081672
5.28,-1.03748738,0.724793926,0.142731899,-0.00125814,-0.001776274,0.000549967,-0.00081672
5.3,-1.032815126,0.727164805,0.142187458,-0.00125814,-0.002049547,0.000772802,-0.00081672
5.32,-1.027833964,0.729010538,0.141723386,-0.00125814,-0.001776274,0.000549967,-0.00081672
5.34,-1.02222726,0.730385184,0.141259314,-0.00125814,-0.002049547,0.000772802,-0.00081672
5.36,-1.016041351,0.731435476,0.140800427,-0.00125814,-0.001776274,0.000549967,-0.00081672
5.38,-1.0092299,0.732215472,0.140315615,-0.00125814,-0.002049547,0.000772802,-0.00081672
5.4,-1.002572904,0.732647945,0.139925431,-0.00125814,-0.001776274,0.000549967,-0.00081672
5.42,-0.995483436,0.732725172,0.139638951,-0.00125814,-0.002049547,0.000772802,-0.00081672
5.44,-0.98766803,0.732555272,0.139373212,-0.00125814,-0.001776274,0.000549967,-0.00081672
5.46,-0.979188469,0.732076463,0.139060806,-0.00125814,-0.002049547,0.000772802,-0.00081672
5.48,-0.970060199,0.731257853,0.138752289,-0.00125814,-0.001776274,0.000549967,-0.00081672
5.5,-0.960576683,0.730029939,0.138563031,-0.00125814,-0.002049547,0.000772802,-0.00081672
5.52,-0.951139504,0.728516283,0.138490438,-0.00125814,-0.001776274,0.000549967,-0.00081672
5.54,-0.940605696,0.726523818,0.138430809,-0.00125814,-0.002049547,0.000772802,-0.00081672
5.56,-0.929678029,0.724075712,0.138320624,-0.00125814,-0.001776274,0.000549967,-0.00081672
5.58,-0.918070761,0.721017509,0.138242847,-0.00125814,-0.002049547,0.000772802,-0.00081672
5.6,-0.906054189,0.717333766,0.138253217,-0.00125814,-0.001776274,0.000549967,-0.00081672
5.62,-0.893829103,0.713032204,0.13830118,-0.00125814,-0.002049547,0.000772802,-0.00081672
5.64,-0.880600061,0.707989259,0.138395809,-0.00125814,-0.001776274,0.000549967,-0.00081672
5.66,-0.866961715,0.702398,0.138560438,-0.00104845,-0.002049547,0.000772802,-0.00081672
5.68,-0.847176074,0.693594085,0.138871548,-0.00125814,-0.001776274,0.000549967,-0.00081672
5.7,-0.833645846,0.686991148,0.139064695,-0.00125814,-0.002049547,0.000772802,-0.00081672
5.72,-0.820385913,0.680573557,0.139274694,-0.00104845,-0.002049547,0.000772802,-0.00081672
5.74,-0.807056476,0.674016957,0.139636359,-0.00125814,-0.002049547,0.000772802,-0.00081672
5.76,-0.792159325,0.666425511,0.140130245,-0.00104845,-0.002049547,0.000772802,-0.00081672
5.78,-0.7773394,0.658563769,0.140612465,-0.00104845,-0.002049547,0.000772802,-0.00081672
5.8,-0.761971162,0.650555295,0.141042833,-0.00104845,-0.002049547,0.000772802,-0.00081672
5.82,-0.745375009,0.642369198,0.141521164,-0.00083876,-0.002049547,0.000772802,-0.00081672
5.84,-0.727767178,0.633596173,0.142095421,-0.00125814,-0.002049547,0.000772802,-0.00081672
5.86,-0.709248064,0.623772857,0.142699492,-0.00083876,-0.002049547,0.000772802,-0.00081672
5.88,-0.69044321,0.61343984,0.14335023,-0.00125814,-0.002049547,0.000772802,-0.00081672
5.9,-0.67179281,0.603191774,0.143997078,-0.00083876,-0.002049547,0.000772802,-0.00081672
5.92,-0.651705982,0.592001534,0.144643927,-0.00146783,-0.002049547,0.000772802,-0.00081672
5.94,-0.631657767,0.580448326,0.145321887,-0.00104845,-0.002049547,0.000772802,-0.00081672
5.96,-0.61194163,0.568671158,0.146055587,-0.00167752,-0.002049547,0.000772802,-0.00081672
5.98,-0.592426284,0.556870822,0.146861879,-0.00125814,-0.002049547,0.000772802,-0.00081672
6,-0.572416683,0.544784745,0.147682431,-0.00167752,-0.002049547,0.000772802,-0.00081672
6.02,-0.553009456,0.533069359,0.14844076,-0.00125814,-0.002049547,0.000854481,-0.000653376
6.04,-0.533478664,0.521245855,0.149187424,-0.00167752,-0.002049547,0.000854481,-0.000653376
6.06,-0.514720146,0.509978388,0.149941864,-0.00146783,-0.002049547,0.000854481,-0.000653376
6.08,-0.497583402,0.499537253,0.150386492,-0.00167752,-0.002049547,0.000691124,-0.000653376
6.1,-0.479450425,0.488424241,0.151006118,-0.00125814,-0.001912911,0.000579706,-0.000653376
6.12,-0.459687952,0.477535187,0.152215557,-0.00167752,-0.001912911,0.000661385,-0.00081672
6.14,-0.438967859,0.465302378,0.153553328,-0.00125814,-0.002049547,0.000691124,-0.000653376
6.16,-0.41893509,0.452552146,0.154148325,-0.00167752,-0.002049547,0.000609445,-0.00081672
6.18,-0.399643704,0.44055102,0.154402398,-0.00125814,-0.001912911,0.000579706,-0.000326688
6.2,-0.380143803,0.429831866,0.15477573,-0.001887209,-0.001912911,0.000579706,-0.000980064
6.22,-0.359740343,0.418409944,0.155426467,-0.00125814,-0.001912911,0.000579706,-0.000326688
6.24,-0.340441233,0.406532381,0.156024057,-0.001887209,-0.001912911,0.000579706,-0.000980064
6.26,-0.322485879,0.394585313,0.156455722,-0.00125814,-0.001912911,0.000579706,-0.000326688
6.28,-0.305519035,0.383294678,0.156698128,-0.00167752,-0.001912911,0.000579706,-0.000653376
6.3,-0.289857333,0.373401857,0.15684072,-0.00125814,-0.001912911,0.000579706,-0.000326688
6.32,-0.276049087,0.364767842,0.156954793,-0.00167752,-0.001912911,0.000579706,-0.000653376
6.34,-0.264658056,0.357176395,0.157010534,-0.00167752,-0.001912911,0.000579706,-0.000326688
6.36,-0.254348207,0.349901581,0.156989793,-0.00146783,-0.001912911,0.000579706,-0.000653376
6.38,-0.245150432,0.343383595,0.156902942,-0.001887209,-0.001912911,0.000579706,-0.000326688
6.4,-0.236585922,0.337305804,0.156742202,-0.00167752,-0.001912911,0.000579706,-0.000653376
6.42,-0.229426948,0.331930782,0.156363685,-0.00167752,-0.001912911,0.000579706,-0.000326688
6.44,-0.223295098,0.326872392,0.155755725,-0.00167752,-0.001912911,0.000661385,-0.000490032
6.46,-0.217649781,0.32192212,0.155099802,-0.001887209,-0.001912911,0.000416348,-0.000326688
6.48,-0.212552777,0.317226698,0.154469805,-0.00167752,-0.002186184,0.000802542,-0.000653376
6.5,-0.208452006,0.312948304,0.153824253,-0.001887209,-0.001912911,0.000416348,-0.000326688
6.52,-0.20510034,0.30883981,0.152941479,-0.00167752,-0.00232282,0.000913959,-0.000326688
6.54,-0.202914806,0.305480422,0.151885003,-0.001887209,-0.001912911,0.000661385,-0.000490032
6.56,-0.201957187,0.302924197,0.150750749,-0.00146783,-0.002186184,0.000639184,-0.000326688
6.58,-0.202327879,0.301001237,0.149523163,-0.001887209,-0.002049547,0.000691124,-0.000653376
6.6,-0.203864702,0.299611145,0.14830465,-0.00167752,-0.002186184,0.000639184,-0.000326688
6.62,-0.20767201,0.298738476,0.147047249,-0.002096899,-0.002186184,0.000802542,-0.000653376
6.64,-0.211595158,0.298869762,0.145778181,-0.00167752,-0.002186184,0.000639184,-0.000326688
6.66,-0.216877507,0.299665204,0.143819487,-0.002096899,-0.002186184,0.000639184,-0.000653376
6.68,-0.222839457,0.301101632,0.141816719,-0.00146783,-0.002049547,0.000527766,-0.000326688
6.7,-0.230075658,0.303148156,0.140136727,-0.002096899,-0.002186184,0.000639184,-0.000653376
6.72,-0.238462546,0.305179235,0.138601919,-0.001887209,-0.002049547,0.000446087,-0.000163344
6.74,-0.247073393,0.306901404,0.136863594,-0.001887209,-0.00232282,0.000750602,-0.000326688
6.76,-0.257159282,0.309110106,0.134665087,-0.002096899,-0.002049547,0.000364409,-0.000326688
6.78,-0.267971108,0.312191476,0.132486023,-0.00167752,-0.002186184,0.000394148,-0.000163344
6.8,-0.280095799,0.316076011,0.130430107,-0.002096899,-0.00232282,0.000423887,-0.000326688
6.82,-0.293039099,0.32033896,0.128422154,-0.001887209,-0.00232282,0.000505566,-0.000490032
6.84,-0.306970909,0.325057549,0.126083647,-0.002096899,-0.00232282,0.000423887,-0.000326688
6.86,-0.320393019,0.329830198,0.123717918,-0.001887209,-0.00232282,0.000505566,-0.000490032
6.88,-0.334834529,0.335321061,0.121410521,-0.002096899,-0.00232282,0.000423887,-0.000326688
6.9,-0.350403559,0.341622811,0.119224976,-0.001887209,-0.00232282,0.000423887,-0.000653376
6.92,-0.366613575,0.348264362,0.116905914,-0.002096899,-0.00232282,0.000423887,-0.000326688
6.94,-0.383024382,0.355044921,0.114309445,-0.00167752,-0.00232282,0.000423887,-0.000653376
6.96,-0.399496972,0.362157558,0.111703902,-0.001887209,-0.00232282,0.000423887,-0.000326688
6.98,-0.416486984,0.369571382,0.109269469,-0.001887209,-0.00232282,0.000423887,-0.000653376
7,-0.432967296,0.376622237,0.106975036,-0.002096899,-0.00232282,0.000423887,-0.000326688
7.02,-0.450938095,0.384198238,0.104479678,-0.002096899,-0.00232282,0.000423887,-0.000653376
7.04,-0.468491867,0.391774239,0.102012838,-0.001887209,-0.00232282,0.000587245,-0.000326688
7.06,-0.486277321,0.39952014,0.099485072,-0.002096899,-0.00232282,0.000423887,-0.000653376
7.08,-0.503970102,0.407111586,0.096988418,-0.001887209,-0.002186184,0.000312469,-0.000653376
7.1,-0.522226642,0.415027387,0.094517689,-0.002096899,-0.002186184,0.000312469,-0.000653376
7.12,-0.539440614,0.422773288,0.092271218,-0.00167752,-0.002186184,0.000312469,-0.000653376
7.14,-0.556824486,0.430650476,0.0899716,-0.001887209,-0.002186184,0.000312469,-0.000653376
7.16,-0.574030735,0.438535386,0.08762013,-0.00167752,-0.002186184,0.000312469,-0.000653376
7.18,-0.591175202,0.446559306,0.085275141,-0.002096899,-0.002186184,0.000312469,-0.000653376
7.2,-0.607825414,0.454529166,0.083031263,-0.00167752,-0.002186184,0.000312469,-0.000653376
7.22,-0.623996816,0.462460413,0.080831459,-0.002306589,-0.002186184,0.00023079,-0.000490032
7.24,-0.639998319,0.470484332,0.078721099,-0.001887209,-0.002186184,0.00023079,-0.000490032
7.26,-0.655165766,0.478214788,0.07669759,-0.002516279,-0.002186184,0.00023079,-0.000490032
7.28,-0.670062918,0.485837125,0.074654637,-0.001887209,-0.002186184,0.00023079,-0.000490032
7.3,-0.684805615,0.493559858,0.07260261,-0.002306589,-0.002186184,0.00023079,-0.000490032
7.32,-0.698575248,0.5009119,0.070741138,-0.002096899,-0.002186184,0.00023079,-0.000490032
7.34,-0.711263698,0.507854637,0.069032628,-0.002306589,-0.002186184,0.00023079,-0.000490032
7.36,-0.723581457,0.514519355,0.067324117,-0.002096899,-0.002186184,0.00023079,-0.000490032
7.38,-0.735134665,0.520921501,0.065703755,-0.002306589,-0.002186184,0.00023079,-0.000490032
7.4,-0.745197386,0.526759887,0.064311539,-0.002306589,-0.002186184,0.00023079,-0.000490032
7.42,-0.754974366,0.532652332,0.062942657,-0.002306589,-0.002186184,0.00023079,-0.000490032
7.44,-0.763909568,0.538181809,0.061635997,-0.002516279,-0.002186184,0.00023079,-0.000490032
7.46,-0.774783176,0.545340782,0.060138782,-0.002096899,-0.002186184,0.00023079,-0.000490032
7.48,-0.780274039,0.549557394,0.059550266,-0.002306589,-0.002186184,0.00023079,-0.000490032
7.5,-0.78471461,0.553040347,0.058733604,-0.002306589,-0.002186184,0.000312469,-0.000653376
7.52,-0.788483304,0.556291617,0.057570831,-0.002306589,-0.002186184,0.000312469,-0.000653376
7.54,-0.791394774,0.55977457,0.056545466,-0.002306589,-0.002186184,0.00023079,-0.000490032
7.56,-0.793255953,0.562979504,0.056001024,-0.002516279,-0.002186184,0.000394148,-0.00081672
7.58,-0.794051394,0.565126424,0.055748248,-0.002306589,-0.002186184,0.00023079,-0.000490032
7.6,-0.79401278,0.566578297,0.055485101,-0.002516279,-0.002186184,0.000394148,-0.000490032
7.62,-0.793132389,0.568068785,0.055144177,-0.002096899,-0.00232282,0.000423887,-0.000653376
7.64,-0.791464279,0.569621054,0.054857697,-0.002306589,-0.00232282,0.000342208,-0.000490032
7.66,-0.789170627,0.570972532,0.054772141,-0.001887209,-0.002186184,0.000394148,-0.00081672
7.68,-0.785981138,0.571675301,0.054906956,-0.002306589,-0.002186184,0.000394148,-0.000163344
7.7,-0.781378389,0.571775697,0.055133806,-0.002096899,-0.002186184,0.000394148,-0.00081672
7.72,-0.775231094,0.571520846,0.055456582,-0.002306589,-0.002186184,0.000475827,-0.000326688
7.74,-0.768118457,0.571042037,0.055872692,-0.002096899,-0.002186184,0.000312469,-0.000653376
7.76,-0.759870578,0.570254318,0.056427504,-0.002096899,-0.002186184,0.000475827,-0.000653376
7.78,-0.750232608,0.56898779,0.057089908,-0.002096899,-0.00232282,0.000505566,-0.000490032
7.8,-0.738725736,0.567111166,0.057852126,-0.001887209,-0.00232282,0.000423887,-0.000653376
7.82,-0.725589367,0.564609,0.05874527,-0.002096899,-0.002186184,0.000394148,-0.000490032
7.84,-0.711634389,0.561751589,0.059771932,-0.002096899,-0.00232282,0.000423887,-0.000653376
7.86,-0.696791296,0.558384478,0.060878964,-0.002306589,-0.00232282,0.000587245,-0.000653376
7.88,-0.681307217,0.554600339,0.061969143,-0.002096899,-0.00232282,0.000423887,-0.000653376
7.9,-0.665012251,0.550267885,0.063163027,-0.002306589,-0.002459457,0.000780341,-0.00081672
7.92,-0.647751943,0.545464346,0.064518946,-0.002096899,-0.002186184,0.000394148,-0.00081672
7.94,-0.629943321,0.540166551,0.065955235,-0.002306589,-0.00232282,0.000668923,-0.00081672
7.96,-0.611910739,0.534629351,0.067408376,-0.002306589,-0.002186184,0.000475827,-0.000653376
7.98,-0.593167667,0.52886047,0.068928924,-0.002516279,-0.00232282,0.000587245,-0.000653376
8,-0.57460994,0.523269211,0.070444287,-0.002306589,-0.00232282,0.000505566,-0.00081672
8.02,-0.554940139,0.517353598,0.072028354,-0.002516279,-0.00232282,0.000587245,-0.000653376
8.04,-0.535278061,0.511391648,0.073555383,-0.002306589,-0.00232282,0.000587245,-0.000653376
8.06,-0.515407469,0.505437421,0.075052598,-0.002306589,-0.00232282,0.000505566,-0.000490032
8.08,-0.497343997,0.500016063,0.07578241,-0.002096899,-0.002186184,0.000557505,-0.00081672
8.1,-0.480353985,0.494996286,0.076280185,-0.002306589,-0.002459457,0.000698662,-0.000653376
8.12,-0.462182394,0.490463042,0.078017214,-0.002096899,-0.002186184,0.000557505,-0.00081672
8.14,-0.441176561,0.484949011,0.081259235,-0.002306589,-0.00232282,0.000668923,-0.000490032
8.16,-0.42051825,0.477643306,0.084391072,-0.002306589,-0.002186184,0.000475827,-0.000653376
8.18,-0.401412209,0.469881959,0.085483844,-0.002306589,-0.002459457,0.000698662,-0.000653376
8.2,-0.380916076,0.463634268,0.085426807,-0.002096899,-0.00232282,0.000423887,-0.000653376
8.22,-0.358859951,0.459031519,0.086186433,-0.002306589,-0.00232282,0.000587245,-0.000653376
8.24,-0.337105013,0.453949961,0.088116609,-0.002096899,-0.002459457,0.000616984,-0.000490032
8.26,-0.316423534,0.446960888,0.090211414,-0.002306589,-0.002459457,0.000616984,-0.000490032
8.28,-0.286467053,0.434442338,0.091423445,-0.002096899,-0.002459457,0.000535305,-0.000653376
8.3,-0.268017444,0.427252474,0.091590666,-0.002516279,-0.002459457,0.000535305,-0.000653376
8.32,-0.251552578,0.421668938,0.092481217,-0.002096899,-0.002596093,0.000646723,-0.000653376
8.34,-0.237365918,0.417344207,0.093772322,-0.002516279,-0.002459457,0.000535305,-0.000653376
8.36,-0.223727571,0.412169976,0.094688799,-0.002306589,-0.002596093,0.000728402,-0.00081672
8.38,-0.210938726,0.406215749,0.094966205,-0.002306589,-0.002596093,0.000646723,-0.000653376
8.4,-0.197925921,0.39985994,0.095479536,-0.002306589,-0.002596093,0.000728402,-0.000490032
8.42,-0.185306975,0.394245513,0.096361013,-0.002096899,-0.00232282,0.000587245,-0.000653376
8.44,-0.172850207,0.388870491,0.09693527,-0.002516279,-0.002596093,0.000728402,-0.000490032
8.46,-0.15943582,0.382970323,0.096845826,-0.002096899,-0.00232282,0.000505566,-0.00081672
8.48,-0.144778073,0.376220655,0.096735641,-0.002306589,-0.002596093,0.000728402,-0.000490032
8.5,-0.129440726,0.368783663,0.096963788,-0.002306589,-0.00232282,0.000342208,-0.00081672
8.52,-0.114512683,0.360883307,0.097234713,-0.002516279,-0.002459457,0.000698662,-0.000653376
8.54,-0.100001668,0.353152852,0.097142676,-0.002096899,-0.002186184,0.000312469,-0.000980064
8.56,-0.085336198,0.345422396,0.096769345,-0.002516279,-0.002459457,0.000698662,-0.000653376
8.58,-0.07138122,0.337861841,0.09628194,-0.002306589,-0.002186184,0.000312469,-0.000980064
8.6,-0.059024847,0.330339899,0.095821757,-0.002306589,-0.002459457,0.000616984,-0.000490032
8.62,-0.047749657,0.32268667,0.095383611,-0.002306589,-0.00232282,0.000342208,-0.00081672
8.64,-0.037084563,0.314685919,0.094760095,-0.002306589,-0.00232282,0.000342208,-0.000490032
8.66,-0.027763225,0.307202591,0.093995284,-0.002306589,-0.002459457,0.000453626,-0.00081672
8.68,-0.019685246,0.300259854,0.093089177,-0.002516279,-0.002459457,0.000290269,-0.000490032
8.7,-0.012673005,0.293687808,0.092050849,-0.002306589,-0.00232282,0.00026053,-0.000980064
8.72,-0.006602937,0.287409227,0.091007336,-0.002516279,-0.00232282,0.000342208,-0.000490032
8.74,-0.000409305,0.280404708,0.089892526,-0.002306589,-0.00232282,0.000178851,-0.00081672
8.76,0.005730268,0.273191675,0.08876605,-0.002306589,-0.00232282,0.000342208,-0.000490032
8.78,0.011854395,0.265662011,0.08755013,-0.002306589,-0.00232282,0.00026053,-0.000653376
8.8,0.017885849,0.258348583,0.086081434,-0.002306589,-0.00232282,0.000342208,-0.000490032
8.82,0.023870967,0.251027432,0.084432553,-0.002096899,-0.002459457,0.000371947,-0.000980064
8.84,0.029686185,0.243613609,0.082783672,-0.002306589,-0.002459457,0.000371947,-0.000653376
8.86,0.035169326,0.236292458,0.081287753,-0.002306589,-0.002459457,0.000371947,-0.000980064
8.88,0.040667911,0.22833032,0.079720539,-0.002096899,-0.002459457,0.000290269,-0.000490032
8.9,0.045703133,0.220422242,0.078000362,-0.002306589,-0.002459457,0.000371947,-0.000980064
8.92,0.049973804,0.212637727,0.076072779,-0.002306589,-0.002459457,0.000290269,-0.000490032
8.94,0.053479925,0.205193012,0.074080381,-0.002306589,-0.00232282,0.00026053,-0.000653376
8.96,0.056221495,0.197933644,0.07213465,-0.002096899,-0.00232282,0.000178851,-0.000490032
8.98,0.058383861,0.191129916,0.070340584,-0.002516279,-0.00232282,0.000178851,-0.000490032
9,0.060183257,0.183862824,0.06838189,-0.002096899,-0.00232282,9.72E-05,-0.000653376
9.02,0.061388004,0.17684286,0.066363567,-0.002935659,-0.00232282,9.72E-05,-0.000653376
9.04,0.062021268,0.170100914,0.064264873,-0.002306589,-0.00232282,9.72E-05,-0.000653376
9.06,0.062245227,0.163706491,0.062113032,-0.002516279,-0.00232282,0.000178851,-0.000490032
9.08,0.06225295,0.157165337,0.059927487,-0.002725969,-0.00232282,0.000178851,-0.000490032
9.1,0.062222059,0.150670518,0.057843052,-0.002096899,-0.00232282,0.00026053,-0.000653376
9.12,0.062137109,0.14409075,0.055791025,-0.002725969,-0.002459457,0.000290269,-0.00081672
9.14,0.062113941,0.137541872,0.053621036,-0.002516279,-0.002459457,0.00020859,-0.000653376
9.16,0.062021268,0.131054777,0.051304566,-0.002516279,-0.002459457,0.000290269,-0.000490032
9.18,0.061735527,0.12235898,0.048648467,-0.002516279,-0.002459457,0.000453626,-0.00081672
9.2,0.061318499,0.116597821,0.047349585,-0.002725969,-0.002459457,0.000290269,-0.00081672
9.22,0.060978699,0.110991117,0.045624223,-0.002935659,-0.002459457,0.00020859,-0.000653376
9.24,0.060515335,0.105229958,0.042907199,-0.002935659,-0.002596093,0.000401687,-0.000490032
9.26,0.059588607,0.100140677,0.040151286,-0.003145349,-0.00232282,0.000178851,-0.000490032
9.28,0.058090397,0.095730997,0.038302777,-0.002725969,-0.002596093,0.000483365,-0.000653376
9.3,0.056260109,0.091259534,0.036773155,-0.003145349,-0.002459457,0.00020859,-0.000653376
9.32,0.054638335,0.086309263,0.03472372,-0.002516279,-0.002459457,0.00020859,-0.000653376
9.34,0.053086066,0.080733449,0.032285399,-0.003145349,-0.002596093,0.000401687,-0.000490032
9.36,0.050923701,0.075474268,0.030219112,-0.002516279,-0.00232282,0.000178851,-0.000490032
9.38,0.048035398,0.070670729,0.028655787,-0.002935659,-0.002596093,0.000401687,-0.000490032
9.4,0.045371056,0.066191543,0.026990054,-0.002725969,-0.00232282,0.000178851,-0.000490032
9.42,0.042884336,0.061133153,0.024730621,-0.002935659,-0.002596093,0.000401687,-0.000490032
9.44,0.040590684,0.0561211,0.022686371,-0.002725969,-0.00232282,0.000178851,-0.000490032
9.46,0.038034459,0.051510628,0.021221564,-0.003145349,-0.002596093,0.000401687,-0.000490032
9.48,0.035431898,0.047471639,0.019965459,-0.002725969,-0.00232282,0.000178851,-0.000490032
9.5,0.032991515,0.043440372,0.018242689,-0.003355039,-0.002596093,0.000401687,-0.000490032
9.52,0.030937268,0.039640788,0.016306032,-0.002935659,-0.00232282,0.000178851,-0.000490032
9.54,0.029068367,0.036435854,0.014878817,-0.003355039,-0.002596093,0.000401687,-0.000490032
9.56,0.026867388,0.033462602,0.0137666,-0.002935659,-0.00232282,0.000178851,-0.000490032
9.58,0.024589181,0.030543409,0.012542902,-0.003355039,-0.002596093,0.000401687,-0.000490032
9.6,0.022643053,0.027747779,0.011037909,-0.002935659,-0.00232282,0.000178851,-0.000490032
9.62,0.020897715,0.025276505,0.009685879,-0.003355039,-0.002596093,0.000401687,-0.000490032
9.64,0.018974755,0.023098694,0.008673476,-0.002935659,-0.00232282,0.000178851,-0.000490032
9.66,0.01684328,0.020897715,0.007766073,-0.003355039,-0.002596093,0.000401687,-0.000490032
9.68,0.01483537,0.018588618,0.006713486,-0.002935659,-0.00232282,0.000178851,-0.000490032
9.7,0.013360328,0.01650348,0.00574775,-0.003355039,-0.002596093,0.000401687,-0.000490032
9.72,0.011769445,0.014534183,0.004973865,-0.002935659,-0.00232282,0.000178851,-0.000490032
9.74,0.010039553,0.012842905,0.004355534,-0.003355039,-0.002596093,0.000401687,-0.000490032
9.76,0.008309661,0.011236576,0.003655538,-0.002935659,-0.00232282,0.000178851,-0.000490032
9.78,0.006873232,0.009630248,0.00286869,-0.003355039,-0.002596093,0.000401687,-0.000490032
9.8,0.005838386,0.008255601,0.002302211,-0.002935659,-0.00232282,0.000178851,-0.000490032
9.82,0.004865322,0.007151251,0.00200925,-0.003355039,-0.002596093,0.000401687,-0.000490032
9.84,0.003915426,0.006255414,0.001670918,-0.002935659,-0.00232282,0.000178851,-0.000490032
9.86,0.003096816,0.005490863,0.001182216,-0.003355039,-0.002596093,0.000401687,-0.000490032
9.88,0.002610284,0.004942549,0.000773885,-0.002935659,-0.00232282,0.000178851,-0.000490032
9.9,0.002270483,0.004610472,0.000611849,-0.003355039,-0.002596093,0.000401687,-0.000490032
9.92,0.00189207,0.004355621,0.000567775,-0.002935659,-0.00232282,0.000178851,-0.000490032
9.94,0.001544547,0.004108494,0.000407035,-0.003355039,-0.002596093,0.000401687,-0.000490032
9.96,0.001390092,0.003915426,0.00021648,-0.002935659,-0.00232282,0.000178851,-0.000490032
9.98,0.001351478,0.003861366,0.000145184,-0.003355039,-0.002596093,0.000401687,-0.000490032
10,0.001312865,0.003884535,0.000145184,-0.002935659,-0.00232282,0.000178851,-0.000490032
10.02,0.001204746,0.003861366,0.000114074,-0.003355039,-0.002596093,0.000401687,-0.000490032
